progress_percentage,pending_task_ratio,delay_days,budget_utilization,resource_availability,bugs_per_task,testing_progress,testing_failure_rate,requirement_change_rate,team_productivity,dependency_delay,critical_dependency_count,security_audit_progress,external_risk_score,schedule_variance,resource_pressure,dependency_risk_score,true_risk_probability,is_high_risk,risk_level
41.83591010202581,0.6233306932500889,8.966910149256043,0.4980787339827673,0.8811388136436862,2.6989832612020765,32.223304251798915,0.399596498127452,0.8367769160353676,1.0907464140809524,18.6855315217434,6,27.38896240058536,0.05459464589706866,2.810530060037664,0.4899571261595152,1.0,0.7328791779952122,1,HIGH
90.81071604484288,0.1435100864275758,5.683735978313035,1.0470399865411175,0.6871545241292483,5.4413022510048625,79.70877719347277,0.42547060518725405,0.9668656945226799,1.1033112499411695,15.312333033885961,10,81.47791637700665,0.13729962599738318,-2.423780150920652,0.5410232570199155,1.0,0.549419071660262,0,MEDIUM
72.21948505396944,0.3222535067405815,6.3281440413793515,0.7939237252312732,0.7018177765060725,2.309876464976824,59.46883140240331,0.3543692457716407,1.739580256937208,0.7728031466239546,5.803298886389676,2,53.06919635891375,0.32622617372637724,-1.144218159648343,0.608400088611182,0.3721319554555871,0.36078229599808326,0,MEDIUM
60.88597115674811,0.39830674293293883,5.493467294426979,0.5843928178599558,0.8853677440714044,3.627645538203511,53.17126613331962,0.3113878505882781,1.91607064921089,1.022028522734998,16.90179321045059,10,56.76563614119766,0.30554616429560666,-0.05122395578011463,0.37110175535936285,1.0,0.42503453088348303,0,MEDIUM
23.261584437607105,0.7515970819993428,7.4645390014440265,0.2578207787882878,0.6897338172385635,3.6974625156424397,18.61415006291984,0.18383167280168727,1.5802296329327845,1.0293463909145553,19.812806067097505,11,22.10242354254188,0.3675764175262452,7.94924887401063,0.8411978151418261,1.0,0.5706869898825345,1,HIGH
23.259534228577223,0.7553027950219467,13.854549950162607,0.2177979029606861,0.9410536456467983,4.941264812262731,25.262807318324995,0.5502771042582842,0.8364158029008992,1.331819863074223,21.11564545896173,10,17.100043323372528,0.06393652859365788,11.166881897196163,0.46607092904077596,1.0,0.6872574083180505,1,HIGH
14.937107034296954,0.835036267228816,11.347258855240222,0.1418105827707682,0.6591942632146739,1.2173073781314165,12.282633648071268,0.45205206535117687,0.4780548946104246,0.9534761990082948,17.903269291188312,9,15.524434210978136,0.061518720818443805,9.528791213391802,0.9287267387923972,1.0,0.5926170386051883,1,HIGH
83.62497239086949,0.2544518838406703,4.26552543683557,0.926529794434848,0.7644132799236015,5.8041663264290495,80.38951926761598,0.2648185698738003,0.9098130189601497,1.2598939098388722,7.542770131736885,3,69.61884603982833,0.14121639091195798,-3.3610733190736637,0.48060602203493286,0.5117108052694754,0.2722739497947784,0,LOW
61.09477599817275,0.4365367778007415,2.7550941835126945,0.6431390501578214,0.7851463584179843,4.581975648962954,46.125272634140586,0.12046603658527724,0.8786469654657241,1.0580916538794556,2.476965665187482,1,42.64669709345698,0.17707618448993642,-5.130421835766705,0.5405488512733942,0.16907862660749928,0.22329472801176847,0,LOW
70.18616911266386,0.06290721810021893,6.12847169611306,0.9564775748951371,0.7343128776578761,3.6538714007060635,72.27455814927973,0.13550778251061832,0.19670295913010824,1.370421403642549,18.431167813358183,11,66.59534432630669,0.22972751883241316,-0.9723431146745801,0.4299842925632953,1.0,0.29008415599722737,0,LOW
11.749682015143208,0.9349752419709488,2.1264299329644336,0.1278192568585962,0.6202487269522257,5.493910945583262,10.77449574137067,0.16021366098892226,0.5666957731889654,0.6439801399439373,4.4796904089946965,1,11.072130545407498,0.10196906202599132,-0.06507486058153922,1.0,0.24918761635978787,0.5363041031439097,0,MEDIUM
92.44233743376952,0.0911555212398067,3.1030716058477466,1.1822719181414856,0.47757893009123265,0.6648260236480134,100.0,0.17167346333908248,0.18677207242212268,1.0964338364687942,10.72484975024801,9,72.68300353609877,0.5271765936719381,-4.892046703574876,0.8292093654830545,1.0,0.40080479374397115,0,MEDIUM
80.75762446803584,0.19092705480396982,2.994200614388785,0.9409262732592723,0.8165889076952424,4.899813052317685,70.20752001801247,0.2638516630892834,1.83508885444571,0.5,8.524453055479606,6,72.38915719566134,0.2601649133425806,-5.201898776049336,0.37058016585912135,0.7609781222191843,0.4040392357475332,0,MEDIUM
28.048824407653473,0.6884302796763544,1.1472683717236516,0.351183296107352,0.8262532436337106,2.5595318768192525,21.827010335785175,0.15574036036855599,0.3123602081081122,0.9883861060151888,7.403209555502882,7,17.103527672125598,0.2996042978437904,-0.4461727135235405,0.6048352743876113,0.7861283822201153,0.6017734382723545,1,HIGH
25.455122212603552,0.8353777954728455,7.85183886494133,0.2622025205989744,0.9532199246603933,4.890851354273168,21.3417679162837,0.14175711625155388,1.3095541354610805,1.2041984940762938,8.926698127171111,2,18.609054876502398,0.22172245294604737,4.9089919563316755,0.4878590107458328,0.49706792508684444,0.4486494421559485,0,MEDIUM
25.589383337541875,0.8199082835944098,3.544706645365347,0.3508182871253617,0.9156637261030368,3.081259199097211,25.455966496643438,0.06607080864560876,0.3788586373657113,1.2891233757401106,13.018472350077257,11,25.503990382866714,0.5196716558114951,-1.2311897768291145,0.5364585526426497,1.0,0.27823184356740216,0,LOW
35.860590651560706,0.5795638800585042,7.03686644295089,0.41779174884879267,0.6579545526814626,5.344057168908664,34.55679311417546,0.19344742839275925,1.1542448434147656,1.1477249107206506,5.959380261224301,1,25.262008858963938,0.06484422905122895,5.772250878251313,0.802850111007058,0.3083752104489721,0.4480843410229848,0,MEDIUM
54.60429668874021,0.48652121608256066,1.8536006989116856,0.7184080013634179,0.7452890092508525,3.7725351637422384,55.22345279110618,0.11679734880412851,0.1997054863850306,0.9418875580896477,4.273428437561759,2,55.014580733768746,0.24795543557324848,-4.967726825617875,0.6253270941650015,0.31093713750247043,0.4117901395985985,0,MEDIUM
46.71532658457984,0.4551141953908987,8.612712782203984,0.5057040832063739,0.6653843953464256,2.898665484027455,34.07360408703954,0.18162180849451454,1.1542688033273942,1.109025767518287,15.761986335620616,3,40.21929714230001,0.38141863390176695,4.030332704022514,0.729480504675811,0.8404794534248248,0.47388464344439496,0,MEDIUM
34.75447691683357,0.5420857776485499,15.63024795675483,0.33020425733840814,0.7528944528373106,1.2067174677081562,32.39629912417204,0.2248559831561324,0.1583043294916431,1.5032751712635244,13.033050829140647,3,34.97378070130653,0.44925279815357894,12.578976293726024,0.641701209568309,0.7313220331656258,0.4716502132044701,0,MEDIUM
62.007496051402256,0.32978766151878025,1.318835821331653,0.7669433261417915,0.7444660636454082,2.7060304940334152,66.5258254602094,0.12511063923382773,0.539959087681907,1.015075738118547,8.587821227372405,8,40.85624387690021,0.11030103698207834,-3.625101260489111,0.5481947352912777,0.9035128490948963,0.4268921399135309,0,MEDIUM
21.856978155423555,0.8504216962363851,2.5294585523908784,0.19756081571983627,0.46085153244032934,3.795373977114233,16.24324866761133,0.30690144363520255,0.0964937086520188,1.1922072871248188,5.85447290196504,4,17.677223503135966,0.24526727988713076,2.5466839233034064,1.0,0.5141789160786017,0.4903459391921881,0,MEDIUM
34.832295125493545,0.7279270523751514,1.4626480758279639,0.3962683822834623,0.7978023838964832,4.699343220349274,25.69697201952417,0.17727424824325827,0.6004483089752273,0.9141295420969929,3.2962253183997454,1,25.54623480695724,0.27118121393402456,-2.5349958863641393,0.6672599503428509,0.20184901273598982,0.4788700660684183,0,MEDIUM
41.14075667996379,0.6296392668081454,4.215986164492265,0.4099268909448484,0.9679334398400571,3.68636283780472,40.591187994573616,0.5435762995999361,1.37501994843796,1.2140855607411793,8.683729587974103,2,41.10434010540976,0.2579921312694661,-1.3232873464325672,0.3629194736439871,0.4873491835189641,0.5242101199895517,0,MEDIUM
48.76594865844805,0.5703481763633592,6.127591414624134,0.5918663461203466,0.6831162567547926,3.0907229644373553,40.28423264481041,0.2560763527912598,1.1269856186889833,1.181211191669038,16.692127044164565,9,36.754973693245496,0.5162221476584223,-2.237970589255398,0.7604997030494907,1.0,0.3788581674364331,0,MEDIUM
76.73995671840616,0.27389469578513503,5.348566668085036,1.0664628038343837,0.5288026979162872,4.934000193715618,73.93370574237956,0.08161901426393446,0.041637148945269466,0.8778972666649311,10.137272573757675,2,66.3653527340061,0.7566337798434409,-2.6165695688281834,0.8437433010181368,0.545490902950307,0.5455834016561399,0,MEDIUM
26.972271483460577,0.6789587575475581,6.9414132742547565,0.305380449686088,0.9175419531284998,3.6599915522688136,24.764693697970106,0.20992127525232712,0.5420987539142974,1.155461224320718,13.775240410736915,9,26.228890195665198,0.5001676575802086,0.6800752726816031,0.4631664490810293,1.0,0.5519080935791647,1,HIGH
53.709927265156985,0.4974545309223454,7.026644140120971,0.7029282048733438,0.8594214686892632,2.9209860908053114,58.781576484822985,0.475329744740176,1.529653226256364,1.164956778457668,11.312938111645906,5,37.761321392980776,0.6070642696769039,0.03350237494963704,0.45959506242727793,0.8025175244658362,0.5260055177164339,0,MEDIUM
60.35523835327361,0.4604803784854785,3.8509768208703195,0.6964343233567533,0.9161692806405674,3.351888263999734,63.712351629219064,0.1436440716632215,0.8400942838754661,1.1479885432536685,6.619951154817974,4,37.45545153961378,0.18253975484825075,-2.376259237531371,0.35598626828188823,0.544798046192719,0.39019731726486473,0,MEDIUM
13.948285081199806,0.9208604555730878,3.853657315987757,0.1601151562733478,0.8062407596656911,2.2306719514767295,13.546980542049816,0.2152952994668577,0.04882088308614667,0.9917708116453975,7.151562048776504,4,11.47055183740497,0.2377565245494453,4.5991995253172835,0.7510690882880073,0.5660624819510602,0.35393365563311274,0,MEDIUM
61.64131241162226,0.47869994560174883,1.746592549356049,0.8415344377953301,0.7049770799727866,7.273869908820069,49.600905639263075,0.49300498729048126,0.31518348621575565,1.2458184515609458,4.6256587640733375,3,55.94869804116634,0.45808076103497536,-4.76430634151305,0.6818843528416946,0.39502635056293356,0.6338635620055465,1,HIGH
24.49455051341978,0.8117188026418873,5.04490255889945,0.32944752425695356,0.5413406005434305,1.1610089746419572,19.712314442462493,0.22063773139283294,0.6506027299135304,0.8130149387566692,9.85768085672724,2,22.624831268753162,0.10181977138957753,3.698023288448474,1.0,0.5343072342690897,0.5422178660799183,0,MEDIUM
15.529385403748758,0.8728220025658391,2.7883898171092834,0.20077946000548438,0.7453034824013466,2.1600179901320686,16.35085138226542,0.3655389583825492,0.151623392084383,1.0019496093762807,9.903946647986265,8,12.233091629005138,0.08603544881122878,1.237459366198519,0.8184557776808996,0.9561578659194507,0.5379474614233378,0,MEDIUM
90.65527066653333,0.1790593123999809,3.357658871627422,0.950183163516054,0.6169310927415773,2.3567032498276417,84.68439054848442,0.12892285432712322,0.9163469630255586,1.0222805017233456,9.621676639567163,6,57.600432105066886,0.17470907487369908,-5.8032121879595016,0.6641330170876244,0.8048670655826866,0.5136311242779582,0,MEDIUM
92.07872281133754,0.07709107114669976,1.1441212784191348,1.0796268995084926,0.9057359350242573,2.83897270700476,93.52552933978191,0.15133708740878024,0.805949774119616,1.2342745884852404,8.072905944992815,9,71.95183621179355,0.5082567607102139,-6.643929619351391,0.17994163303696392,0.9529162377997127,0.3987267286105382,0,MEDIUM
78.7137745898992,0.14231228200279059,2.1193526431412595,0.7965429530777215,0.9701579607417099,1.957684329419081,69.263846112691,0.07892334572637852,0.180962862902766,0.8067049546295993,5.261142748885178,2,51.54932011068548,0.3237536906533202,-5.393443896269525,0.11591919988883044,0.35044570995540714,0.4134325819674915,0,MEDIUM
35.89217037973651,0.6280329390871338,10.95380116089444,0.4026952022211108,0.9179623612435399,5.540201710062286,26.604333877157817,0.16840996545931095,0.6395139629689384,1.048219028581687,15.03788801132087,1,22.701752408430536,0.42867438270753533,6.6331312611669295,0.437072927678257,0.6715155204528349,0.3334678895781985,0,MEDIUM
18.30212969054263,0.7573864915100578,13.570730562337154,0.20902981885183836,0.8248766201423735,7.687479643789547,15.24703906537541,0.21394706241619765,1.33585391400153,0.9015333911882886,27.176402270996604,8,13.480357753316442,0.14329652148897523,13.532473322163051,0.6413783155414686,1.0,0.44826400246394377,0,MEDIUM
68.15980725353333,0.26438766546671616,8.014974993515253,0.8968603894931115,0.811841966255579,1.1413713801232783,52.105424286176145,0.17671088595654494,0.37578110985945534,1.02189053361311,20.81316204295033,8,64.73470651917471,0.0909823712236765,0.2982694293714945,0.41443088334998957,1.0,0.47951612287304946,0,MEDIUM
47.41296196786611,0.5143088866640975,4.504696007607895,0.6391334517472106,0.7942244182571108,4.496592544702702,48.016677213671066,0.04482847191716578,0.22693777812512958,1.0784586702222037,11.350180565264676,5,44.841047868897,0.052031296314691326,-1.8674772640090154,0.5658178159463826,0.8040072226105871,0.4419396535447061,0,MEDIUM
20.373249961806202,0.7328739067019411,3.792369116112263,0.22559504050817147,0.733546451660716,3.562812714694563,19.969957319874784,0.11104814992351908,0.9664397453481472,0.7443147318643626,6.17072455063647,2,17.798409293179645,0.05998053738762512,-0.08529839100186054,0.7661172758598966,0.3868289820254588,0.47447916407576995,0,MEDIUM
52.090037359457966,0.4544627040342971,6.434909733911828,0.47342146226158865,0.5595628849218915,3.997085876088404,38.30519912372133,0.28811873873484883,0.05874873664986411,1.2528120919745578,18.563862012517575,10,50.621506835327246,0.06163651059816493,0.5772154463652409,0.8878870246343111,1.0,0.5573185128204545,1,HIGH
12.923024294793564,0.7192805836957615,2.9451144528909654,0.1719908399942189,0.642169475153267,1.52299901675251,12.258188448207385,0.13977641326311072,1.4302480965638804,1.0855662685998038,8.095802040522155,5,10.666283011615509,0.307169970276863,1.7105952771514144,0.8963860791179801,0.6738320816208863,0.4559667912308122,0,MEDIUM
87.29223417669648,0.14414115482287027,4.665317049647611,0.8616959836689981,0.8679952603894898,2.1020726060637602,91.62666047518955,0.07464276668788011,2.298230929042881,0.8282807961338022,13.286109509131606,8,61.93820645756513,0.14335546316799183,-3.6489992367387964,0.2700776868272004,1.0,0.38850241839197985,0,MEDIUM
31.99629843600144,0.6801334536689635,3.17404652895927,0.38745629046703145,0.43134537765799214,4.9456096295459915,31.322639350892686,0.23377033107766879,2.6770720745588634,0.9317641594333144,7.531791935425103,4,27.40441358337178,0.05,-0.41561241832491724,1.0,0.5812716774170041,0.4226853472236887,0,MEDIUM
66.31439417008846,0.2714889678136601,3.1716597898895067,0.6051091982016512,0.7424281314114672,4.5379897190880545,59.977706664132675,0.12718272917790552,0.45326625720116953,1.2988392946322354,4.597727648396274,2,67.33965709341398,0.11607169006193338,-4.024667757584054,0.5221022867896292,0.323909105935851,0.22958159493749666,0,LOW
36.49544146759993,0.6877852387985931,8.981775977850376,0.4013597991273948,0.4997187953798997,1.4195747737477962,30.099444331872192,0.45568917332597453,0.7808386208249194,1.0831701872546309,11.394105250065799,3,22.490614100559274,0.3512588576602804,5.7287751543373675,1.0,0.665764210002632,0.543699354060565,0,MEDIUM
54.20578180011392,0.5329477930089855,0.649103391502275,0.7550757812012205,0.9763910702790035,1.5918949157333115,57.17835639753708,0.061109379614566646,1.5579706054373117,0.807024051296595,3.2243656791470903,3,56.05887846336553,0.06727956994291677,-3.2684694474845797,0.3018872910859875,0.33897462716588367,0.2537766652605608,0,LOW
56.47037374417877,0.3066914734086944,2.5734350965895842,0.536664390137504,0.7656135925969394,0.24410634605883325,49.07964150707188,0.16217251138470215,0.20228860262448498,0.8432989812337821,11.443314876943475,9,52.796564819541516,0.5309371937543783,-7.920694427595314,0.5049253478089382,1.0,0.36815688791833295,0,MEDIUM
25.712628719669798,0.681855730518005,7.5616415137132025,0.2858849820191953,0.9309668816595849,2.105606862297169,26.796607118865023,0.34552729716964864,0.022474899967155206,1.1249583964929228,11.043345803186119,3,23.36786305846128,0.44694401854978155,2.020459175326087,0.4444775427696252,0.6517338321274448,0.3271270555813789,0,MEDIUM
92.41469335998748,0.05,3.8224300352284644,0.9736580825515866,0.870901650488513,2.1608479488448977,93.63456133193304,0.1730158325369778,0.3883423574078695,1.1489590882262557,5.572995567012838,1,80.97608867478368,0.2570482911027014,-4.05310346300741,0.21864752426723053,0.29291982268051353,0.2950533633326729,0,LOW
75.88628998569473,0.1659448520543435,4.479604556359706,1.0263955088415029,0.7802087729764163,2.182307349299153,77.89657746256508,0.34799651065095766,1.725895199647097,1.0725730872609567,10.27185073618637,7,54.333189048722424,0.07784995120544336,-3.7675893093653112,0.41265926656254726,0.9008740294474549,0.44485825595381573,0,MEDIUM
89.85741003295607,0.16778388702497923,2.188399957880921,1.199299942968232,0.7194547581348281,1.2202395697231831,98.47644367057651,0.15041435500513003,0.5626742422531814,0.941707353970743,2.160665158892466,1,89.73021926830573,0.4137839291820892,-5.604080172505694,0.5047098063102475,0.15642660635569866,0.20116998299036243,0,LOW
86.06032478635015,0.12389066103467421,5.182092070814637,0.8768250856434856,0.6646530617788665,6.544658578184505,86.01758777547425,0.15248176108800346,0.6043908325738849,1.1619367041923385,11.911111988340556,6,89.25810916418305,0.40838224126114303,-5.52005215590208,0.5649657378490373,0.8964444795336223,0.47694670758675844,0,MEDIUM
60.82149819894224,0.3706238307057288,1.7094922661478185,0.5720832980097996,0.7175905104428906,2.977898269993121,43.40321702346039,0.18755081499559298,0.940759445631279,0.937621810307261,10.186650584063784,10,61.78613607797478,0.19264101086817326,-4.47378868110214,0.6089261496885285,1.0,0.2977916111985115,0,LOW
88.35930997696494,0.05,1.0976093983201074,1.0723013685891958,0.8638211434697758,0.9912509386871263,69.11231728017597,0.43173657891830336,0.6836247173706839,0.8290617216110185,5.1470577024378805,4,57.34218714001401,0.32147409158756596,-9.745002089423062,0.2292682847953363,0.48588230809751526,0.44521034616658467,0,MEDIUM
17.521862674413157,0.8756148156726066,8.027943985724923,0.18716579595769647,0.7722128275826354,1.0000975743221463,12.511977708410354,0.1269778014695323,0.04481334693353959,1.3173229119461234,15.31028105177285,7,16.320398325094533,0.08925584877424961,6.7584986784407555,0.7794881664623501,1.0,0.38110434235384477,0,MEDIUM
26.65854330562734,0.6342738953554489,2.1618354868472385,0.3295108439106855,0.9651787305336591,6.53777170799234,20.686107965385876,0.20651895895150535,0.6583498360983855,1.0977592288461446,8.284864192570321,7,22.672956054856186,0.5012426138086762,-1.0653266587866321,0.3693688518772358,0.8213945677028129,0.5665704964599637,1,HIGH
13.844319557395735,0.8663514148473489,19.044468500891067,0.12682225685210372,0.8352401566090393,5.730742532089275,10.031258977932447,0.2646390921622548,0.8352057674630319,0.8430418176513573,23.47731605215473,7,13.217886617964588,0.26536906822994516,15.343629253789173,0.6803154725101155,1.0,0.6513951332912529,1,HIGH
37.653078114877474,0.6456593738878805,3.2047199873786725,0.3639921621469119,0.41515927709159917,4.322516693190753,33.91212493463011,0.3284879578085202,0.8208750538568049,1.0268510473356347,7.105856619833482,6,28.56094709211481,0.5149686413856508,0.25199679291298216,1.0,0.7042342647933393,0.41046080904417537,0,MEDIUM
43.03756962360597,0.6784769914310325,8.91432617932317,0.5350370903907663,0.4099669913019879,2.4462657664969627,30.61186948113742,0.07697007292390375,1.0425754436563002,1.0054588886000557,18.517636830623186,7,44.356059334822,0.19454295503880112,5.3629768669666005,1.0,1.0,0.5465009899070934,0,MEDIUM
33.06466770078116,0.5646476910626594,1.7153558133950484,0.3326918350419016,0.7056561005060883,2.093025752528676,29.395535746991975,0.09916883026420897,0.5870424795924549,0.9300165013305961,9.093278042668109,8,24.490130612830967,0.6169707412280728,-2.0934060695027035,0.7238396947721972,0.9237311217067243,0.4609741911379121,0,MEDIUM
80.44268827791399,0.05,8.030595259837598,1.0689174848629042,0.5692987270148043,4.1839477774816425,85.23195335569682,0.24024484358620105,1.8425385947537913,1.046709975485796,15.599393262586986,3,74.97985435677491,0.20664780534943977,-0.8751833890464328,0.6710519094777935,0.8339757305034794,0.5912017195566546,1,HIGH
40.32403276895509,0.6114676358907447,5.095242121774494,0.3747293993005242,0.6943601641161197,2.698449619042438,40.30106440271671,0.055953885365189575,0.4992859641838385,0.8142944678084987,9.528980249913449,5,33.33646740312567,0.24558131878559425,2.413690620256272,0.7641935717711928,0.731159209996538,0.488676543025458,0,MEDIUM
33.879433323427364,0.8052465612865947,3.2413521704510213,0.34141693725176525,0.7681433789400192,4.175982955783171,36.50788003664474,0.547663884852696,0.5841584906045131,1.1747280265136522,12.681413540614054,10,29.73253687390383,0.6105450477172522,0.32221961516498643,0.7504082122332686,1.0,0.44118335462137226,0,MEDIUM
56.12916706845112,0.5378240375506439,3.3560985849659284,0.7854042786917222,0.7536250472548768,3.3945039528761045,44.37901479979786,0.3871810825321142,1.212414800468304,0.9987677654192691,11.87160385536913,11,36.59904066524299,0.07885806708954572,-2.3481488823572834,0.6384744478930068,1.0,0.5199479613373339,0,MEDIUM
21.978559122854826,0.7969871619934218,3.1118005445166728,0.24539897573269023,0.8549957416522969,3.674982867012208,20.053991792067727,0.1403007198675143,1.4329355980704144,0.6781091353743771,10.011043161335463,9,19.228533857936746,0.22115333366393425,-0.9604512717890619,0.6159999685182656,1.0,0.3588389290844335,0,MEDIUM
78.18674336409337,0.1788016715085025,2.681062604446342,0.9784936699235135,0.7314081296097196,1.9027125067570179,64.69419633316562,0.10743008225844083,0.8361212207061478,0.9543695588161161,11.212159668366507,8,66.73948105661476,0.3121184867467418,-2.2217007955695594,0.4922886413396719,1.0,0.49245209064453194,0,MEDIUM
16.33680471278052,0.9012017606031797,2.093313597405515,0.16195189520211528,0.7387337378348273,2.820146863972372,14.662738325156738,0.05228223648162655,0.10808160904118724,0.8768267044309088,8.189759651418486,6,15.087315858914117,0.1934193421530009,0.32576929614696853,0.8425002735493489,0.7475903860567394,0.5472425052765919,0,MEDIUM
93.88538961104398,0.05,1.5160152537219511,1.1312573254779545,0.7640556268763177,3.107692133667708,86.64028524909737,0.1888601849478177,0.32271631415361635,0.5,8.5757168479442,9,68.48626190275598,0.3725971535496066,-5.393322549527724,0.3789165596855235,0.9730286739177681,0.43748065903028616,0,MEDIUM
75.64080539021587,0.28170056764633883,5.956124210400913,0.9553834875628727,0.8270243533932075,4.547621018680025,54.04342299441106,0.2971873664695954,0.016289157451172046,0.968837157123403,14.671330603375688,10,73.71407503233374,0.20195287628947228,-2.500006719818467,0.4003137537333582,1.0,0.4785400026045353,0,MEDIUM
26.890832930404656,0.7715292834292835,6.667350236378564,0.28430018975165205,0.6108953310148311,7.562772163944018,21.332563756106453,0.14760100612908558,0.2801565644390442,1.2073555689489004,12.520620802208814,5,27.57316009385611,0.2709085041671675,3.3475004825784263,0.9694216451923952,0.8508248320883527,0.6843454845317679,1,HIGH
10.469379955506204,0.9801229930448483,2.6926119556013175,0.13761461364604202,0.7366362314755128,3.058608290771232,10.279979572135746,0.05239250629777863,0.6756306807583796,0.9784370026062433,3.2574807014536233,2,10.437018817024969,0.12881606924988684,0.8207094296075673,0.8851071493091549,0.27029922805814494,0.5156379502825128,0,MEDIUM
79.3142214186609,0.4276305889262772,2.707831619327454,0.9531259699022624,0.5869279023769374,2.8935109799641845,80.04162878469363,0.2005814443035201,1.3087517597978304,1.1416288110247963,11.941760682659627,9,61.55644508280977,0.5324739584993793,-4.995046857279828,0.8334234408977326,1.0,0.256183208866759,0,LOW
70.08287422704745,0.33056453510382683,8.041999676074866,0.7671001627519287,0.8660240954520213,3.8493907249596453,65.02152738535197,0.160971208714977,0.704834964235904,1.0016990034753344,9.874887955796058,5,66.08761921985095,0.28661595612882185,0.9802922293588711,0.3662461243738815,0.7449955182318424,0.47332243284410297,0,MEDIUM
71.96560928348393,0.23962681710856076,2.397022287741203,0.8483458565475583,0.8509653438731789,3.118417817568294,58.17207690163084,0.16943927464512337,0.032569813534135815,0.9087258418415924,10.188942867956868,8,55.000661740696366,0.09547443670674752,-3.8114852132322485,0.34336539274451205,0.9675577147182748,0.3834704637683919,0,MEDIUM
75.55797946830539,0.24237426034158652,1.2479581267616537,0.8979162365581784,0.8644435417582569,4.2234679193036975,65.13352057752314,0.1627688863960196,0.23991866764152803,0.8536797041646429,8.610278936215272,8,74.6815871587307,0.3916567154860831,-6.667415661147052,0.3245218175334079,0.9044111574486109,0.2693415569241427,0,LOW
16.29379539739768,0.6955359736348937,9.219659147205595,0.16013014952759008,0.6851517709586142,0.29120793782154775,12.031578443543836,0.22724370339227717,0.6903169121665043,0.7434410491226512,16.523098375351616,4,12.528708968813426,0.05,8.116577419608578,0.8200403303795255,0.9409239350140647,0.6861757092163291,1,HIGH
40.469586926263176,0.5397270802502436,0.42667287668879283,0.44571834558812434,0.592934298698138,3.6698130093041827,43.75862499163623,0.35742784542065026,0.9876768136165608,1.1851530852392282,3.9509563814572264,4,27.66981463533533,0.31912290055146675,-2.8490126781680405,0.8804620920779148,0.4380382552582891,0.33048716053946225,0,MEDIUM
19.848870059636027,0.7687687043545914,4.828421146537392,0.21272337611724082,0.5899543155591072,2.3143683749798356,20.79111554165971,0.4160100080057782,1.6106465345131462,1.1461497418518298,3.8111383639041385,1,16.277619325842394,0.23537493641269436,0.6448378305317695,0.999452878838635,0.22244553455616556,0.5424337248797154,0,MEDIUM
83.36379119942545,0.12443501617097807,6.988022367629346,0.9173779750766663,0.8350658824804922,3.6175302935132994,60.54219797951223,0.4751777072020786,2.7447947126629346,0.944341661906501,11.165924364862207,5,55.08590742643285,0.47638768403923637,-3.0296217282144435,0.30961868436475076,0.7966369745944883,0.4642895550723691,0,MEDIUM
62.980340780342424,0.3823849819592735,3.3156759919063115,0.8064980881947243,0.7373467929265819,0.1347447476848814,48.28049409020278,0.1898994536340954,1.778920217815918,0.5951469173586319,11.085118163682578,9,54.42229536502243,0.2736303976834103,-4.872195888039751,0.5851723015897639,1.0,0.32774458406925866,0,MEDIUM
38.12633211247518,0.5529430842846721,9.861583782675595,0.43512408691277277,0.5844810969499178,4.578656451065357,35.55043234012287,0.10418695700573054,0.5038795233941131,1.0944167906083075,19.182183646080418,5,32.767845153422854,0.44590001155887343,7.03609543368997,0.8997498967174593,1.0,0.5793271074558557,1,HIGH
15.402459774312009,0.9356578556428377,2.3139829117964914,0.21103804659582592,0.47781344885571536,1.1774931368959844,12.213719788864648,0.22797122813776152,1.0992697734288959,0.8190445840250234,7.205880495875972,5,12.64334319995064,0.3031216862125928,2.4472726885238862,1.0,0.638235219835039,0.32115706504173885,0,MEDIUM
36.433497345831285,0.6356815917351429,4.267289163444146,0.3813997702456207,0.83553360124903,6.3908943315517,39.12084228249816,0.35017794036529915,0.2201052482778597,1.0287764746990629,11.129289905200356,6,31.758298374708936,0.301560119957378,-0.11679032868962547,0.5645403939940266,0.8651715962080142,0.6955162027212152,1,HIGH
37.6405823722735,0.6228501505861759,3.907449393580522,0.41700186525487504,0.8292577785664225,4.18212260907086,37.72475546018812,0.2568838965171543,0.05276723499474252,0.6917506155808416,7.822780081620904,6,39.10449585975964,0.12455242109741368,0.9661547831704353,0.5675384074434542,0.7329112032648362,0.5222107953031182,0,MEDIUM
72.01652515873545,0.2536031710916121,4.999879079378674,0.9315182011321294,0.7597824845684982,1.6588114362788002,58.28416965720676,0.25031453147238836,0.04531470793033298,1.018399796992752,14.468397603147979,8,55.63094949967313,0.524851886258888,-2.927155031618775,0.4871278586930588,1.0,0.4146564044081862,0,MEDIUM
64.19238506519312,0.3704914040567871,4.08698837204035,0.7529845703342934,0.9768782513670669,3.182255679677009,45.09133520026723,0.3701411156540218,0.22092506345890334,0.9737365837881647,7.284706032082067,1,50.72794213871791,0.1645230268039191,-1.357804806659353,0.21992832497779327,0.3613882412832827,0.416595242653589,0,MEDIUM
85.41308311898776,0.21187702998353325,7.360232722639005,1.0023345507657755,0.7107664626007826,1.2590273213889023,87.10246477292247,0.3752168641293047,0.030611119677923737,0.5180565620695828,15.207389362466811,5,61.780357546581904,0.31083401140805106,3.20087994961656,0.5397888210905928,0.9582955744986725,0.4292207060901153,0,MEDIUM
50.13826863876569,0.42924689635547103,2.980857530672706,0.46461633485883846,0.703627783744872,2.0790757918944043,43.602037561901724,0.33925437944341663,1.5191501831055165,1.3235917388872795,11.914345118496662,9,34.24466951138485,0.22820563339397443,0.3003814487554046,0.6591817725604275,1.0,0.4551833017541967,0,MEDIUM
20.165510904755642,0.745695571826423,6.283993403960957,0.2216794273687055,0.8935142343987421,3.828507618754105,19.29740753470494,0.22753868391565218,0.5385513502452043,0.9348611037509802,7.781070425840574,3,14.72352996908162,0.6129167205879171,6.284810781652924,0.5325764343150983,0.521242817033623,0.3561973914186892,0,MEDIUM
70.62580691395458,0.26944384855832104,2.777867062543827,0.7312362037811487,0.7652098893183578,1.0557269649154606,57.545196283516354,0.35033613901820587,1.3323836148034485,0.9481455835558924,10.934291705157701,11,49.13346536967903,0.2817587654646081,-1.5986393574735436,0.4869070903016239,1.0,0.2921002030552852,0,LOW
74.66672913243629,0.14566303479777998,3.327188836559693,1.0450859868367306,0.6913135748857232,2.8861705410469076,56.53386197541135,0.11679020897334125,2.2493734132841685,1.1069353942326616,11.169959885476665,7,59.33101195460053,0.25443849027577053,-3.361591095704802,0.5358611550703052,0.9367983954190666,0.44300960805138956,0,MEDIUM
57.70856179340718,0.3573737532882084,3.8602030717559477,0.6083506943801401,0.701952395083925,2.400387352803812,55.98449754513378,0.32900433405093676,4.080608177138397,0.9898664803618131,12.349226883671369,7,40.68402203109295,0.13951676854728395,-0.22665416105477432,0.6257582840182166,0.9839690753468548,0.6058477176986002,1,HIGH
75.53221029613768,0.20658022715505048,1.5247665265366348,1.0138297840265147,0.5509841131269418,2.399457179417457,66.47815180466239,0.20095354728062684,2.2137818177534627,1.0727959973272272,9.691148642202515,10,62.90374091096256,0.407254519658896,-6.7979482887078575,0.7768139438871124,1.0,0.33558370146981675,0,MEDIUM
51.97262569097321,0.5502248775472861,7.716333722475892,0.6434818451730963,0.7518389802172291,3.6701133265212644,41.269792722708516,0.20324760239788478,1.008594814912325,0.7711234825965307,11.168839950463871,3,37.87970572767855,0.23232453599215713,3.6038038697915757,0.6473539684477995,0.6567535980185548,0.44087896800082876,0,MEDIUM
54.432290497469495,0.47668200134545907,2.469204552583554,0.5826749195797156,0.7621127619047939,4.64172662416347,41.09916624941792,0.14546230215981645,0.46668788082469725,0.9715636882324038,9.277071468761797,7,43.06166767031431,0.26358120375539673,-4.384950004385596,0.5951718578155386,0.861082858750472,0.3959396870689361,0,MEDIUM
46.34098656047672,0.5520773273046364,2.529915004439813,0.5430084756612521,0.8150575414019637,2.6369726606943464,43.198689426193994,0.06529084792961193,0.7290123818369056,0.6181365627811264,5.420715691550489,3,30.500077740430044,0.2595768297426514,0.19991235878013258,0.5534523515493726,0.42682862766201957,0.3469697858114175,0,MEDIUM
12.160625773248091,0.9464655792409569,1.3919334255333173,0.16055284338448245,0.7748455565021701,6.67055895687633,12.0416945623404,0.11517944142254105,1.3564166546200331,0.9524705661621425,6.15889805130943,6,8.19356627199445,0.19515455161296696,-1.1789952669153136,0.8109644548672232,0.6663559220523773,0.4266219850680859,0,MEDIUM
19.170771294430878,0.7973025439837395,3.8697777489927523,0.25721119970138423,0.9393686691166155,3.1707911814323833,15.596472715834818,0.2973369606200833,1.8227395032007145,1.2890135772919997,9.604622078488523,8,16.80035077553157,0.5395801103159065,1.8152168671397846,0.4895982683169464,0.944184883139541,0.4878865721420792,0,MEDIUM
12.671480783372411,0.9045223801605871,3.5798230314086306,0.12420546657490672,0.6481477795926845,5.234204898370171,12.59617435223699,0.3497372918382937,2.5074157950323985,0.6988026958012414,8.645198688411766,8,10.826471477242398,0.2599566227052825,1.72671153803056,0.9800395206912667,0.9058079475364706,0.5251059027000531,0,MEDIUM
64.09488495742133,0.35079341019118704,0.4272259364781797,0.685678471718631,0.7239651678028477,4.05733196200617,49.561297974565754,0.09682692272991182,1.0492633358867223,0.9298503428880748,5.357631693329318,6,43.39530382773543,0.4155140170580282,-5.863941695274645,0.589448953391322,0.6343052677331728,0.24815567101896577,0,LOW
36.72025839148777,0.6540264040370926,4.355524596442958,0.392029734504683,0.8015662700580517,5.058109210673871,30.674865522339967,0.08893780641526522,0.621142251541481,0.5752137187208162,4.956300709432148,2,26.90362112892599,0.2261576492332375,1.4355094248677966,0.6246637969314688,0.33825202837728596,0.420714471173512,0,MEDIUM
53.22850874899974,0.4210942199010761,11.066303319851832,0.4902464877198893,0.8108932759032962,3.096999138481984,53.119545452262365,0.31567243235556597,2.7629626400334653,1.0015893560877573,18.83830852444073,1,37.2421709224443,0.6684610567282844,3.264216521931681,0.49420719609559377,0.8235323409776292,0.6032311547837953,1,HIGH
87.1431502837179,0.05,0.7258831420145344,1.044949967614304,0.9533168052600993,2.3287910407864945,84.0109995751737,0.20312662921260852,2.5480620169952406,1.0932349193258593,3.6916672284858807,3,83.55769828635091,0.11592345325728656,-7.995161795869815,0.09502479210985101,0.3576666891394352,0.22714232460892866,0,LOW
31.18983947765437,0.677359272248552,5.3383700511071615,0.41401705647442105,0.7152350428226467,3.1417700669326925,25.207923033576417,0.0907160592691757,0.5193851398572819,1.0766951484659213,8.535325628847858,3,23.834185624008185,0.3890726694027176,4.198124946911504,0.765827071890306,0.5514130251539143,0.4905318734089594,0,MEDIUM
44.88254845802853,0.6649943663077099,3.9486211368653183,0.4895730908818637,0.849107501891589,6.704483403772203,33.61047597076062,0.1517044115507097,0.836797025887589,0.879626385050439,8.516783273702707,7,35.12882942143306,0.4024350943196797,-0.5916971230348111,0.5588359303164714,0.8306713309481084,0.5752851274108096,1,HIGH
74.22184677615914,0.331878764417736,5.3191101171535555,0.9426307935727608,0.6436665501650457,4.556233333020485,53.21627515870855,0.4289540251865133,1.3255052080520537,0.5711660452495468,10.112826764815946,4,66.7405290408856,0.42282422187809715,-0.9547941883442372,0.7004395569612993,0.6845130705926379,0.593579435573556,1,HIGH
29.44784406678791,0.7827533580994146,9.1871443861258,0.35745271610295554,0.8481379783352039,3.4086774934705613,30.4834090705346,0.17007047570848255,0.4540284023604373,0.7516882241889697,13.439053339532723,2,21.982705877762015,0.16400391401013975,3.3830032375893637,0.6191697115469015,0.6775621335813089,0.44060963673878195,0,MEDIUM
16.543292335447404,0.9334575343900234,23.359420846655752,0.17996196525253597,0.8092850047992882,1.3487166869787408,12.077542730155805,0.43290025982988223,1.4146420061130793,1.2512951058677837,19.35373197617454,2,12.73854790638412,0.428873461893671,20.280349698711202,0.7528012599960794,0.9141492790469816,0.7780681732920438,1,CRITICAL
34.628873497670284,0.6608038723002122,6.39584456797935,0.33608357124016,0.9370057144710231,2.1350961606490184,25.830994747399476,0.1596259346275628,0.09453641381086164,1.1757958176208405,14.402705237379735,7,33.21101558769175,0.27140015916920907,5.427478675840255,0.42489336444357145,1.0,0.5434618100949854,0,MEDIUM
23.703809416590374,0.778747162426544,2.914500333384876,0.2974026718535291,0.8220332071879681,3.351740386043122,18.846525582150896,0.28528295374418305,0.524915017282693,0.981732110437933,9.254098521882646,8,22.69732235253245,0.5003927711370618,-0.6069500022329002,0.6563237704313198,0.930163940875306,0.49826306840422746,0,MEDIUM
89.02430044911871,0.06034484387406489,1.664302780892835,1.1816040358079527,0.7542388069917504,3.909251464076426,78.18718377491034,0.3845723916479065,0.5271705333060056,1.0324586429249132,11.48716710142305,11,77.6342325023838,0.12767776192420327,-7.963204780730699,0.3988142114494069,1.0,0.4040430785698943,0,MEDIUM
78.69023226297544,0.18781184888808156,2.151059525742505,0.9780623368951716,0.77873371184452,3.8658318812375567,79.94257409692565,0.2399645676550353,0.9232756174351858,0.7944762469375213,6.80821148555404,5,67.00787226817602,0.6581022202694744,-6.084291006575364,0.42580535667726077,0.6223284594221616,0.5180043375097719,0,MEDIUM
63.83931930338599,0.41086849894783145,2.263072988381948,0.5802606249852701,0.7980213037958105,5.486768486583933,51.007113731994316,0.060792117402792833,0.09901242527998495,1.2581265807821376,4.133603291469028,2,43.503577256279726,0.07496861010029722,-4.6851464601810555,0.5084022937802,0.3053441316587612,0.37361455120047443,0,MEDIUM
84.074150165956,0.2555692533139453,8.518254038642262,0.8475653356628414,0.6726036396146416,4.462855484742562,77.1299027517826,0.3545065438887562,0.08714723310403621,0.856170095547808,17.357896605606047,3,68.34659949154239,0.10466109313714435,-4.42027016913105,0.6188791672350102,0.9043158642242419,0.6349517429266646,1,HIGH
78.31212653642473,0.20572303258127272,5.093578045389448,0.7320147656675627,0.6730872835524169,5.28002090716956,57.64939432837683,0.2165519294325356,1.846840782081622,1.0874551525823182,6.858653488736622,1,56.65577117739057,0.43638075608397675,-1.610393270813558,0.593230590962011,0.3443461395494649,0.42165864744280074,0,MEDIUM
25.858455005313047,0.7054003087587566,8.155306544688678,0.30647261150555677,0.8085588122668131,4.182670280553955,22.905533274037357,0.47358961550662015,0.28962738280227407,0.7344197332127294,21.576572967436093,10,24.006681328773805,0.5613948554036249,6.199555751733551,0.6398619359791586,1.0,0.6280932563827676,1,HIGH
85.86751487164811,0.1413670879920467,1.0883862104633244,1.0975919255343278,0.7982499838218451,4.330720971255614,66.20862797239792,0.07054163227945036,0.31671569532016774,0.9643586583314092,4.198237519866318,4,75.78434300505201,0.06292830902223615,-6.197274064210145,0.3733085682632557,0.44792950079465277,0.2166994504379987,0,LOW
55.84409056283031,0.4896556342860261,7.020808888333411,0.5334727857506046,0.8725395886353003,1.320154190159458,43.80838361029723,0.18561570354803217,1.1999702666735361,1.249687454396212,13.534428785651711,7,42.99720299929259,0.2300554223234068,1.8578122480119277,0.43601843419006253,1.0,0.5685509030604196,1,HIGH
78.63241318894532,0.0981674828198635,6.750554521017394,1.0372943482046026,0.47193954868055304,2.0273402397218923,66.58053123238459,0.6097771236676885,0.4287903600094519,0.8106133804960232,12.72988297206127,10,66.11354588579356,0.37730978872308096,-2.055821011030438,0.8411744183891021,1.0,0.6965486012946165,1,HIGH
86.16776049349693,0.05,2.3370869615940277,1.014844667453318,0.713939985752784,2.454504116966808,86.55888280702007,0.11540630260784346,1.4314440067810434,1.1498714841407343,9.787877977815839,9,68.02805646467257,0.2308099759724529,-5.688843836251348,0.4540900213708241,1.0,0.2986661908891948,0,LOW
37.03029537260843,0.585654098314589,3.2065934406399954,0.4610214399412505,0.7658309859912886,3.0462493494461476,36.94122166179315,0.07811959538729775,0.4106212080070896,0.783846765562967,7.765885840940933,3,24.658338925655336,0.4421030239860395,-1.4338205739147483,0.6440805701703616,0.5206354336376373,0.449332503928746,0,MEDIUM
19.354413584852523,0.7087988700783421,15.917663166353854,0.26819428793898287,0.8510941085709666,3.3101513994550023,16.760712954770433,0.3443108606448946,1.1436948074263131,0.8196177937464649,28.59431803589732,4,18.41276098963903,0.06628337969716948,14.618750397184362,0.5777582721827212,1.0,0.7533379840826796,1,CRITICAL
29.374488816065043,0.6656038960275648,3.0654241735610115,0.27666083061158164,0.8281490239784393,6.068846402928189,21.956503967891305,0.25984386892135874,0.5960745846302026,0.9982049451553993,10.22839812390896,6,29.49824074643995,0.09409980452964009,1.836828135367493,0.5905784120461235,0.8291359249563585,0.547686087573277,0,MEDIUM
46.30416203323178,0.5251359541622845,2.3811800266004,0.6253895742401089,0.7007418847303197,4.329460126727534,37.611789525245904,0.13003702231638242,2.1969522153912844,1.1943280224627868,4.371009640958505,1,47.16800812677289,0.5026080057446881,-0.7651059300819254,0.7114551499856627,0.2448403856383402,0.42753680000554845,0,MEDIUM
79.53125510341191,0.1684275762440398,1.347096147038707,0.7659268243497205,0.8236485108071441,4.297128785567059,71.74851024486884,0.31171859756091613,0.3172704681285938,0.9403628715337626,5.247122637009083,5,75.96320527419569,0.4331435098418583,-6.987544723557184,0.3487410219113038,0.5598849054803634,0.34599534983139796,0,MEDIUM
83.16209957678919,0.2845764069897678,2.771933100195852,0.9118552932265828,0.7960370437502057,2.275612101059304,87.13431326898333,0.2138862739613223,0.36040001540895666,1.1237150568282819,10.198136329729216,10,80.64524915801803,0.2593589772135769,-7.515915143181825,0.4482326378695754,1.0,0.32663834577343137,0,MEDIUM
10.590931095151209,0.9202302702166735,7.784556489389302,0.1404060226793019,0.6619651364228454,3.076800676677927,11.51553892982591,0.2871542081082523,2.8048868318107893,1.2288270565473174,10.347681565879173,5,6.620138855093708,0.3638841204557162,7.190816819535395,0.9671674304740687,0.763907262635167,0.5166611118973277,0,MEDIUM
53.413520719093086,0.4899027415779354,8.510638599985565,0.7227528337256578,0.6168695788080988,5.62001685191791,51.009291301652944,0.3238445876462835,1.0700798502578022,0.8457702832182471,19.860929923478487,10,50.84171252455378,0.0947580132436485,3.290737490628944,0.8196470025768194,1.0,0.5796680473691782,1,HIGH
45.47993526764621,0.59497721884701,7.021763852011043,0.5244681720798303,0.8478416964357384,1.8190776626976741,38.215634242176286,0.308315140825171,1.1847208626872816,0.6949668808679854,14.633917034422687,9,33.49761288951557,0.3635601327563041,1.4924451235809055,0.5257260647698975,1.0,0.701078571797886,1,HIGH
28.87916389001207,0.6201017116774178,8.111643663348442,0.34569870109297035,0.8412351794551156,3.1445332947904348,28.225957098742395,0.3853956260727374,0.28075511704453815,0.9288969017229801,16.097211957486028,9,19.11856853645061,0.6642103069822043,6.869599268993687,0.5481980866560354,1.0,0.5720672746339898,1,HIGH
20.188556223363037,0.8812433807599911,14.114182991882306,0.25317936740510555,0.7696019296386977,2.512497553395313,16.847189756755384,0.38433917961966013,0.607505482853584,1.2546177001462282,23.84406901098773,1,16.85448905839401,0.17538429483413168,12.400947242674569,0.7862187959219491,1.0,0.6206333792303057,1,HIGH
38.69728956930838,0.6069659613840794,2.1050807367987403,0.5094031227961071,0.9207928686631256,4.526674335318297,36.76975363642696,0.05711223632393273,0.3009670060523433,0.8374685774450343,5.498674948768063,3,33.150971459448,0.3086118569004018,-0.6650121844662804,0.4222936776973513,0.42994699795072255,0.36799229621680013,0,MEDIUM
90.14732483256412,0.15216520105365577,0.6448116867232299,0.8660954578485609,0.7305057702221117,5.1561236464879885,71.89308911158317,0.144023224069431,0.24074234284686408,1.2029899477281492,3.7488176479564115,4,73.75533362339782,0.11689050114949535,-12.03176072185082,0.4803239451936603,0.4299527059182565,0.24437720200366891,0,LOW
37.472249221764194,0.5395289291391456,7.85675125742606,0.4890258380202163,0.860435206848171,6.584924825044708,30.232441316009872,0.2918737251706253,0.6129893528213278,0.9474998938540816,7.127211052120206,1,33.49093235695001,0.23949719405998793,0.6849882539112286,0.47911165429731634,0.3550884420848083,0.6002147129093518,1,HIGH
54.09720284818612,0.33472727023685367,3.9490450990678765,0.6170532933347804,0.5206820458586021,3.604707163148609,39.49583957362305,0.15705080061658758,3.5224776032048313,1.351242416644784,13.464446122303858,9,49.84508745434479,0.16007488931397126,-0.48894146986632325,0.8863405663305237,1.0,0.3003273680289363,0,MEDIUM
69.75661150609011,0.3678650575811012,6.992402009856875,0.7849793195588821,0.8316241668375535,2.754025808435044,60.55267730732528,0.20556883934972772,0.19327277801235052,1.4490844106977243,13.797059565560408,2,46.158014706141124,0.10220994801497327,1.0188162636189118,0.4364962785342204,0.6918823826224163,0.4484709155991109,0,MEDIUM
40.90851620223999,0.6210276000654015,4.862498539191668,0.4548821951836335,0.7271684265032468,4.57571824627452,38.75140229002621,0.3160098585391736,0.22220636684759035,1.2062925027604,7.997804914523343,5,35.90196096617494,0.1874380926212836,-0.5987046705959462,0.7197611602778307,0.6699121965809338,0.33704311059714825,0,MEDIUM
92.60147703128166,0.05,1.496415610799798,1.0691820178576548,0.7275009246439834,3.2446435390950827,94.0384646705653,0.1629148410912846,0.2228499473423512,0.6706794377246896,5.006926128631727,3,57.8299344235422,0.12476322037077173,-6.046504792073443,0.4337486130340249,0.4102770451452691,0.4118039684214706,0,MEDIUM
91.80802007007945,0.05,3.8888097455687913,1.2600882814971723,0.5334315941679256,1.1875411753172418,94.02421223634309,0.19678651663338934,1.2550294306041143,0.5193542816244141,7.5386854785127415,4,73.62490316073605,0.3611661237556316,-3.507806596873253,0.7248526087481116,0.5815474191405097,0.5327875925145876,0,MEDIUM
31.401495145155952,0.776019831301622,5.825423862819356,0.36868554685584815,0.6735259665867466,3.362272242759737,34.44674242682364,0.21345120952258775,0.5714673362541816,1.0122354459318164,13.026271899385964,4,20.25466497417845,0.26911337898184357,2.5446492796482794,0.8777209657706911,0.8010508759754386,0.5610942911464655,1,HIGH
52.266123000852765,0.38218581856208617,4.3296738094686,0.7194895792902312,0.6107341593944227,2.8554052565394206,38.42094672484644,0.2852344537252671,0.38860423087067997,1.181330001624655,15.298964132813413,11,41.93452288167181,0.371508180824633,0.43237086877964837,0.7749916701894091,1.0,0.4414831391475627,0,MEDIUM
35.57465633442542,0.7756672729162228,22.27073346208348,0.3522407041955292,0.8293642589820462,3.5185267018679642,31.919527859429586,0.6707872635213856,1.4852423702546909,1.100202001131037,39.151414848356154,2,24.15339299031037,0.7866315218938643,19.84663938678805,0.643787247985042,1.0,0.7667563011287838,1,CRITICAL
34.211442022084746,0.585835921007323,11.882188312245216,0.4317716584784538,0.7574379614274689,1.6775036928420786,31.08279983872681,0.25434900603825283,0.2824772413486847,0.8552814115185456,25.128229564881075,11,31.83352866478422,0.2738824934335708,10.20700950204657,0.6567610183624581,1.0,0.6115918938562127,1,HIGH
13.135390525135287,0.9197174487973179,10.629360547349924,0.17156393242412557,0.8610574360793956,7.797704919166266,13.42191766599422,0.22714371677961148,0.39835107778364576,0.7028028615860337,9.980312980402521,2,13.198588958748866,0.12387696261717436,9.591304990356823,0.6682725702795655,0.5392125192161008,0.48779000036922887,0,MEDIUM
61.81296838829123,0.3555808380571689,4.351267873120967,0.766211560409016,0.7226548812174884,2.2736693006369513,49.85484207342209,0.12271364756139631,0.06117709206713667,1.1859581922863294,9.325963808270792,8,41.803678365770715,0.22296250511558252,-1.120981615663342,0.5938080972023518,0.9330385523308318,0.33421896010013363,0,MEDIUM
52.72771697445322,0.5209778247420552,4.527517441713793,0.634557583856453,0.906205327420291,1.4750814269836294,38.37253950276902,0.2775372899143751,0.10127649379781241,1.3717196905935898,7.723624862343904,2,49.115621626317825,0.07954002912451634,0.1034115743778441,0.40118092124059107,0.4489449944937562,0.33042673615917084,0,MEDIUM
14.375693856249095,0.8127139412683737,4.932620515263048,0.16997912284119981,0.6311031968114714,4.3458925196397225,11.867185939822264,0.13784258954543652,0.11762320831735701,0.8659888282945727,11.304988433534481,10,9.570902847859042,0.1736327951364974,2.383952600303177,0.9597021754169798,1.0,0.5733809851527413,1,HIGH
33.68494946011197,0.6501270729130967,6.285762495609533,0.44816654411267365,0.9972744567616649,1.4917157964421752,36.83688829984931,0.17873291468031627,0.34091218458755423,1.1650425294173226,11.151484172708983,7,26.78537790148065,0.5598174725428212,0.9603755371115754,0.32915185131405095,0.9360593669083594,0.6272596645287576,1,HIGH
87.20260030716557,0.13124753096000202,1.8425253214387167,1.1430720017958829,0.647537462527675,3.694272240238119,92.41526472449415,0.310862276800066,0.5940132475728058,1.5205868083389111,2.3614969642386816,1,76.86827204023828,0.4721660681703693,-8.012082872229362,0.5943175716884886,0.16445987856954727,0.34611384237490367,0,MEDIUM
30.362760706692654,0.6161973964705556,1.8385546397368275,0.2918299622519039,0.9095904883294126,2.1903830100340715,26.054248052793127,0.16492687335139417,0.0005956736231489955,0.9620559194925107,2.845437055443967,1,25.564739764284635,0.24940607543628165,0.014628728368317523,0.4437129657411589,0.18381748221775868,0.30749595373654676,0,MEDIUM
22.31606412775396,0.8361053063560704,5.689576870695506,0.29553026001139343,0.9246091111145203,6.500075386271461,23.443221736367736,0.6021349935241905,0.1685099750060084,0.9661028653803776,15.492355651113177,10,13.963570204195099,0.4519533069511405,2.6306191010085427,0.5311389865062548,1.0,0.7260498408913508,1,HIGH
51.603484623592855,0.4429080684463446,5.5816774241978955,0.5712682797943716,0.8421153848540709,1.486937307391909,36.798537443502084,0.4269527175249238,0.15452808517457964,1.1119464078356818,11.851997997073697,3,39.38329680017863,0.43126229554739437,-2.0080841101225606,0.45828095694206594,0.6840799198829479,0.5826486982745139,1,HIGH
93.78028859940106,0.05,4.737358397826131,0.9629814070634112,0.5461260628153527,3.3368776623742957,77.43266164506126,0.15102366852532556,0.23372361921682924,0.9431297000519218,10.564507496587238,3,76.10951006150368,0.22976235973803655,-8.347642720493326,0.7058109057769709,0.6325802998634895,0.5075349359984541,0,MEDIUM
30.574698078477535,0.6147050692465437,2.7787497514274166,0.40813683953217544,0.6070305359531036,8.4998430358542,30.291109779766067,0.36247977416768673,0.14529513197473906,1.2678465972478237,13.742974844244898,11,23.729911825264306,0.05,-0.2865079135770014,0.8968067306936164,1.0,0.6558137943654615,1,HIGH
67.13152152949968,0.12369809200137832,3.835962245094809,0.7491961044549487,0.9321840198838245,6.076478867114543,52.93863569340701,0.16927524026863974,0.1736577964013871,0.9191985148371504,13.01757476312442,9,60.38308174064974,0.28000055704728016,-1.3311901153558208,0.16357301617495243,1.0,0.6427433872595459,1,HIGH
74.73766730294099,0.23734110596257657,4.909526544905564,0.9747154620958683,0.7130440144219102,2.029882641821785,58.247277883327584,0.10447616062688211,3.3021735475695366,0.993790192979822,9.973474542750639,2,74.71359494652894,0.3043251110845977,-3.6704986575281255,0.549104531348423,0.5389389817100256,0.21082365722418858,0,LOW
30.199191239353972,0.8910173213354935,7.940119327799077,0.3115656014071414,0.7367468049694652,1.1916916471413688,31.549790224386363,0.22225284557322317,0.7225619254354138,0.7115111158201519,15.497266099254215,4,27.19279250788449,0.23961911229859012,4.703071812350117,0.8403884532135489,0.8998906439701686,0.5125674536378444,0,MEDIUM
71.89838963200806,0.3437844467117613,9.913991697643452,0.6484980661010926,0.9082798627737707,6.829610813534507,68.04331189795542,0.3659901704450249,1.1507210497071234,0.9528832966755539,19.18162604710613,3,62.22684111775824,0.05,1.6516749732945526,0.30947242919522455,0.9772650418842452,0.45827043732821304,0,MEDIUM
41.261566281136524,0.5858435068098832,3.9705313378699816,0.473571208168045,0.41080813443662745,7.455695900451211,45.20654697486833,0.14759518027713692,1.3689257283627758,0.7984840681130485,8.478675963371163,7,27.524745708400083,0.2702387409312554,-0.7564035401739,1.0,0.8291470385348465,0.5870256841895106,1,HIGH
63.74599560045426,0.34150877765879606,1.8217065841571332,0.6056597104390807,0.8174048954610724,3.51329196703997,48.05605795696006,0.16648767878867077,0.8813269732791398,1.069212799580013,7.995072816996066,6,48.25454044147667,0.19407199222393284,-5.2582453041943715,0.4446470456377894,0.7398029126798427,0.4215859861219774,0,MEDIUM
63.85002541467605,0.36329701727820324,4.198894716560405,0.8154848483945144,0.8838702878963349,5.734312310462957,53.79054093136303,0.20141162145381097,0.974133635167341,0.6671535623623517,10.901223714597782,9,54.06368534818825,0.2373507270629763,-3.6547107838005397,0.35584307679459926,1.0,0.5319207182872079,0,MEDIUM
55.54084814635447,0.48836104775047207,3.561191016516116,0.5765348693642666,0.7359911556718255,1.2875613455396484,45.79261555223349,0.27614440934777773,0.8003542938463695,1.1959775189137114,10.966030770030901,8,56.6694799372374,0.40309138368023195,-0.15950903342475553,0.6401937903674978,0.9986412308012361,0.36995838656466407,0,MEDIUM
17.674630454624705,0.7287886702290454,4.401612315157688,0.1982780383742199,0.6562222688011872,4.150902552592773,18.594646139390743,0.08611831219351454,0.8384269296213414,0.8257653931158431,6.970816528160114,2,13.028887010654433,0.43750887930135957,3.3795015560735537,0.8800609319127419,0.4188326611264046,0.5078681775498423,0,MEDIUM
81.00071212508523,0.2791386143226575,1.96101885468181,0.7642553128817713,0.6965241243763777,5.379619404099321,64.97217845817565,0.3646090608713975,2.109882872902876,1.3568257400390225,4.904916287981445,3,60.919098128061655,0.32478577865935915,-7.916717245074516,0.5947831205967622,0.4061966515192578,0.4472361380136482,0,MEDIUM
37.26630552259755,0.684567450009324,6.46649883874158,0.38881040537094547,0.6700898864450903,2.4180550507181326,31.35528807767739,0.15265629534938446,0.16437894353229002,1.2741514786770982,10.127507226914368,1,32.24659970108248,0.339714783795664,1.766338692897427,0.8371488953370265,0.4751002890765747,0.399456870457794,0,MEDIUM
25.85407338398761,0.7989141242167586,3.2624375320942476,0.3337101909462758,0.8759080863341718,2.506431201374993,19.574986370164073,0.40724404535617537,0.2569690632482497,1.1071290937645666,10.469946491226192,8,25.97985446371798,0.34255139690409037,0.1883926883703153,0.5855949326071215,0.9787978596490478,0.3750955028508262,0,MEDIUM
13.465887032154933,0.9004191887832289,10.596126642302343,0.13139931177497882,0.7695763421330841,1.4667432571722923,13.602705737298807,0.3384723787289072,0.07831834307297807,0.6924020337454466,16.715348909818534,2,11.371132495155209,0.15680713911658528,9.341526791858438,0.7958450811919883,0.8086139563927414,0.7201667470159876,1,HIGH
60.22590017100055,0.3993103309055136,6.580962845260007,0.7369119371547084,0.35,0.5295743764290309,47.88448781971034,0.428440329434951,1.4527981058612112,0.8744222283464934,11.36872697779301,4,40.86238499090427,0.3421211444997457,0.8906365420493263,1.0,0.7347490791117204,0.6219566018212337,1,HIGH
67.59297075659401,0.3778991913114054,4.932870013399773,0.9183944310091361,0.7426537988482516,3.2379894171213426,49.162267594845794,0.15501407750091717,0.47646120771399697,0.8207421413064881,4.6310107348620555,2,42.85160609834162,0.05,-2.3919532115072712,0.5749688973833254,0.3252404293944823,0.15023618774398997,0,LOW
11.409965458867774,0.9332454761106325,2.6462633328231995,0.14147425886233087,0.6549975277944162,3.281806212996043,9.972806065549387,0.1490677368022127,1.9010245802389711,0.8457747139355292,5.179970419748146,2,11.410499488444716,0.19710251916865126,1.2064052325686547,0.9841264463636918,0.34719881678992587,0.34290492346269835,0,MEDIUM
53.527909955438886,0.4363976435703292,5.304021089240659,0.6988126693806613,0.876994757066836,2.0187502888789566,45.85111105310244,0.29887548563847394,0.4243815800190402,1.3153571071726298,9.11617182497264,3,48.25403179675324,0.23712891397241925,0.3443253452420392,0.4027066861849105,0.5746468729989056,0.3663469778095294,0,MEDIUM
29.252140891824727,0.6615904492500007,11.312759056807197,0.2792075352944718,0.7816011379470729,2.6727183795108322,22.5546784114876,0.39191148725764335,0.46759805157989986,0.9694712417938245,22.740672465974434,10,20.454144365932944,0.2888867368093981,7.626336388867212,0.658393517704391,1.0,0.6936896501188629,1,HIGH
64.83968718480324,0.3597516317729265,6.744798724768975,0.6648440504894678,0.7579309411820108,1.5947349882566666,48.852750626286536,0.22064009880513705,0.4758826216101151,0.8684272363302766,8.059509176761336,5,60.04319184466531,0.27347083402085726,2.164787091126848,0.5429794041134471,0.6723803670704536,0.26154969632347924,0,LOW
24.82114646542427,0.8757101474653722,9.200283534006417,0.3344077175411995,0.7493252541978402,1.0619445442395472,26.276233689004414,0.44686248744547546,0.7584172829743723,0.8504181039481513,17.095294212761484,8,22.930009393074148,0.21301006937182046,8.155377330381022,0.8138671924359258,1.0,0.4573508589058776,0,MEDIUM
68.7297077387096,0.21357435656059182,3.714178730165125,0.8643123687797958,0.8623589629349696,4.14364106819116,49.975968110036284,0.11292933884349589,1.162371774982347,0.8936324491947635,14.128293316032366,10,65.11837553683988,0.13230434082017228,-3.4734335355174397,0.31324873387784147,1.0,0.43035309543459327,0,MEDIUM
42.87250443554568,0.453872934384348,4.82422095205398,0.5229489112105685,0.5977960504937472,1.7131884614888215,31.713836877466477,0.19372450986902265,0.34621840969920403,1.1065238985504782,6.419717578369147,2,42.93588537764364,0.14237292897396955,2.309612272847242,0.8302423914515532,0.3967887031347659,0.43091201024262293,0,MEDIUM
89.62204904262244,0.11696037687269703,5.948962133492573,1.104039116271404,0.8062831637193668,2.267553694322191,71.5200901090147,0.2922107369555067,0.7957596358131949,0.6745819225811494,10.745280944108838,5,59.904678691104614,0.3565297260134445,-2.32538225086782,0.3490554428572983,0.7798112377643536,0.41876818865192494,0,MEDIUM
21.689280252409425,0.7871782136243872,7.325821020457337,0.24012208178676855,0.8870902294113089,3.1004469722481427,23.44905466466203,0.187874044971394,0.18249214830213778,1.0196357219878582,14.271897853800535,11,22.351560318646914,0.6454598439992245,5.739517540296109,0.5629537626952303,1.0,0.5405474889269586,0,MEDIUM
38.99063983927198,0.6239609347569128,6.346437129569813,0.359602216432723,0.81343482310277,2.1903043181709956,28.62512249588046,0.07094002686947332,0.6460335584111061,1.0847093665930183,10.436722595932974,4,40.914246189032674,0.40345870344017754,4.61587037902482,0.5918282327243014,0.697468903837319,0.3726133864895665,0,MEDIUM
19.645249305450072,0.8230637627781793,30.300379501840244,0.25385999204670645,0.6674355469669351,2.0203278496868013,20.16400039713808,0.3213984005775971,0.6327577897540938,0.6529270678965187,34.97091051538627,3,11.915215875806426,0.09428798505808732,29.608200089759855,0.910378560938687,1.0,0.7169569434179109,1,HIGH
88.59895755367783,0.09615424409243722,2.104563631133594,1.0980570440159179,0.7351406459255477,3.593417271963923,93.63322663459917,0.142705163118123,1.7565348634910163,0.7164946149650995,11.492836320894435,10,56.79960761483451,0.11452787565592486,-5.240689140634952,0.445366153157897,1.0,0.4453644592656844,0,MEDIUM
84.57384503738339,0.2734506247143327,0.2817064519555038,0.9610990627407138,0.7387572985550344,5.2804171089855405,71.98478265020567,0.17048446671631112,1.809501803157328,0.9904585313362051,4.981004439448831,6,67.25976029881652,0.33099337489620456,-9.97364466839956,0.5285893645246148,0.6192401775779532,0.4437042344256392,0,MEDIUM
31.925038355788228,0.5526772981639965,4.760709355331204,0.4309496463601984,0.8040448406945284,3.004773717439109,26.10056284392493,0.1976182767208084,0.5343129065335791,1.28819652947558,15.490582174294826,9,19.64947752882524,0.15027246896181115,1.4663862811100647,0.5702713880402056,1.0,0.5647773959795578,1,HIGH
66.09864391290522,0.2727337988885281,3.4604513355707023,0.7059862851848048,0.9858267064756178,1.4370017844033363,64.1785504408813,0.18266334369573173,0.019925670409139215,1.240545624829208,10.869809006774268,8,61.51826182396134,0.3029935271593411,-4.26970634968807,0.1576268397308374,0.9947923602709707,0.24605689965629843,0,LOW
79.46388701710335,0.1971007490170428,3.8241706760135923,0.8321147323052687,0.6316532921505037,0.017011896706985403,77.95835151885166,0.1323552477327841,1.489515282715853,0.8783060437198705,6.324997107411926,2,70.94762739691396,0.3077645822800268,-6.239317359601296,0.651070436282766,0.3929998842964771,0.3961059144901326,0,MEDIUM
57.1920689859543,0.2966242052481236,6.016846420520492,0.764313759046743,0.505096613417462,3.663488266324389,57.87785137165122,0.27678418964757573,0.0004981315043263173,1.2818576868669584,10.808678482105092,1,54.28302745743626,0.493414829992675,-2.200574329518535,0.8906671824978688,0.5023471392842037,0.5160144679187826,0,MEDIUM
55.02029916026055,0.43572865604282884,0.529958370983377,0.7144351884017139,0.7047207509626392,6.231258894487301,56.79342252469927,0.08400393884424745,0.5204589607680508,0.9360746599097539,6.839447488454662,8,57.7321136574262,0.26519342851413674,-3.9011374020969773,0.6607832015774556,0.8335778995381866,0.5816895083651974,1,HIGH
30.557444726538392,0.8273431659928576,7.976237325485169,0.3536993380346955,0.7242684193929494,5.043425726415805,24.670803033357334,0.3015737009787392,0.01599088430012524,0.9343586259932778,10.7863113902449,5,31.169736284982715,0.17150555468843628,5.218626368926196,0.8272689539070047,0.7814524556097961,0.44406771225193353,0,MEDIUM
17.913735263501433,0.8225335664286626,5.8607184024557,0.17293335493346668,0.8420636408791359,4.874689426050974,17.462033993406322,0.48479873436833554,0.34782199239490474,1.0188031005427174,11.26614772467111,2,13.165380969908867,0.2860552634366237,1.8761829158516354,0.6481713218956275,0.5906459089868444,0.5660473700615233,1,HIGH
86.26333942603277,0.15582267819716697,2.273302942452698,0.8691339715535257,0.879305364146771,3.3081756729415353,65.03930491201643,0.36108279223606843,0.8101635255908923,1.1678929826278053,11.899471823958493,10,67.14815387430795,0.3123896480129897,-6.400827362850486,0.25895329287842705,1.0,0.4199796268523927,0,MEDIUM
86.53553485888308,0.05,0.5677253153725125,1.0627550144269282,0.8882630904061413,0.07137005283639422,78.2534379789633,0.08659996097910419,0.3711547792183041,0.8782003609695772,1.711411210703615,1,82.13824992288673,0.1727425307586245,-8.88836388488387,0.1926053643907881,0.1384564484281446,0.1634555094179526,0,LOW
63.81362386822777,0.31255484867456407,9.990743885075693,0.6971769984405742,0.3934899030478971,3.406575430855969,60.31375077339649,0.24565294161883267,2.0926469643921606,0.9203901402334849,15.289167702821112,11,49.43438586161929,0.5038892402515378,2.0384555196364635,1.0,1.0,0.695853107267865,1,HIGH
38.81753223913955,0.5818089671826895,3.625256406941969,0.5117069155756049,0.6219898668175062,0.8805956847396631,29.683486433813837,0.3145997226172216,0.8190197635880795,0.7503664779678172,11.411855539825389,8,35.494191101791735,0.10568006299192025,0.8116917803460764,0.8579196833650855,1.0,0.4042849038709739,0,MEDIUM
39.68281384207617,0.5777546538387396,8.127353658628316,0.5456297635470734,0.5522698116250927,3.8459596128867664,28.992367598810095,0.23531733613133432,0.8317704239067889,1.0702053028687526,15.676276237832225,8,40.21377664926553,0.11980768661286907,3.7598513464482,0.9604726094817309,1.0,0.4748979173010185,0,MEDIUM
71.70623270397034,0.3854691765605981,1.7486585304808984,0.9342020385291052,0.9091254519036263,4.30083488015507,55.780171901561125,0.33359072597050693,0.37528264656589644,1.1866678379925841,7.544326685158879,6,56.12052079959466,0.6662345778357063,-4.023450073476153,0.32904641042485966,0.7217730674063552,0.41453273970255317,0,MEDIUM
86.25437209596905,0.18207156389831952,3.529792245258206,0.9391140658546655,0.6105284144853667,5.058033070183159,74.88910780983265,0.19319271727536977,0.03144478564534474,1.1989249546698098,6.7876910433566175,5,73.50887038364549,0.397901439071647,-5.930847801024955,0.6752431602211098,0.6215076417342648,0.33411189800277186,0,MEDIUM
85.40234606253497,0.057059902819687716,2.336070349882422,1.10539947138305,0.9020679324816097,3.126335063317011,90.11112321812972,0.264574725545932,1.0720775825047706,0.7266839022079665,7.9815964304286355,5,83.57963964531454,0.2582167202220821,-9.695352487237152,0.17542805268742936,0.6692638572171454,0.4414342680154804,0,MEDIUM
76.28942139789802,0.25682616829558014,5.164918034353562,0.8206612022020194,0.9217979991148089,1.345042729682972,69.63437245090871,0.1836994912458885,1.0077145116724449,0.9234207011438916,9.97773174155619,6,62.172175740901984,0.42469636322576143,-2.3440021184643194,0.24571608547557677,0.8191092696622476,0.39114163954118336,0,MEDIUM
64.57268992311447,0.39413084064859816,3.0839882704953445,0.6351047200751077,0.5558807869949361,1.0686820366188097,64.53376270921784,0.24059513881794672,0.6042309076544096,1.24909358486784,7.0465952978995166,5,47.14511573477684,0.6007569231695783,-2.9315546321323147,0.8632442398318948,0.6318638119159807,0.2253653171382209,0,LOW
17.15189702457915,0.9196929528359098,2.944783876140796,0.15723085727711164,0.6942075265673691,6.746296577981578,13.201091523864925,0.17468912519711138,0.4306506982761227,1.046433834565665,3.9973863342899354,2,12.283778077012846,0.38577007329526436,0.974489361971044,0.9185351865669014,0.2998954533715974,0.3121935659291162,0,MEDIUM
23.73844069804217,0.8890588479450483,5.782435395286748,0.25942753284298575,0.7620036609058911,1.3870244398327682,17.623211356557253,0.16030517468910632,0.6183015031290862,1.0068209502039647,9.117689038125162,7,15.010948789122283,0.2359866966170049,3.761985836071305,0.8015239326136875,0.8547075615250066,0.4902779065162754,0,MEDIUM
86.37710602480173,0.055021404405753205,2.6673699098830657,1.1676281430989963,0.8976375836115705,1.6037220618587413,68.74295577959434,0.3598433304263545,1.0989091427516273,1.0021066384718833,5.8014640900008,4,64.66735173052528,0.21634136795719722,-6.713764742835632,0.1810543267855208,0.512058563600032,0.3223074882209247,0,MEDIUM
61.546470071065144,0.31966669839252154,4.804758721933081,0.6274621349930399,0.5588354504312129,2.1324352718646997,50.80982162242376,0.05269557678541284,0.9980205717121635,1.1082917093686009,9.338049059033692,7,55.92337841323663,0.16957411858239962,-1.6725123404576718,0.8215801735494416,0.8635219623613477,0.3887921850310883,0,MEDIUM
10.78174938741352,0.7915762774126955,12.300805422323819,0.1081686104340943,0.8966165726884867,1.428746178585942,9.91102401346001,0.11066636849813888,0.8586121947369514,1.0571831863608032,19.076137389484558,1,6.754536339046685,0.5228269278154781,11.303439523608349,0.5508632796736177,0.8330454955793822,0.5830356781299946,1,HIGH
18.62508114361273,0.7950275998353141,2.3585580015475998,0.2579406843918975,0.6877706365164434,5.090679958735029,19.602848140150677,0.07340107971625238,1.8728717149180356,0.8849228153398174,8.356623665167929,6,13.473961693411612,0.398305967166115,1.7809795889597928,0.8658578451429919,0.7542649466067172,0.3685722934731112,0,MEDIUM
66.39765037418474,0.3733321662138594,6.922948412267979,0.605879925082514,0.8049284442417323,1.71177778965014,57.79497470025131,0.43421434904478123,0.753057895007037,1.1762119032171805,12.631849690072821,2,43.1731288221314,0.16618601885738818,-0.01551457071104756,0.4792734167443313,0.6452739876029129,0.3434901121943012,0,MEDIUM
10.430234626928588,0.9746844150578422,2.1673976950958433,0.13485157261365402,0.9564904650451381,2.04482554975504,9.465638968149376,0.10255815466550508,0.011692753543968547,0.7594229900526455,3.714591716491702,3,8.156601143604373,0.2264010647710222,-0.06946566709675905,0.5526065099612139,0.35858366865966806,0.44695657054618665,0,MEDIUM
23.668684370487384,0.7572370744037243,8.937726068935786,0.2510501795773273,0.796605466124177,3.6844478138233043,16.611757590164757,0.6661419000542874,0.7700014346661113,1.2644248848224002,11.532391131495034,3,15.195900006200215,0.6600342413430629,5.785251988288369,0.6837103380155967,0.6712956452598013,0.5655180875186241,1,HIGH
56.64237209615982,0.4079884771780143,6.628697014801416,0.5203983828761186,0.6375515634602233,2.6027946523374075,40.40441017194345,0.0836577545440168,0.7585538671442005,0.8208091576318748,12.023415511715074,10,53.001564774013694,0.23160212615214554,0.7566235620257475,0.7476668933986721,1.0,0.581822160402779,1,HIGH
68.81109180387892,0.32402972134111,2.4826046672127995,0.935074800495885,0.7765380467327957,5.88372817176738,50.47346430533603,0.05015766001316891,0.057743637844047846,1.109577988408195,3.8021095918220373,1,70.02292115981906,0.18339074033587915,-6.369153049782533,0.49720779057136144,0.2220843836728815,0.43449571877256193,0,MEDIUM
65.41670705772106,0.27902149729238757,1.9859849426917289,0.6344250705603789,0.777731005622654,2.349138294589986,64.08205147034924,0.13742543523128664,0.44651515334852754,0.9670474098073981,7.3579217744853675,5,44.91181705734645,0.5955281967853838,-6.005582917290558,0.47291424021221284,0.6443168709794147,0.4123797202502719,0,MEDIUM
29.06289130414758,0.876534184694106,2.773531149226788,0.3417475284713297,0.7386607851921912,2.037316917780544,25.996074674356496,0.196377923475936,0.842367373644658,0.9047244399720678,9.4216742979871,8,20.714864255513387,0.2705864265321899,-0.22851756982530927,0.8302759145587661,0.936866971919484,0.6278311601683653,1,HIGH
70.53523381454055,0.16603477968514987,3.784713547248636,0.7314694923253736,0.860758786973249,3.1184538708406464,54.81888897240982,0.23442478997846755,0.9752724883974344,1.2715141845199642,12.638706936368308,8,47.4045949043292,0.717773983903441,-0.7247278229519698,0.2918792093827014,1.0,0.38833241381352485,0,MEDIUM
30.166172437228006,0.7131175219393778,9.023120688678675,0.2813286384968995,0.8325571779846045,4.743106189004992,28.26690344754825,0.17832512533393613,1.7883122714987998,1.1485812222188696,23.67401385024956,10,20.64403003839398,0.3120228241521558,7.138402040594557,0.6077229939927822,1.0,0.5397617826872522,0,MEDIUM
37.65897434353776,0.7852987541029937,4.6226620642172,0.3483309171256539,0.8188122026014625,1.4565907448188582,34.56509606148922,0.45660200045667526,1.4730000456873296,0.9882097339535976,12.893088778875775,11,27.87535988574821,0.3424862929199158,0.6781960563640563,0.664431073149303,1.0,0.5583298537293567,1,HIGH
73.45176943503205,0.2660262932144794,0.28735492569666804,0.7035051449132894,0.5774836471898531,1.2051208634271218,54.02522494153828,0.3192242837485374,0.09913810394208886,1.3490342759315515,5.775914678602479,7,53.36468576405517,0.6662617057500227,-8.507542768557652,0.7667876758224601,0.7210365871440992,0.3738947108878697,0,MEDIUM
65.21879641901324,0.332608913009748,2.463948563120202,0.6102415215205411,0.9425474359558209,2.1255734247874205,62.35993759249942,0.1522891330215264,0.7507972259238218,1.1959498386098453,9.265081641624455,7,50.43543312340401,0.3350549842340569,-6.236689311230608,0.2524833025711426,0.8606032656649782,0.2857961145667542,0,LOW
82.18398989200513,0.14956446725511455,1.877728298949939,1.0521844114189052,0.7784590997802332,4.082035671245392,82.74793224355093,0.3313865153966489,0.7260261787422495,0.8389045470131115,8.831305798574332,8,68.72424661962415,0.35644197634395447,-4.7396479464496135,0.40709358395720746,0.9132522319429733,0.3763817135322572,0,MEDIUM
65.89709584552918,0.32659770700371565,5.388099079150171,0.7530608754658663,0.8804916432410848,2.551221937267255,53.68120839977651,0.19706301607422666,0.289634797581485,0.5479303409840552,11.877426948671406,8,61.11233278706749,0.18218965944969312,-0.021216204114390624,0.34256138864023067,1.0,0.3465369609803788,0,MEDIUM
58.30623128351509,0.5267655651389715,6.124810077547327,0.6247198094690447,0.5695529450692223,3.089774085983613,56.84831573537284,0.1470672294834542,0.1627763793763504,1.021372099643604,10.376690180800253,5,58.19077992626833,0.1724034132925773,1.1364941407286013,0.9090533649656524,0.7650676072320102,0.448604313712168,0,MEDIUM
17.96235526538786,0.6434274944397608,6.86088015816485,0.19923565236741192,0.9539658908230597,1.911078527364829,14.008621852948881,0.32664176903243464,0.1780236508685078,1.2766996109644682,10.38321836482476,7,14.490604385787137,0.4596395969976489,4.719679872092006,0.3907649109852908,0.9053287345929905,0.5313899480096632,0,MEDIUM
41.25584326005185,0.7101162635031876,9.177315780991925,0.5629249939390715,0.7142272453554416,2.0275853860327313,41.36688441357898,0.1936594170742117,0.15637190071162135,1.1221301329989477,16.699261723246597,2,41.628714959259746,0.41151895969029845,3.8691104469548208,0.7837172637184314,0.8079704689298639,0.5055849222834962,0,MEDIUM
32.54220125294666,0.5606614152745217,10.455281675636407,0.44106915518457385,0.9198978724260842,3.9921959448057436,34.647996280594576,0.30626061189681747,1.313005744433461,1.3147927442866911,12.510192802681786,4,29.479661358772606,0.0869517262885923,5.309698975681189,0.4004838989981345,0.7804077121072714,0.5658850027567712,1,HIGH
30.739119687222104,0.6712766167890257,3.7156713917489377,0.3866484020840876,0.7965739110864699,5.1184239702708325,26.950426342810438,0.17612201534290123,0.12850414852829858,0.8803374303892139,7.462372724829178,6,28.526178328328264,0.1458498060480169,0.8970745927414291,0.640777441764808,0.7184949089931671,0.45721500120499636,0,MEDIUM
92.70589715395788,0.05,1.2140272942768946,1.2444294418614905,0.5976082801858524,3.667761100425296,73.96529169747998,0.32873906377345485,0.24564630402664892,0.9765551672221693,10.664067204805775,11,77.41031403452725,0.4270401795620185,-10.145411964655654,0.6285875797212214,1.0,0.43923764741989973,0,MEDIUM
43.41330659667464,0.6129511956149112,4.607861079323424,0.4601046484934911,0.8842475216243245,6.192380776684025,37.32114684117554,0.26274224323386647,0.19650399406768365,0.9814116786293632,13.446903888298621,10,36.269603337810636,0.45083625003532596,0.8104065007580634,0.4801043153709688,1.0,0.5539685080275234,1,HIGH
85.82395719005463,0.05,3.1622385431691185,0.9359571671108188,0.5205541965716712,4.1069105370173995,68.66182535599876,0.273545790499967,0.9982194766578699,1.048244245662129,7.192297368821134,3,72.03958986361756,0.05,-5.4524597426923,0.7441687051424931,0.49769189475284537,0.40444549691055526,0,MEDIUM
63.64678320976735,0.40050598118888187,2.5296916026748684,0.768125079846253,0.7801712614096612,3.375846620468707,44.584301159124315,0.18633506323300883,0.13795644693939615,1.153488556471201,5.85557327619715,2,52.278831438314924,0.1883823813271945,-3.8901837367889134,0.5299960984799491,0.37422293104788606,0.3822890537338321,0,MEDIUM
77.55896080104012,0.3863551618525471,18.662086222762056,0.9398695492140611,0.9128139652647149,4.625874923735139,74.47076810381542,0.4774211721356042,0.01948739566988026,1.326473933518915,20.554795829197047,1,62.55093968409453,0.3072218695194447,10.789962166125234,0.3239566330292012,0.892191833167882,0.6078406849607043,1,HIGH
52.72415291394133,0.3637045504931618,10.945395154801512,0.6015034558153892,0.5338314900154237,4.02780435257355,37.803779509251456,0.18507408914103962,0.37501205731530735,1.3685388443339253,10.482687841479596,4,50.011596412948826,0.05,5.807375474344831,0.8811050402234453,0.6993075136591839,0.36467724874565843,0,MEDIUM
59.036830193240526,0.42480819147642634,2.4743995380029498,0.6495993185582676,0.6824410655026625,0.0012509095797580234,46.294102097042305,0.306587817782901,0.29118325613677604,1.3333141537759592,3.8365784065597475,2,45.72147797384106,0.3865964738261233,-1.5639219893180303,0.6887424974842195,0.29346313626238996,0.3762272918580879,0,MEDIUM
51.864003974603435,0.4284013860302369,1.8007118967145086,0.722512333776176,0.9527619607105043,4.241549789157029,51.29245344244942,0.06049722180587756,0.4056059444889913,1.1338162224523798,3.590781932364763,3,35.943350697486125,0.2230771339220377,-3.4052859348771665,0.28505775194936195,0.35363127729459054,0.2505020546324917,0,LOW
26.595653962833783,0.768114436867105,3.193812912204484,0.34855248477017553,0.7230059493185692,5.247269845795589,25.6991146157864,0.2527176888775337,1.1213399963494683,0.9315555018905163,10.487934641693485,10,17.579891494729964,0.13185623363091378,0.3098012537388401,0.7995482944556986,1.0,0.46893116676366253,0,MEDIUM
71.40842979722795,0.2874475242209806,6.890310477202255,0.7979821327954156,0.8633472193795348,2.5879547307108854,52.08042184524185,0.272627374112115,0.009955212388747837,1.0451796863549787,19.953596794667536,11,71.10928711380626,0.32041191496759375,-0.1678241684209929,0.34870293304118805,1.0,0.6989964171289621,1,HIGH
33.86565080747275,0.6100245392017277,10.62289105622514,0.42794202261273995,0.8774420812639242,3.4206900908192908,32.64722891531127,0.4917374880818503,0.030749540961280488,1.1310465520667328,27.17445983818092,11,33.46933819354951,0.3827075056627049,6.69813274001386,0.48884914770497756,1.0,0.7418665738223977,1,HIGH
12.066857146673577,0.9183612113229502,15.946315979933104,0.12486552654352655,0.9462209403538103,7.8471150963824545,12.938445705388508,0.39574754748332125,0.23618937027489123,1.027013613002462,31.320913100757586,11,8.563115021634683,0.3095670335488047,12.951758447291187,0.5398491951307596,1.0,0.7062118267294281,1,HIGH
64.86514515210926,0.4956963972618469,1.8249234360045288,0.6162737957998503,0.7856199566156722,2.5352004009588027,47.33864699329847,0.084349365983618,1.7600840788602814,0.8172411360517936,7.497577411612645,6,42.36940614090673,0.14586745813818083,-3.866775563495734,0.5694182637074152,0.7199030964645059,0.3030568690578059,0,MEDIUM
25.05440774959916,0.7341836191658245,8.183143740620073,0.2696394228354313,0.7990414532162583,7.090915758357839,21.704014365886874,0.22943102791449427,0.1481721119102729,0.9075256702439563,20.09290910917617,10,25.861322857539555,0.1279150026553793,2.8087593261423995,0.6685296297585248,1.0,0.5806667265721656,1,HIGH
89.93897966999772,0.15819083867187733,1.349202098758079,0.9906656294192795,0.6025695459397988,2.4651049360023065,89.19910169443166,0.13776130776578752,4.657500777834536,1.173608400030008,3.409239453725821,3,73.47183625949785,0.37804130269824354,-8.189529160369874,0.6752411004262404,0.34636957814903285,0.3362521785686398,0,MEDIUM
91.08392904521993,0.05,7.2966434320875,0.8272866928074599,0.9095201873014189,4.373357456020528,88.08628418898124,0.14694940026093867,1.3106509306207321,0.9506998754340428,7.190502026804665,3,58.47767848523926,0.16558892372825842,-2.7982613089455275,0.1607197190478716,0.49762008107218664,0.23955998207346124,0,LOW
87.76347316873813,0.05,1.3363007157195816,1.147416138387015,0.8988216946275916,1.0914596769965061,69.38617198469994,0.17853938127767763,0.48724566433425687,1.0048346364016796,5.12170627884992,4,61.161363241710006,0.14908687576741195,-9.660562115736965,0.17676745805861252,0.4848682511539968,0.29936030454440965,0,LOW
41.46348952171277,0.6231576070133025,1.6033639550358392,0.4476384650765759,0.7370566789258088,4.530120692518253,31.728978005926507,0.021232324964521397,1.1022237559906083,0.9843157243099752,3.4340095208816566,3,38.00922564597161,0.610593330953143,-0.8642127835621396,0.705993785117938,0.3473603808352663,0.5045750062562616,0,MEDIUM
11.313812404953731,1.0,2.46019662962574,0.13465802286490317,0.8818707083790037,3.626188064082266,11.46879807661405,0.49509729555719484,0.5852029816652553,0.8215601297410984,8.672609723509375,6,7.202286293262645,0.46682387639662465,0.9901434682745698,0.6771939374314944,0.766904388940375,0.50290017362655,0,MEDIUM
88.90707781995665,0.1393782897032862,2.6577572786483086,0.8330429546121645,0.929025943456566,5.58138099425372,96.241721665263,0.25326885276280436,0.6677543373040837,0.9657458545405755,10.679975683302436,9,70.67035603364849,0.13534582478433688,-5.6121864990320285,0.17615022966679414,1.0,0.30559279430455083,0,MEDIUM
46.395652606971716,0.5109988314884305,7.6621838172336325,0.4581563338329145,0.800135963043724,2.981091123113038,46.72197118766894,0.12658225332762252,0.6954717909620002,0.9084365484857009,12.040994676458022,8,36.7644883669991,0.2525831304148213,3.812355586967732,0.5552954711786292,1.0,0.349286277462369,0,MEDIUM
92.16565961871191,0.07828671624674918,3.891452273125328,1.2394869818356256,0.82180374056826,1.1865800177876291,100.0,0.13948690599270414,0.8369384901719986,0.8616385611854359,7.013599998073364,2,83.73758651366957,0.2996024971457404,-5.371949314812699,0.3064377472709846,0.42054399992293456,0.2424479697996418,0,LOW
91.9076980525865,0.05,1.0043486817709864,1.1068846300784172,0.734888969891187,3.013295601080304,86.57688334272409,0.18214952873438822,0.050150961978821774,0.7883382041571824,3.733341623625293,3,63.391652869278,0.33710744514420127,-5.809643879285872,0.4226665451632195,0.35933366494501173,0.48478904704377945,0,MEDIUM
82.5058037147256,0.22330318896117335,2.2056208736491585,1.134571980015533,0.8110297915091941,1.8024354409170873,88.41648189303693,0.11120539941469863,0.7667285733529661,0.9798793543149434,8.719367929611561,8,86.02853933226167,0.39616911983775377,-5.386330548804459,0.39510690721679553,0.9087747171844625,0.36226720801775947,0,MEDIUM
35.02815582591478,0.7203050867267249,3.5098984399351605,0.4901752616122169,0.45109497047855046,6.34559226508155,34.19358471665714,0.14084406248344472,1.009701366637238,1.123634020294191,7.950076521341981,3,23.46450561509245,0.4577038374450516,0.5424551570913152,1.0,0.5280030608536792,0.4985894654810758,0,MEDIUM
42.733306931163646,0.5364997040617172,1.7042296890440005,0.46405382460040795,0.7780356781352818,3.002635112883823,45.44917524997337,0.21492533584010715,0.29768980219360647,1.2241160190385927,5.645484867964683,5,37.14656177305747,0.5604673682861733,-1.1551010267591892,0.6011963348279359,0.5758193947185873,0.46069998087358704,0,MEDIUM
82.34661707893284,0.1389304573899115,1.9477291438353008,0.8641466612107817,0.4232869855102495,3.9942201484355433,62.96515390308172,0.3817429779851016,3.0747004925625134,0.7211704615379828,10.851916378301393,11,61.56612038816552,0.5080611316803786,-6.292444819798645,0.9345347504295816,1.0,0.6115166608300744,1,HIGH
36.9383704382836,0.6518865539893279,12.583642184471378,0.49097670361160484,0.7209024893364165,3.5318072855034064,37.90711932908999,0.4082586664037763,0.12480399868829502,1.3212807587207922,25.269450729703784,9,24.371790332473914,0.5417843948272655,8.771302581284724,0.7445895429900391,1.0,0.6438786080794243,1,HIGH
24.40688346831786,0.7209935864335737,1.7609950311100488,0.3415269148640295,0.9654383652398301,5.703397661187455,19.005599162523215,0.3140184657425969,1.9302997227526957,1.058589097796134,4.245784883905115,2,20.56274060455043,0.11104174147142376,0.5855079314772365,0.41233924535704175,0.30983139535620463,0.4855928286990612,0,MEDIUM
57.328107308959765,0.42142831774033657,4.941460578946854,0.6964336669917588,0.7232430860162675,5.361814496154926,40.75865851617033,0.10785080952493223,0.9027198300888122,0.7745942551962415,11.787026056122013,9,38.76991557444674,0.1219980791942657,-1.423974868673871,0.625849529845767,1.0,0.3863725917992603,0,MEDIUM
89.57315580366638,0.27224618509665743,6.49300322233268,1.1622747213498197,0.8558582928693357,1.2576725605804415,81.24593843314554,0.15488905626609292,0.8732644034248666,0.9192604333088884,12.026593349698263,10,81.14718069771166,0.06779506918400777,-3.260144092105267,0.3523356532443252,1.0,0.3842815233832101,0,MEDIUM
69.1625327173727,0.28861261676659333,8.632021339520959,0.8928004121412643,0.7196812606038031,0.22928667574214817,57.21821257634916,0.3087118647954829,1.6701251770911587,0.624522846423016,11.005442222647495,5,42.50687028934633,0.21010304467574722,0.12175480572297248,0.564784417477592,0.7902176889058998,0.4923743649395326,0,MEDIUM
58.455199457596024,0.38678079326234205,12.14923860738442,0.6299540627142521,0.8662495197122436,3.2140494628731595,41.936493394708954,0.1919517700328166,1.425744607758853,0.6756483192929743,18.326708603975256,9,48.49896763260627,0.2146466284701652,5.059838162636923,0.3940161170628056,1.0,0.4421740962011026,0,MEDIUM
18.260001970515326,0.765596635844034,7.674463725678123,0.21677090911015295,0.8575670188647236,1.7368185618634768,19.942145334273125,0.25927277894775735,0.33902681505365734,1.3442850044047894,16.13921264707653,4,12.755383507204973,0.2726926994909452,6.034275137885442,0.5964477896249316,0.9255685058830613,0.44822432459656075,0,MEDIUM
62.275614269429425,0.4367792150257007,5.514616880787053,0.8198761921180693,0.8676991211981773,6.266102068843,60.194764183155606,0.06335579671929598,0.9776274209494373,0.8601398112721041,15.62227389566389,8,63.98804075268994,0.1617440899344071,2.2632526328738924,0.41684092571558445,1.0,0.6680410846043578,1,HIGH
94.15457725886237,0.05,1.598783830063643,1.1713365509563454,0.4186052062842967,3.6616846278531074,99.87210165560792,0.2545388150552387,0.04154223456363635,1.1073784768617585,8.62684557148486,8,86.59766943475054,0.2972173242230274,-8.941565845237431,0.897092190573555,0.9050738228593944,0.44110918781946523,0,MEDIUM
21.907141295104545,0.7289787439832405,1.7594240422544825,0.19948246497218003,0.703863230575005,2.6153687065338005,24.089816256243257,0.4951245339944753,0.4989244055868966,0.9777617785452071,4.953247409452033,3,20.590014932539304,0.21935345100813283,-0.20284953073258205,0.8086945261291127,0.4081298963780814,0.45064272825056423,0,MEDIUM
54.058020450917624,0.5651241180726647,3.904732948859427,0.5775303937342724,0.8827281233473696,4.175853313821714,46.31619266246047,0.3932141362409932,2.221627810268709,1.00356194539262,9.253831677503182,5,49.5932366217272,0.05,-0.8684615390247594,0.45846987401527795,0.7201532671001274,0.35330067571167295,0,MEDIUM
84.57671111387621,0.26780112922232885,6.102410464342729,0.8222867962941757,0.5651392317568427,2.00266465064959,67.82162581541432,0.3900170296939613,0.25626278246862005,1.0736054278337994,17.367334871350767,10,76.08968801035016,0.09861556723715761,-3.3468567922521832,0.7861917169759004,1.0,0.6603611333501002,1,HIGH
72.96533250910738,0.22231278964982976,0.2827075680243528,0.7416824671802484,0.727832356731311,1.883727384141848,56.442607098627064,0.2817857506007371,0.04101003720654687,0.5831958729641333,1.088768904480773,1,48.311922869842945,0.25081727369903356,-6.14026043387305,0.5194078597279485,0.11355075617923092,0.48061462213987577,0,MEDIUM
69.24633798459777,0.15821342404517297,2.4872732122849546,0.9367261938606858,0.5381255126753357,4.930587826274132,62.74236482578913,0.23757394064366036,0.6996297216589136,1.263708427398333,7.9241327462315585,6,72.62852055048425,0.1390093433018752,-6.162676646640732,0.7719184430095829,0.7369653098492623,0.4823188773020627,0,MEDIUM
69.7111471389043,0.38348962379791085,5.354512000257716,0.640259691708622,0.876615202189722,5.368494275564512,65.69803750063878,0.4508978753017647,0.35092771645607324,0.9802580014771048,14.721969117639155,9,62.448571015569144,0.09240189859206906,-3.071087976285435,0.37682200861437243,1.0,0.4649006553160298,0,MEDIUM
40.55674785367919,0.5396621354024077,5.040761953334436,0.40958274094860725,0.7311571899801564,3.2003035066974,36.05369541182198,0.15205979611496034,0.38202031929769514,0.8991439053639874,6.657944193434882,1,40.71169768331742,0.14355131693882012,0.7245852107442609,0.6730952827309692,0.3363177677373953,0.2370462345196066,0,LOW
34.95530676248194,0.7136969803082021,12.12476104548748,0.3687032192210885,0.35,3.5801574761141928,29.883319923065375,0.3700981925616924,0.6986945551816044,1.0936012941327502,20.116967364996285,2,28.89799619877347,0.10562102345600405,6.875415085381616,1.0,0.9446786945998514,0.7541622491609199,1,CRITICAL
78.79569821567365,0.05443471242631667,6.2462801245279085,0.9522003397846626,0.8921207508120859,4.419341274808445,60.46065040229286,0.5551705080802817,0.7774196234358768,0.855776240621901,16.338011683014937,7,57.41740051559661,0.363963820502853,-3.8011138750098907,0.18903622999502956,1.0,0.7039125917682519,1,HIGH
78.85963854773037,0.28281140158664103,0.8242807122484703,0.9203320780690896,0.9402868203563957,1.1079420421666608,69.13970307242802,0.42618266481347683,0.4600381514791151,1.0416423940566357,5.9511578376144705,6,62.83167009069375,0.2917877531415218,-9.771801407904011,0.23097547025872703,0.6580463135045789,0.3618252824206268,0,MEDIUM
83.70114707930881,0.06609477486444937,3.123316032991145,0.8446573541499591,0.671803161024672,0.41073272501320407,61.44478229717876,0.12929049402591675,0.56668864600786,0.9669201745936166,10.153854056617398,10,65.25523438081993,0.3177519176808994,-5.856392355211398,0.5253426458952167,1.0,0.2727929939860525,0,LOW
87.62544696730006,0.18220665985232126,1.467119890481234,0.8605875073347771,0.8215169073220219,2.070942625784985,91.65789148534463,0.19048542218943548,3.999252791370125,1.1422020220443783,10.754620065686087,11,53.20456952410343,0.247219375142531,-4.0715924098540945,0.35882796894312785,1.0,0.3775898979046641,0,MEDIUM
53.46410390317971,0.4665008063951176,2.3301768493178976,0.5444779087571957,0.6580346245860258,4.623639303226669,38.42791603826579,0.19104860546793076,2.520001585016857,0.9572107400296748,5.745151836058408,3,48.316695569037904,0.45725753330458085,-1.421342169548488,0.7461984663185202,0.43980607344233635,0.423063074809404,0,MEDIUM
52.628885048411966,0.39739599596414876,1.250471416071424,0.6058978352212218,0.6699526558331224,4.64509694470811,44.85341066468867,0.3437847621082646,0.9829323303994774,0.7939959508534526,2.7753201539649472,2,49.04703157763776,0.411217330292796,-6.695540614911446,0.6937690142323909,0.2510128061585979,0.6017343160722262,1,HIGH
77.8550902121759,0.18888619284409863,3.851511022707794,0.8062586667600022,0.8611431059460932,1.539975821187225,57.61706027972127,0.20166188932906967,0.14089302537978962,1.0724683731769362,9.398057294284232,7,48.14642507676926,0.25996159549194714,-5.782063206678187,0.30272843750290945,0.8659222917713694,0.38911334085632426,0,MEDIUM
65.24693411611004,0.4024361353954356,8.876289574227831,0.8963631969982909,0.6550259316689817,2.3006203911849,65.89889451727643,0.18659609437751806,0.3569797886430341,0.9458770951149539,19.667533898566106,10,46.369333319814274,0.3130305493285052,1.6733673260875095,0.7186791701942452,1.0,0.527243957591274,0,MEDIUM
69.66718456690478,0.3117997105801709,4.607624614179002,0.7885855810794015,0.8104367956856661,1.1255859845181426,57.48203112679389,0.3900401839039428,1.7170685445190061,0.6358005507498159,14.674310702566132,10,62.63054383436209,0.1638014751793594,-2.12250492330313,0.4402446617615864,1.0,0.44998247616373693,0,MEDIUM
77.64237690206859,0.2703292694171129,0.8507046811494366,0.7216067045031122,0.6171612188521468,4.9054019594334735,57.86237927437163,0.49942586953645723,0.44071542749523074,1.0395312585034127,5.400018353860121,5,57.832130790731874,0.37574570127968376,-6.745659590600259,0.7094228064303363,0.5660007341544049,0.4328034203315122,0,MEDIUM
85.65045405449314,0.3016107062163074,2.724734789743061,1.083164080423418,0.9171524671624356,5.099605705947539,78.16430626764837,0.417315705419614,2.4874370660703717,0.892511246816381,8.928045096760279,6,87.38337028864649,0.3558058604941964,-6.197189078378296,0.2750766523645003,0.7771218038704112,0.3475536718402995,0,MEDIUM
38.729588332380544,0.4875647877393105,7.381742097778446,0.41224650817831093,0.8686733690562304,1.3096408985168093,41.30552434803669,0.0918755749003087,0.5360161985175426,1.0691513272906739,12.815770079920874,9,25.200109006951152,0.20151659265949107,2.8444145794680598,0.44077234028530965,1.0,0.520561769428459,0,MEDIUM
41.924550974395245,0.7101314962535374,4.502859843945415,0.5143071089859528,0.9240776570235775,1.9722278142577614,44.58499696882061,0.3437225257554816,1.5830640408709236,0.8289894686761152,10.182604252404511,7,42.66406285652888,0.18598532098112597,-2.041712867683658,0.4689492625914025,0.8973041700961806,0.33119500283327674,0,MEDIUM
17.988464886473864,0.8284638261371183,7.712064254413504,0.18704355156132937,0.8830518930442912,4.2992873739313975,14.388261015447238,0.10062111709652377,0.02881591739610344,0.7587232875957719,9.20398626527414,4,18.191406088790668,0.14390974415372626,4.608820629816638,0.5896540735021223,0.6481594506109657,0.4781380172498268,0,MEDIUM
59.15381198467479,0.33655915628740185,2.36430717540363,0.701192647811686,0.7531080738029005,3.25505565284105,58.435913655153804,0.36485414048944903,0.45556036481921264,1.2360248595978138,12.366154309020294,11,60.934017510056364,0.07289339323506919,-4.598035777434806,0.5386174674393502,1.0,0.45693559760884706,0,MEDIUM
13.055093272723077,0.7630239772136501,5.272476399385439,0.1678984543096487,0.817185066616939,4.021436172448892,9.296710475797463,0.42934128515223596,0.9638768170395603,1.1686295965556501,12.04929930781448,9,8.28675277453685,0.5414630473503007,0.9027678864683022,0.6557343886814165,1.0,0.39750702723932374,0,MEDIUM
49.57583154125911,0.48911205332524627,3.6207199713086946,0.6762165091264876,0.5986654572426345,4.860760044696526,37.31774705962784,0.23188161967658805,1.5935228324518524,0.9986840827015887,5.109055272961396,3,35.82253590772009,0.2917098001111132,-2.745346676521656,0.8465578407986712,0.4143622109184559,0.41737032752241016,0,MEDIUM
56.12479395014401,0.5124840694525166,11.107200875145326,0.5784016814317758,0.8409605896743324,4.162450159139636,50.50046931216117,0.1494630625011366,0.7525341457164122,1.0875534175337365,11.146935627773782,4,40.02225210295003,0.16832459879248063,7.464304986749324,0.4948011502147597,0.7258774251109513,0.491238714814919,0,MEDIUM
34.35600643090417,0.6462360060607555,2.156481456873952,0.3667257956879073,0.7892059450543364,1.0124483429847362,27.192867515389935,0.34598773290947965,0.15221397861529007,1.1620829333069225,9.590178576876683,10,34.30042458421058,0.25274547687498145,-1.7535381313384801,0.6393090854488732,1.0,0.41261193904375454,0,MEDIUM
60.22082714836591,0.5186841229361286,0.4001019774519788,0.6817799835694441,0.6593820127137402,1.110765277702695,61.38337465444317,0.0569268460271179,1.7358023124249145,0.9979620599579717,2.7587083607669043,3,58.006466581954385,0.3470357941988884,-5.1279930853874305,0.7702690423974541,0.3203483344306762,0.3072843608739526,0,MEDIUM
12.592521244819201,0.7579807323476833,15.924183902115278,0.171710035412634,0.35,1.376541252433331,13.50458331418668,0.16967759195715187,0.684181271538655,0.7582987423195575,32.504546263819066,10,8.455911133975562,0.17668878946507308,17.12071317407832,1.0,1.0,0.6193363697625877,1,HIGH
13.174596043683225,0.8672869237354833,6.947365034619496,0.17794840298097772,0.9229626873937491,4.106130046665662,9.245053108254293,0.44594410250241384,0.09144762379077329,1.0598938636231616,14.950317487740296,11,8.743519390018532,0.12424817651847464,7.853565246049117,0.549199430777118,1.0,0.4472810491148158,0,MEDIUM
79.92104765607095,0.10059804788624094,1.0263456846087335,0.7552052604404825,0.9119873199453489,3.226427755077489,63.39068420620695,0.0754765561410346,0.49866823654698655,1.2004443362416684,3.362340201045911,3,65.00450660528988,0.3868184562096652,-8.72423812683418,0.18231804402509716,0.3444936080418365,0.35541052720272803,0,MEDIUM
40.61620451995735,0.6229285054104239,9.330163776372231,0.3923382846051117,0.945146717097541,4.185607381805908,35.572538604635604,0.5762484065092413,0.9603655764321218,1.1186362764283613,16.2585182247474,1,27.537898455639986,0.5252067144712887,5.742028651534394,0.3937441770589005,0.720340728989896,0.6828481519401339,1,HIGH
20.800143575410207,0.862949555453682,9.00989199816628,0.23873460233574523,0.648551744017404,2.3403635725939598,19.24495251961494,0.37904352951932374,0.4797484157590689,1.0118607673773774,14.188187920776572,5,16.934545396314597,0.05,8.20645869703318,0.958647161700735,0.917527516831063,0.6618783847184636,1,HIGH
54.39067710465837,0.422432285458932,12.534828994012713,0.5185115661433917,0.7760070506146608,1.4023095263329974,58.00010286736955,0.22267115895508566,1.637053697124086,1.1130582089773011,18.374581520092853,4,53.30898674196443,0.19324439436833538,5.914071748768127,0.5472055668074748,1.0,0.4923637753160427,0,MEDIUM
75.44945201338192,0.05,3.854581288790537,0.8094145057227631,0.8813489261720917,7.245871357215514,79.73146465703184,0.07805572627301707,0.4408936441377611,0.9553510139757939,11.125340813002161,11,62.242886635727,0.21212444672861658,-3.0062789188416947,0.20297661074186243,1.0,0.4810764829737451,0,MEDIUM
28.34478733723167,0.7324679783714029,23.7983273119623,0.27613284598273047,0.9009484999956178,5.292768770554936,27.065531522887067,0.22810255181525857,0.700604186615618,1.2088350430645112,23.823824094565254,9,26.24728241582881,0.14238512291162655,20.815477778174827,0.5148112391922748,1.0,0.5363666439317953,0,MEDIUM
62.945690444615025,0.40548217969253053,3.600044603310691,0.7666912105236087,0.3893007449161328,2.077026967026585,50.54256981470188,0.3818908337841403,0.1897639973459572,1.2694361160979635,8.55944304451518,4,44.850838114195284,0.12657235114166746,-1.94356922373483,1.0,0.6223777217806072,0.3413712869999872,0,MEDIUM
17.25453452447028,0.8597982351522331,9.281285375122334,0.2372063192590834,0.9028597511495764,2.349232108846833,17.484280790386357,0.6464709684148527,0.5750778545005351,0.7407634894565929,11.682730748076391,3,12.416439628259377,0.5507014209060072,7.898006793495854,0.575609490851752,0.6773092299230556,0.5833640668296435,1,HIGH
14.392946299331655,0.9549331123524558,10.448960386184691,0.20126619484687192,0.7975967006149407,3.9633841512530843,11.241764834172786,0.19491588873775256,0.20170504253956212,1.2231868843068252,12.94439980658046,6,12.481597922452899,0.2535210284956779,10.441267853332086,0.7810715052538169,0.9377759922632184,0.5181427573717768,0,MEDIUM
55.16514368329258,0.36266426879515035,3.0503251437238523,0.5999874481000017,0.8374160653261541,2.166113727379946,59.91314855348015,0.45992121132623065,0.2041070080121474,1.4474568769603111,11.399793045213181,10,54.26007192589223,0.3358753203760132,-3.7502580784971045,0.42520803640834404,1.0,0.3651714148257369,0,MEDIUM
55.953985336859056,0.49487743506744536,2.945930974168034,0.6711715896002529,0.6113150745434942,4.081589477768746,39.298496359540785,0.2667527999958802,0.26269497450928453,1.1051176670879026,10.726984212996761,11,46.945369058098954,0.7253754831017549,-2.2806986198572514,0.8304661057184815,1.0,0.4707142780459631,0,MEDIUM
64.18154162734756,0.4535851847247624,6.525604319765887,0.8524167648901633,0.9436639261519307,3.110774047280052,59.554578864983206,0.24070492010850425,0.03616466112792797,1.1967514587620314,13.47029314243106,5,44.235623986158004,0.10522162579490749,2.600069808865027,0.3112967031344851,0.8888117256972425,0.3281469212827988,0,MEDIUM
71.71776336642623,0.1405353596152164,1.0615106703560502,0.687580456004541,0.7102238772833922,2.608101557610027,52.73829549128589,0.2542483464569451,0.142640975423704,0.8705806937140175,3.9390564661682617,4,50.06073942321254,0.4034559843185703,-5.297010594779081,0.5049318638825199,0.4375622586467305,0.34383159409489694,0,MEDIUM
92.94742675431544,0.09609787853036375,1.320950317648484,1.156993028732015,0.7926408419654698,4.260397534623298,80.21732971869554,0.25397568274445276,0.4418191200059074,0.8992586325606544,1.6795542453789647,1,81.5759308256974,0.31826060577750326,-6.830193260004536,0.3590876763169772,0.1371821698151586,0.2545295491720904,0,LOW
53.885529605601604,0.4208103174633703,3.917665651227173,0.5951235526401581,0.7128148844752472,5.2773165218751,51.40536275751569,0.11244739514005839,0.11238541992470219,0.9580980769882188,13.123697114254092,11,34.838447201113354,0.2440310685159134,-3.1178098901911926,0.6411828320188143,1.0,0.5872745101618364,1,HIGH
37.4513002000059,0.6189651841518092,14.60224485360895,0.3756639104687079,0.7614024754287069,6.514516977800385,36.54645425035826,0.31395240665207735,0.11452813833626306,0.9195101367510744,21.448471861535097,3,23.57427136823219,0.45914480435895055,7.879226308534868,0.6673788789328443,1.0,0.5866967479419681,1,HIGH
77.59082655533982,0.25190585312966873,5.4318625738003785,0.8545673698818996,0.9370567738778585,3.689344474231633,78.6947723761941,0.2843696558841241,2.751913023267463,0.7376352188430244,11.438382078721684,4,50.143597258565855,0.15105840356799383,-2.4737787272701146,0.22036776574804667,0.7375352831488674,0.5176190001416634,0,MEDIUM
33.02074135727631,0.6308143012981527,5.721334236969677,0.30972799716195176,0.7888293106635137,4.035915474897336,30.951367195334374,0.13755312586741386,0.44563159601990593,0.9654677238283487,11.91999164479595,10,25.64242258574436,0.2643573362306059,4.083472340210903,0.6321631846538058,1.0,0.4708788033553354,0,MEDIUM
47.31257075997907,0.4728176460672804,3.072270194224443,0.5903206364629455,0.7997428325860582,1.3807622926101855,37.87502536841361,0.4297353165003173,0.41365297751370084,1.1672766100849823,11.877750199612613,11,35.93231727601154,0.26162575181249326,-2.212379608037167,0.536794574154553,1.0,0.5097966989477692,0,MEDIUM
16.668792414092607,0.8360442692581159,22.051253568815792,0.17108370712459212,0.5993489427247727,4.028996041784958,17.59726577388084,0.34396277386727536,0.24929096235504,0.7402952432319478,26.737408363634238,8,10.017376945312236,0.05,19.879349468366353,1.0,1.0,0.7640902456178665,1,CRITICAL
12.154813190313888,0.791472192987837,6.125934983749407,0.12831870592247344,0.9233493084499508,5.040995933533211,12.45191286620378,0.07692870868817495,0.5746852822750028,1.0358263776753696,16.343019674483422,9,8.177180076582736,0.5519446453084583,3.6464175165761428,0.5107121338189924,1.0,0.4811606925364994,0,MEDIUM
91.82511524762363,0.05,1.348849715382565,0.8820175580553836,0.8227429232095271,1.0828549043727071,70.15630968096885,0.08075094087494174,0.7252008492757234,1.0296901215202892,7.8072699897356035,8,69.4547215170783,0.11303183659933144,-8.69481970796626,0.2908856151857093,0.8722907995894242,0.28192835725696735,0,LOW
81.05831024353749,0.24376676020114535,12.251159699227822,1.0799638257347828,0.6591986968128709,2.323415547931652,83.5390571661856,0.15139678221240455,0.43328291865670787,0.9397368475797352,23.781021305349533,9,64.31833243410448,0.5394105313713398,3.7279794438204337,0.6330853348812663,1.0,0.6608703396994868,1,HIGH
69.15780751796433,0.2165184020076642,1.1502766606987205,0.7930478900990602,0.7195765576701338,1.3626969939067723,75.3168501484713,0.12683950548174516,0.40044749070140784,1.0993050882622906,9.365670517832038,10,54.014582379379675,0.2859626967386075,-4.190988491787669,0.5288943644986314,1.0,0.2826944098774426,0,LOW
44.76100027521294,0.6056949973206075,11.415568042226925,0.530898335247213,0.8400932729096638,3.5115817649601837,42.74172621777312,0.4104045708567668,0.964316876430416,1.0805318502395513,15.452909786599674,1,33.29449034215685,0.3510658902323579,9.010085091188097,0.542707589295808,0.688116391463987,0.5416412185803121,0,MEDIUM
24.73001720602189,0.7897071313680972,5.863250599654607,0.29298055510723187,0.8900761204529564,5.519078072522022,20.098631250756696,0.30051407009630976,2.39302098734638,0.9255134306034392,14.890469042437898,11,23.873483640745295,0.2987827183940923,2.3154785222712073,0.5597393850046141,1.0,0.7062424523697419,1,HIGH
23.29714862704231,0.6289639754263292,9.856383620154594,0.2574909331426165,0.8924381960016247,3.475820950284671,21.960766696299125,0.1072694782636456,1.6818214897301567,1.2121781238793805,9.543711504025056,1,18.339728366004497,0.3606071497760497,5.569725213976355,0.4758246937107276,0.4517484601610023,0.4304038903530176,0,MEDIUM
31.270646343990602,0.6330883643732416,8.097862506994622,0.31153849157743785,0.6170655149535436,1.1524559009520152,26.173969643893752,0.12647405216854457,0.10101337666525574,1.1121220853754539,7.839237594727413,3,27.83127796077429,0.22211781422070406,4.048408452858577,0.8909459097563055,0.5235695037890966,0.4343164503612131,0,MEDIUM
56.68426650002024,0.5286860872435873,7.059357168376349,0.7213449149690615,0.7592789652661378,3.1716672549401004,55.00519850266881,0.6301083943308956,0.8451521412995806,1.3146950235210597,8.905111847684651,4,55.2457414773383,0.29322838630428244,1.3665165590175474,0.625424595722587,0.6362044739073861,0.3365368605694931,0,MEDIUM
70.7406534295053,0.2141002232137725,15.090810221032072,0.6816060970341202,0.8462853187554741,0.9850757276622407,64.93425944876431,0.1266721673729323,0.0056580513795916,0.9867142820891033,13.780103123777064,2,69.62107849461249,0.45129727076727066,8.646139535470608,0.33762213347367515,0.6912041249510825,0.44329026233492486,0,MEDIUM
66.11677702100715,0.30167988880517743,14.489293465894098,0.6293899943400193,0.639412530583757,4.848029816651001,70.86371333176803,0.3192744299068714,0.8021148293814724,0.9356470956675,32.94780384434651,10,65.16848655212662,0.07125011813486068,6.397767227141989,0.6917211485269532,1.0,0.6700486675686124,1,HIGH
33.794381240405144,0.6990210590561002,2.9829728714021657,0.42414399184623675,0.8892143487583377,2.167241481426976,32.00880162053612,0.04604187503883565,0.4994248131412583,0.9583067894402554,10.74520131791005,7,27.79896289821057,0.2183193439613686,3.353861691556847,0.5156890063905435,0.9198080527164021,0.37347000429890254,0,MEDIUM
91.16354885637149,0.15103575217889273,3.694846065686761,0.9156635592923108,0.9376382522128843,5.912331271144732,71.6174160709922,0.09795308145169941,0.5404235150934842,1.2356633754866218,10.551083275577367,9,81.82790477395228,0.19213223873093657,-5.956921674855299,0.1690604977701199,1.0,0.41854256748196167,0,MEDIUM
72.72123791914032,0.2526645099250371,0.6185204391806726,0.7660356124634559,0.6823251391318241,5.399074691536225,71.99722159012339,0.4151666920005551,0.7094352692361321,0.9702605933562318,9.249522196462854,11,53.93021318480485,0.6793889106176667,-6.529423201642633,0.6028445462647823,1.0,0.46980854050236986,0,MEDIUM
57.12009446346906,0.38099823978997804,7.552668755453271,0.6498060392050942,0.6323545721233053,2.4572332760900495,46.85854529971764,0.2237162440908961,1.0858713307937637,0.9824712423765246,11.884870308640352,6,56.42493503973018,0.13467328825904287,2.4799609955216484,0.7419672617100311,0.8953948123456141,0.4067432602361818,0,MEDIUM
61.99626342991994,0.49382695463668125,8.292481526254019,0.6972568838920111,0.7928741937874273,0.54552073304349,50.15227291092036,0.082184460434542,1.045861756205856,1.3921946246197145,16.100919187379514,4,43.1487401934151,0.3991049436317682,0.4718045161267126,0.5576021866371996,0.9240367674951806,0.3782616300855327,0,MEDIUM
45.666005306362145,0.6824519200401848,0.4786647996213853,0.5727839381832378,0.7558651021490513,4.389643734818741,39.12255309941108,0.08760212289909691,0.036398856429205755,0.7311042788882729,5.587364995901913,6,43.586702044920614,0.13797780124696035,-2.449844350088939,0.7074283067965155,0.6434945998360766,0.4469022068316415,0,MEDIUM
31.057134107598383,0.7677373029865598,5.39710154217395,0.3763242310479406,0.6615030781735675,2.8152132429077,21.889026863517003,0.09251367064981753,1.0669444854951964,1.071364025395601,7.283657037202835,1,25.1998921531167,0.11451949179840096,4.90061228766922,0.8916140342329286,0.36134628148811343,0.3138901562505937,0,MEDIUM
40.25767768535724,0.6042486745516296,8.4607287470161,0.4920285641823376,0.7330731815033875,5.4920819281136,43.786515311168934,0.4310992774849153,1.4166999685795367,0.9877088504974598,15.360198122183517,6,29.567419916244756,0.45474860545923895,3.1523894693064145,0.7025145650207335,1.0,0.5766949154486917,1,HIGH
74.41691938947137,0.19116954837401218,4.3885387808266145,0.9354408923256929,0.730675955817215,2.300341500536981,67.93762013362515,0.15255901306851452,0.056486160642618466,0.949878208553121,8.248769532257228,4,57.364000962326365,0.3730189102195507,-1.825763955559402,0.4995708404611836,0.6099507812902891,0.41671070565845153,0,MEDIUM
11.223446533529248,0.8213299821401823,2.0825800901894023,0.11743163530810038,0.5555387868003484,6.3483659007851685,11.328919518228282,0.20472803091192257,0.312004106224928,0.8093274741581725,4.1063967129636,3,9.705152975732771,0.16014167432826815,0.4131006471970933,1.0,0.37425586851854403,0.6241897904400884,1,HIGH
19.86617444308788,0.8431393839903818,2.1635911138919655,0.21081321899302313,0.7951069231098195,4.368676301769822,15.955337002280242,0.1951170960431588,1.2564202467472199,0.8672161200038675,6.227382770446896,6,20.23355074276253,0.18380657042946433,-0.555226386006738,0.7289093073304618,0.6690953108178759,0.5947770378920202,1,HIGH
13.910224571848984,0.8943696119526049,5.6692960003698545,0.1556552563225971,0.6831230865559189,2.1989485320427864,13.891407552469504,0.40781892438546397,0.5435639835559161,0.9183818605742575,14.829037480200647,9,8.95671492287003,0.3838928655729274,4.09738504382472,0.9225001761424241,1.0,0.6139125961317549,1,HIGH
13.461948197112461,0.9775084054645897,4.481780833350241,0.14185273300375692,0.6903557379165698,2.426525484685514,12.47745170621813,0.34256856034545385,0.9496691317562824,1.0991481025097674,13.384747280062795,8,13.647249484349631,0.447601901938355,3.124221793191356,0.9532205958574402,1.0,0.5149928006553759,0,MEDIUM
82.71414964093562,0.22489451099353494,2.270577557483368,1.1517688381738218,0.5693914594590771,3.571318980960193,71.93299461238644,0.4318726426234595,0.5582316439362163,1.1704882225187863,9.804087890998712,8,79.99027622231672,0.22846284417724916,-5.465416360197274,0.7583600663081518,0.9521635156399486,0.5726049078131832,1,HIGH
69.81091804730201,0.18164439538619448,1.007599378279528,0.9124468240339917,0.56572078304121,4.269113570298165,75.97296655352712,0.08510975763704945,3.0615005180139345,0.6442381032169675,8.893124207726249,9,60.337265711413814,0.47131879230634705,-4.850952605656337,0.7422410231312822,0.9857249683090501,0.5325970359746196,0,MEDIUM
50.30477547242264,0.5811080546936072,4.666293923319187,0.4941575648678103,0.7560066501791954,3.395656527300323,45.15042169413673,0.08525328212039429,2.201514815010365,0.7596870088256482,12.15584089787949,6,33.13361147546272,0.19761965268263537,-0.7844955857685372,0.6565440520780104,0.9062336359151797,0.49859466752508685,0,MEDIUM
18.315903655335127,0.7369961132614956,17.312276876598318,0.1653554429988424,0.9378294788801005,8.336374364694235,17.637911776040422,0.26059005057562257,0.2640767576798064,1.1095777722356417,22.761683076807742,8,17.68592576386327,0.22048865976866683,15.412947900254135,0.4617538383105971,1.0,0.7510783558265802,1,CRITICAL
51.78734938493075,0.45140880439450437,1.5087277774089258,0.47716430476712907,0.35,2.0224909824109916,36.568957141858284,0.4412935179523141,0.39005822535216494,1.126451838679359,6.71672475256288,7,47.1671070192585,0.4522038221107668,-1.5871249013135915,1.0,0.7586689901025152,0.43735195951479605,0,MEDIUM
50.24510051634808,0.5175650113366547,3.825195158888797,0.5135208677972256,0.7540632525514271,2.062081850879274,41.23022922212407,0.39227733535112924,0.4515864882927453,0.7072680408218612,5.07228625983804,1,41.39158257681692,0.19456411249418198,-2.512587870963911,0.6276876268411866,0.2728914503935216,0.3256909559457643,0,MEDIUM
24.722158942351292,0.9124318097592042,8.98922091291324,0.23662706715208398,0.7592594109707035,4.555884479579653,26.093660919380408,0.31882089734461627,0.08803435373987956,1.1748577414135506,13.950752708724286,6,24.688543426690405,0.2439079099302711,7.16038497162313,0.8173267884235469,0.9780301083489715,0.6184615619781029,1,HIGH
46.87739018522771,0.7800195826281517,1.0116722875474975,0.546904006229414,0.7805680156015229,4.196666358310112,47.04538114667928,0.20311089237174562,0.41411229569734753,0.9972057212668903,10.2915077013249,11,42.14298394608356,0.1114845698762477,-5.3931043695000636,0.7191577679117915,1.0,0.39752295074537874,0,MEDIUM
43.87290242377674,0.6098088204931271,5.024616166659975,0.5830698252479106,0.6599672243653182,3.705396280973072,40.13061467852477,0.129028402745385,1.1927830040942669,1.1494143806563126,6.624618625484242,4,32.02216740603052,0.3602456115459918,1.7027093197804606,0.8149535736985863,0.5449847450193697,0.4364447365844115,0,MEDIUM
62.3472583344384,0.3618716871579849,8.088195721550004,0.7907971067661034,0.7225665250615942,1.679949438276116,66.09207675476465,0.2982372408386702,1.5013117505872584,0.8296525788448366,16.40561802260313,3,38.63216868536129,0.08992142835503747,1.6210750885367786,0.5970860559866011,0.8662247209041252,0.527853744503578,0,MEDIUM
63.98296032374972,0.40293084864094675,1.5983958703797163,0.6448231735568908,0.834568179737234,2.673572112034202,57.232003348685716,0.028823701319535384,1.73817758931761,0.7219952556853939,5.194957893499487,3,60.252773912475575,0.5781600744266137,-5.412501348466606,0.44961315471462243,0.4177983157399795,0.4502508556376611,0,MEDIUM
13.850840830623785,0.9325040257636691,7.01646345023032,0.15231071967061233,0.874305045470672,2.149022356882137,12.83422825163219,0.39431395215021864,0.011732817954240944,0.9382692686553769,12.953719412290987,10,9.902813126344146,0.318108671939356,3.4543519641991347,0.6547944446758265,1.0,0.47267912152341507,0,MEDIUM
41.84207224325006,0.5559258675229242,9.62758690764654,0.482835381224931,0.6995293644006559,1.0604472903143722,35.6854773864364,0.32102688358891457,1.2439826560938567,0.9471448794300281,17.190179510949136,8,30.3871281529097,0.47431860625954436,5.629484777385075,0.7286688871604782,1.0,0.4222843581700272,0,MEDIUM
63.19809283571009,0.5116359801158848,16.09543836337025,0.8248001579861266,0.8688208388092473,1.646231141919102,59.91280410606504,0.2427879131545181,0.5587331260447498,0.9359644156516536,27.82383885682219,1,50.70832940403617,0.22312904909809714,9.70511279892208,0.45258673184407144,1.0,0.6431422914476073,1,HIGH
52.76658197930745,0.4907398409422376,4.731686642426009,0.6962871321183137,0.8350527314707976,6.359968076150429,43.669655558659564,0.26815572246450864,0.184697817694108,0.9219605391243861,9.502399742997135,7,49.46790257245661,0.20285522983717694,0.2804832338481562,0.4927908232649224,0.8700959897198854,0.6105156453126516,1,HIGH
82.8016365010074,0.21180308211723764,1.6149227913478865,1.121845553413555,0.815162121001442,3.030565183524703,70.7288988142428,0.1349405700941484,0.5525122962071306,1.338577842972109,11.110400077294093,11,84.12181968552316,0.2000079745179815,-8.183691608643242,0.3831583595564558,1.0,0.24306630927588083,0,LOW
65.98895868761034,0.3933843532882536,2.0738878054824377,0.761923447174973,0.6797657198141575,3.898267995791882,71.69901662594216,0.1168159078915322,1.4876562603055823,0.660038695305098,11.01430671990488,10,46.01557560934355,0.2741197735280288,-2.4352732597177997,0.6770435969228906,1.0,0.4610419292612777,0,MEDIUM
23.849426301921525,0.7952326658299411,1.5353871842921387,0.29743510870933054,0.5838529119803103,5.813572187385694,17.75645767360287,0.33886915648519306,0.4556815015558501,0.8310251898704297,4.551626693426649,4,23.775667593319064,0.39391994636959704,-1.7651885759964383,1.0,0.462065067737066,0.5436178806909767,0,MEDIUM
15.998343529036536,0.9071318047472037,18.579590558094978,0.15292819548970052,0.8927165901333751,4.837897629482445,11.872404938930975,0.3995284502416444,3.7219000562203597,0.9162832602590515,12.085236001893902,1,13.950037785910903,0.15000940357670417,15.554007168898298,0.6144910171735392,0.5534094400757561,0.7782355132545458,1,CRITICAL
64.60563864753684,0.3045633586008778,7.174539344973076,0.764055019218976,0.5990704644046184,6.129596265433623,46.34333069349995,0.103584805482097,0.7671147501287593,1.0047970130821813,11.625433781191363,2,63.63723859498758,0.35055237241012793,1.832271861867223,0.7536759826935113,0.6050173512476545,0.5637642054891449,1,HIGH
12.253461396037855,0.832801245723939,2.295723769736778,0.12551782999866748,0.8167142111491204,5.121600749835503,10.146084244384864,0.15832578229334804,0.538305013412521,1.1422027798535268,8.677894888183403,7,12.029143648734976,0.159712334333499,0.361456710072501,0.691329306138289,0.8371157955273362,0.34605592653341805,0,MEDIUM
59.79092440824438,0.31407841727982055,2.111601486361801,0.6671820778661437,0.9050715265802607,5.182789165830929,51.3778448991919,0.19331830470321834,0.2795204053934202,1.173072376855194,10.913272842995164,10,46.432009765279695,0.171652756565592,-1.4972419158738548,0.29943191876951925,1.0,0.4563292563320066,0,MEDIUM
89.9195705211214,0.13596439323840406,2.7699790346857807,1.0943438816682873,0.7172737384649328,0.5245257110244482,66.34322181368928,0.30854970146524396,0.008890063414151233,1.2153047222893103,2.9820018107072706,1,81.3916178724213,0.20550314934469277,-8.394953186706841,0.4920715889218028,0.1892800724282908,0.34674101348934444,0,MEDIUM
58.91530511944971,0.473161869086472,8.385021856744592,0.6059397707753647,0.914656704888899,4.147843766327843,54.18160164064836,0.1769336653061077,0.7544124576457929,1.096290856762385,15.905803025606575,6,60.44550308861042,0.2180768929552146,2.2290761495654285,0.3645958772098874,1.0,0.5041502686845276,0,MEDIUM
42.99444372755436,0.6066773920166072,7.0758617468902365,0.39816833120229933,0.6743459431931756,1.9950192047178297,40.12760051614645,0.33601678712292504,0.6892442328576847,0.6539958343054311,12.04489449109779,4,38.805625031527235,0.4670227462215117,4.847490243064778,0.7918197812185401,0.7617957796439117,0.3779266383270559,0,MEDIUM
64.67949856760002,0.48716440899180274,5.1790442778970265,0.5854250906130565,0.8316458903634437,4.06946030760921,64.70606097883707,0.4985514944729575,0.5818834731835423,0.6671264260710854,8.319990785563384,3,52.142781051573074,0.4820196700457252,-1.1524229610155152,0.49611336895073577,0.5427996314225354,0.3976798461484769,0,MEDIUM
48.951495691778916,0.5100373615758871,5.380349411786507,0.4459871732697076,0.6512813997498306,3.077911104033334,53.37608660657804,0.10283255441564784,0.6172407059397821,1.2294579944339423,13.84434867831197,7,37.564526880276134,0.42442555474554555,-0.8482286378474266,0.7780965811631977,1.0,0.34388451255276803,0,MEDIUM
56.37742709185447,0.4897250615288563,1.6082757756685437,0.5097505274162836,0.8339352163688334,5.816271821663303,53.431193430659526,0.2738590820643036,1.483873780661256,1.2165253035361132,8.91435402026032,9,37.46229940552475,0.37136495236571,-3.9265300790689466,0.4939597062111781,0.9865741608104129,0.6032153895256984,1,HIGH
90.02450874600464,0.05,2.7920742859456165,0.8598938774853433,0.60251638889644,0.122167099126694,67.03767973122214,0.09161771923021961,0.30485599236643635,1.1272042145889931,6.858862408317091,5,94.47698750992726,0.2257045073882428,-6.330353373097156,0.62122541665534,0.6243544963326837,0.3205070515485398,0,MEDIUM
42.81872421306581,0.5408447816713898,4.76810166992399,0.43664152402419243,0.8061895424837608,1.0273670773341155,31.489305012230677,0.30549580333707926,0.6392577404053541,0.8359460291159218,10.756344471726253,6,38.36636094199181,0.25110402537484744,2.1150378173716518,0.5611380771100536,0.8502537788690502,0.37655085734975147,0,MEDIUM
91.7011979250327,0.13863104135493515,0.6584434122602222,0.9267421706118266,0.6862781644380085,2.138295413012369,92.71163008335934,0.09968283323507302,0.9114165019109305,0.9354957093117802,6.741102666486299,7,66.4329928031925,0.18193627650444216,-5.8974520209780525,0.5398982740204549,0.7596441066594519,0.3456320138874363,0,MEDIUM
86.95480456626542,0.19838012319679732,8.144021505986329,1.211626766064235,0.8203489397879977,1.1452310893517426,83.48823401623142,0.35108428703937083,0.18839452269224402,0.9202271097038232,16.25078024032394,10,55.08603550095895,0.22135662480572513,-0.87216722404035,0.3686666519164021,1.0,0.5182811207585923,0,MEDIUM
26.6422464570902,0.7100601796159635,3.476432394853265,0.28054366847556644,0.6279266797971825,0.9179371990485556,20.375077803452257,0.1452083555252928,2.0702898081416308,0.7950537345997077,8.743651087290669,6,25.02409806042345,0.24873441559967702,0.43766918520171966,0.9131400701122079,0.7697460434916268,0.48582100566659786,0,MEDIUM
15.895710574389064,0.835314954107464,1.6596156813723935,0.15318861463671626,0.8670091441230543,1.9605768079048653,12.737932120837376,0.10499756466063996,1.0688537832178273,1.051809726786385,6.326161825841496,6,15.653813001099794,0.25832115332428346,-0.5524619658129652,0.6171437608691506,0.6730464730336598,0.28596248368488064,0,LOW
18.566130117081265,0.6929087990947227,4.260757707378849,0.21774009696385382,0.6430386604049155,2.08433471494975,18.56791534178182,0.22471125615483709,0.043814533632094,1.4310939295923268,8.431251416083303,3,14.71381556489518,0.4395256273782666,2.7755321384297686,0.881896408939988,0.5472500566433322,0.45304321877466797,0,MEDIUM
11.548855180381727,0.855949112131654,5.237331368816045,0.15348182864000873,0.7253713569524136,2.1112223981905474,10.699579079710892,0.1374106835575098,1.602616934507786,0.9008745689782603,14.230600552330687,11,11.898053191230249,0.595876405766255,4.885302469841658,0.8399175206372066,1.0,0.47821451061867737,0,MEDIUM
18.027651664253913,0.8909541364390439,5.799261956171412,0.22336804637859003,0.695278087322362,3.999045207772268,16.837827105122756,0.08078121398318278,2.125925351327425,1.2593548599524889,10.700113064980313,3,13.481367549649374,0.5536311388517998,4.476524446870498,0.9025599372359789,0.6380045225992126,0.4049774005712669,0,MEDIUM
68.05557574039034,0.3654606438846219,2.9630028917726943,0.7132503668761662,0.8505372244429085,5.699722188400562,53.35580743226246,0.08366866972712915,1.2626229471252124,0.8229320568057708,6.295889446737384,5,63.98772391573805,0.1104546609004772,-5.846137547614038,0.4069244852779482,0.6018355778694954,0.5227509337361562,0,MEDIUM
16.051035119119465,0.8795429065193021,6.151242781536118,0.18953191959346344,0.7499088874806613,2.3189014434793345,15.274537285603762,0.10740154358233513,0.4444138011092548,0.6926673789429798,11.237719948516666,7,11.530134241490153,0.07360029925566575,2.9411342653500405,0.8149081220386591,0.9395087979406667,0.6168175590415351,1,HIGH
37.112928574969715,0.6328526092247796,5.8215459491027755,0.46666835073417834,0.8850035216166754,6.340010107400297,37.419163610150285,0.398386355703095,4.144697692432611,1.1974991484922581,9.734157049642665,6,27.878183157245704,0.0996624641998382,4.05705320017887,0.4889210221873767,0.8093662819857066,0.528125195433926,0,MEDIUM
81.81440143240364,0.18242103836621773,3.2578116350593405,1.0341767790081873,0.7979364066049005,5.248132160266966,86.24063337989371,0.23341159187035465,0.10630953116639177,0.9562371780864392,6.593844717874099,2,71.3769828621691,0.05679568061106219,-6.864386299654399,0.3943059092757581,0.403753788714964,0.34656516884155686,0,MEDIUM
11.9781145375452,0.8273931634666722,8.574134796107215,0.14772240064407763,0.8524266693982169,6.169904077723196,11.914473975667434,0.44536982474737974,0.6153418179900101,1.2542497512222732,8.46604017186576,3,7.384505033116586,0.05574673787664413,6.665416250384027,0.6350565776360109,0.5486416068746305,0.5518416584515471,1,HIGH
79.22982102005955,0.26360806341560733,4.389394548365172,1.058039159667407,0.6081945926171226,6.569893197344582,73.72733058194754,0.13027232318525994,0.14944042988441653,1.2941786906392754,7.960705029793425,5,55.05432379012312,0.2644037870470913,-0.6965953295760468,0.7195121427821197,0.6684282011917371,0.16788300271530177,0,LOW
33.95765585573899,0.6941012769937612,7.592278075219404,0.4533526112648966,0.8719288336179372,2.331978484937908,32.91528224188101,0.171099390210546,0.46292505502511133,0.9443184071327678,14.778064574096351,7,23.06932340998646,0.2493677716797733,4.364394995173953,0.5391573880699749,1.0,0.6350494721969315,1,HIGH
20.044010347840782,0.8389214043610161,10.108452060416084,0.23841714506805362,0.7124130572250499,4.3407669488845055,17.920238913282287,0.4967312971665617,2.098500172172261,1.268603247364657,11.9304008718487,6,14.984791619484042,0.18757883882098625,8.274184018379515,0.8508411163429332,0.8972160348739481,0.7136474441946543,1,HIGH
69.2226590559528,0.2656906220270655,2.0133031982315712,0.7717829359136514,0.6173286390647575,3.9960116933144194,54.73846122865731,0.08667788066251611,1.2649180223156775,0.8247890224850961,9.234690953424002,10,65.75177702003847,0.05,-5.556308609596502,0.7068523524163965,1.0,0.5645768302115433,1,HIGH
63.46014197629014,0.19313114664739903,2.2373012428093024,0.7747119880082697,0.47266856194752455,2.9541557708725987,66.81609128123516,0.18871231713794548,1.21890893234612,0.821640173637887,5.597933304371644,3,63.99452031210437,0.3017046489282577,-3.485276620949331,0.8875627304024126,0.4339173321748658,0.3375745806170355,0,MEDIUM
84.5851211497995,0.24192100544230064,5.873622693604253,1.1073088966588982,0.7811971401100236,2.2667856013643566,77.23036478629642,0.3541980912959091,0.3493835892280961,1.2144548858499964,13.448892159700485,7,51.23343205200949,0.05728045448293917,-1.1376207352312302,0.4491647925561149,1.0,0.44745116850238686,0,MEDIUM
72.4810387233303,0.23688261628602464,2.490728005621921,0.6543777006592839,0.8674354978476595,4.742677430996316,67.96745051603001,0.3633837026119844,2.177762029034028,0.6904385367087066,5.519587864516088,5,51.87895758523073,0.11422409429575453,-4.152531233540228,0.3172880613715231,0.5707835145806436,0.5517040061980917,1,HIGH
78.29587908271213,0.14801914804942895,2.8962262277674546,1.0930093010856037,0.7142807665689406,5.1579180334031935,85.81569447387237,0.10256105892360622,0.3674230680370658,0.999688225954431,9.906419849608426,10,47.87205984698,0.6101201884598345,-5.260963175085879,0.5025884241713037,1.0,0.3100809066174994,0,MEDIUM
33.972938668561056,0.7157489262675089,4.519709864815099,0.3368236425680578,0.892252980667616,1.2466029349966128,37.16660795820374,0.2626743474259191,0.03263545902242293,1.2499306887816908,7.101616619161239,4,33.55029835687118,0.05,0.6020166918199615,0.5194949921323304,0.5640646647664496,0.3840256390767931,0,MEDIUM
25.08236122127644,0.7178153765937052,23.132251056793038,0.2847160256027998,0.7915357776556903,4.063939618183407,23.440078420401836,0.24246479103549512,0.8124497752595325,1.2633581029227317,43.83369996333575,6,17.292534686624723,0.11580778545014737,20.57520794274233,0.6716040218133172,1.0,0.7540087389315715,1,CRITICAL
73.80225388947295,0.3467723718290003,1.6190860604734392,0.9860090844554716,0.43512753829483847,3.0430587126704984,52.66402671175282,0.5306302521900227,0.3603460672778929,0.9134664401301342,3.8396369605806293,2,69.8770066784472,0.11241038849718503,-5.149231137979684,1.0,0.2935854784232252,0.2860341080447316,0,LOW
78.58095283771745,0.26355094758896136,1.483443322577808,0.7956480204588237,0.7579290774122471,3.361962646378102,67.45852738795409,0.11301489069705582,0.13352862482251332,1.2018461169056613,7.923072701852951,7,48.326283754957714,0.13951302707200164,-9.577076993213698,0.49488185767611,0.806922908074118,0.40169500052964713,0,MEDIUM
94.19293707005723,0.11275617515546596,2.4008531890085028,1.0722901462312782,0.43587529795770286,4.120771434255686,100.0,0.19644945281178472,2.1824969710705124,0.7754137813080686,5.228586564453069,2,73.40199902055747,0.05,-6.372593817547929,0.9025651406411787,0.3491434625781228,0.41554263610929315,0,MEDIUM
45.07250253747125,0.43999851772924464,4.155126648883622,0.43553157610043963,0.6497282977052989,1.1617534172710418,36.74863162280482,0.12445866249882415,0.8112100287216926,0.8665260601962811,12.994588280358418,7,34.317354827290195,0.45794347654347567,0.9450513846707906,0.7454068123066739,1.0,0.47034136295692414,0,MEDIUM
41.62153729238657,0.6807401459070463,1.7676320960897742,0.45681225568389766,0.9845239935485828,2.2512846109800875,45.771515643075624,0.3591484294487883,2.257822459463523,1.0460819070890024,9.476013128076383,8,31.14124759921964,0.08244247470070919,-2.7489943379177166,0.363584082630649,0.9390405251230554,0.302040115216781,0,MEDIUM
75.99510166306973,0.26094902586801116,3.0758704552414473,0.7512630494432692,0.8804705849362816,5.112736025452097,55.759658774325736,0.3286928523236044,0.6996943495144592,1.075550222645676,3.693952610504347,2,65.09584564990072,0.22925589736494847,-5.541034242098179,0.30976863552958317,0.2877581044201739,0.5107947412060566,0,MEDIUM
38.96830092150652,0.5807748196452386,5.169348008387777,0.42156448598118074,0.533407731379485,3.12184335059638,36.133188390328705,0.3200853000678874,0.05279532025548892,0.7904546198230696,9.642349460607603,8,30.2428699614669,0.24916528005302832,-0.06694118662650084,0.9902758127533917,0.9456939784243041,0.5595092495771131,1,HIGH
89.114372676303,0.12032735062434997,1.756791875802781,0.9684345010693783,0.8718339078986096,1.6909869360824883,80.75363942475997,0.08610580482294594,0.024318306634638392,1.3724553310757237,7.7019704961697375,7,69.63876134686043,0.5236397339208755,-10.110184785639007,0.2524128134642606,0.7980788198467896,0.3402766658535796,0,MEDIUM
82.965083906656,0.05,2.634119027317765,1.1586782446232313,0.6074449226777521,5.236853849554652,66.54970908800333,0.3092301805132594,1.8465722101755038,0.6245074327430677,4.8393798390959555,3,56.842826974540806,0.34556087132247604,-5.652149942422387,0.6138326159833719,0.40357519356383825,0.5898554645126739,1,HIGH
46.46449232687656,0.5680473016496881,2.4475271282465734,0.6492978427756988,0.9078709155267688,3.417653571434426,50.15576412604545,0.07456135358336147,0.03159824471502833,1.010840775991049,8.55044444402155,7,36.545603072190644,0.5299505287100124,-1.782265481388906,0.42221727753469085,0.8320177777608622,0.4508295504492554,0,MEDIUM
73.82404076227728,0.1794098717226615,1.2144411304857246,0.7067863014344513,0.8612585987192909,0.8540920513909264,69.96071679186208,0.05274604435218698,0.7639749320275029,1.0391814990009445,1.660805538057014,1,68.91407829481234,0.2092733131564016,-4.937813052798271,0.29781703778239443,0.13643222152228057,0.2188640539071605,0,LOW
74.136144297198,0.1504249341605372,2.4180232294660726,0.9363279295725173,0.7592396299841249,2.168788653682275,58.72259590513888,0.22340551946799905,0.28302993057386006,0.6506080669511074,5.687994803051836,2,55.2602801948128,0.3472496532331103,-1.2403381716364432,0.43635302210408133,0.3675197921220735,0.47255845559425397,0,MEDIUM
18.76552885105427,0.690555976592026,2.4975179586521046,0.1737449161176992,0.9381290780976028,1.6572861044766718,16.018617210430268,0.2570489950093538,0.9309255864153804,1.2648258803581345,7.8185045626591805,5,18.49696240591222,0.2965284401239009,0.7559950668507294,0.4380843711496088,0.6627401825063672,0.3967886908669428,0,MEDIUM
86.71699706776317,0.22184509932156232,0.8149500778202546,0.7935437781371928,0.7554414615887171,1.5258959361829938,85.71903798588076,0.4262041674282195,0.2680676800306711,0.8519047202989196,9.828906927817972,11,58.513085884266694,0.5374377392386308,-6.266001745872093,0.4777603572777056,1.0,0.423456927229647,0,MEDIUM
52.94645165806786,0.4201944119238983,0.6279527684468786,0.5044033446205959,0.7230523821842918,1.6475761760009184,43.36731000366393,0.031153783620580227,0.0303460803154552,1.0196910377746369,7.927222794673531,9,51.9396725911123,0.4852842304524856,-7.086283325605196,0.6255186326855114,0.9470889117869414,0.4109821882925767,0,MEDIUM
80.24888461915803,0.3202093706017396,3.6540925135958857,1.1096356970258308,0.7814308143102442,2.1115583730687533,84.40918588121204,0.08160933089936018,1.049954885380403,1.065607659534681,5.046760355516775,1,70.38590333119716,0.15659768840869379,-5.076396337120609,0.4879584638355035,0.27187041422067104,0.2460815786035517,0,LOW
37.204216087602,0.5850937220797962,3.595562884097971,0.5098583985125289,0.8437214259192052,2.1126056842257173,28.508458261197706,0.14809749610781786,0.2978981580648385,0.7091484083703006,8.817196602453578,5,29.417365992844005,0.4144620770861598,1.3920868698623092,0.5269647221610902,0.7026878640981431,0.23997380646619226,0,LOW
86.11947442217703,0.05,5.744884022054169,0.8585800795916464,0.8473417348603417,4.327323120464234,69.39524782398452,0.14805629746545285,0.6402277344065919,0.7855723428735892,12.006435694471703,6,53.03724042034928,0.4842172087015867,-2.649213332041623,0.2539873977094875,0.9002574277788682,0.44085818256324516,0,MEDIUM
43.08214269240386,0.4798566178800686,3.6330828234919763,0.42256523738033075,0.6855239233638357,4.88089910455232,32.654516979470614,0.36973977806854524,1.1893013910313854,1.3126055654510234,6.682262273751564,3,28.30305072209266,0.3251514868135579,1.0097073456989105,0.7116424238942807,0.4772904909500626,0.316710418741485,0,MEDIUM
10.92120037582536,0.9896529258423015,7.600727850371594,0.11142546276871398,0.5942394879585083,4.555412784288458,8.099943452283066,0.2514965233551602,0.9707426990037953,0.9868336715108006,14.755851749589459,5,8.588609723327073,0.3642703283176851,8.15415416903958,1.0,0.9402340699835785,0.5539186314254564,1,HIGH
86.95746799563742,0.11795346580869244,1.6197811860990934,1.006770518148418,0.9505777278862602,4.555875599059701,71.31609512673047,0.23105310241418922,0.3428696233062138,0.5,4.0587907760372,2,86.52856201281914,0.34281105902709846,-4.518165810535487,0.13311014107495597,0.302351631041488,0.2605831930545555,0,LOW
17.75936752682135,0.7785433410125384,5.942499335980092,0.210422277451639,0.8873339284039393,4.066507488260599,19.52947030123882,0.41635386243265815,1.1021108541800102,0.9396156699873556,16.95040226619547,11,18.302345566745245,0.42722997828325376,5.284180182779469,0.5582707779003602,1.0,0.5860769591712469,1,HIGH
37.14165919518526,0.6413848661163704,0.7440279280532808,0.37542667112303707,0.8003541987509333,2.124335920431095,27.40058180440835,0.31406163112494434,2.079510987537199,0.993419621791955,7.195860489656669,8,37.82337521812289,0.4355029978121117,-3.1862826550038776,0.6201611349317853,0.8478344195862668,0.411614264063439,0,MEDIUM
90.75526719931842,0.13258994690021936,1.820493479574494,1.160134921304847,0.598511182960752,1.3519413896686314,71.26111537357936,0.21275894010772037,0.7532347156685493,1.0438741296075824,4.397424999496844,3,65.64665928999865,0.5472102799470846,-5.9263599895065235,0.6685281990089817,0.3858969999798738,0.3741326951033603,0,MEDIUM
90.80160748969227,0.18137583037527416,1.2340714830385566,0.957754094333679,0.7847800106315489,3.3763696296571153,73.42642203377953,0.2529324329577799,0.9725828011005405,0.600224452773618,4.886357183648038,5,64.96319829524613,0.3430622518775913,-9.32497559793441,0.41351789924031374,0.5454542873459216,0.46410605197336063,0,MEDIUM
58.74222049047932,0.5284577334866408,7.8829978822529965,0.7995201926414468,0.7365217056968528,2.905782227272565,55.667175318322364,0.32201687950678265,1.6073841512981535,0.9941382757497578,9.451231421984332,1,54.79363738508783,0.10826383843685916,5.191622220669161,0.6594463081980412,0.4480492568793733,0.5790988629224091,1,HIGH
63.70616303443294,0.33415687799254373,4.372697283330195,0.7825418863396291,0.7965677632785284,2.8674451223715343,63.587559905051705,0.034586940276988554,1.4844785435822219,0.8334695850334872,10.746856570195327,5,65.18725406424291,0.15880873563510065,-2.7262661262408554,0.47222679407847923,0.7798742628078131,0.3421818715100218,0,MEDIUM
48.11786936815718,0.4127374914318651,8.034118165559747,0.5380422731441173,0.76471857777151,7.5705781877807965,48.155087093768174,0.3046309279052203,0.346599629158481,1.0442069086024932,6.26130928364573,1,31.7580704619011,0.255259769543304,3.1961514810433487,0.5592908790586676,0.3204523713458292,0.5369731585706098,0,MEDIUM
34.922915594335485,0.617693631166783,11.635022617572563,0.4522363911611246,0.8051801986284869,2.560820686914237,24.566678383364444,0.33708398059887024,3.833257334027859,1.1012672009270974,16.631619685741693,9,26.887596868857884,0.5291052574191258,8.595838199839447,0.6010765176406612,1.0,0.605767110632904,1,HIGH
37.936486356442856,0.6414575769622023,3.3876665345920176,0.49657241246675743,0.7765399064035547,4.943845933236292,36.447106864184775,0.37071545113152754,0.023185558961605242,1.0799988259119595,7.058004757107634,2,37.040437479757216,0.3235245847737671,0.6129520689559167,0.655918928875769,0.4223201902843054,0.338395665882367,0,MEDIUM
67.16406876654827,0.25125859823766844,4.053800809681585,0.7020262515716166,0.7674217918028421,5.2185069718972,63.95999019234785,0.3466886121769086,3.456448569434086,1.2807946512622774,9.995095650416069,6,55.16816593919532,0.34115515568253585,-0.8071476367937276,0.4744966114145711,0.8198038260166428,0.5327297939332618,0,MEDIUM
73.9518350022028,0.18390957678636854,1.2790692524117329,0.7911790844878988,0.7564269041061902,3.6158417359880195,67.07888995083715,0.12193851597187536,0.22588728728550656,1.438114026852557,8.997653491167886,9,72.40353357536124,0.21542237211756307,-7.291519696763024,0.457314432233899,0.9899061396467156,0.2597588181625696,0,LOW
77.28421871669713,0.25466084335701955,4.235337209786636,1.0572307824991805,0.7936408265638484,5.404787229505451,65.82168806119687,0.1290153578869753,0.4644793977615629,0.7732792961405786,6.575495470643742,3,50.43094075084963,0.09954085137755987,-5.263330912995162,0.4368691818327372,0.47301981882574967,0.372814210863173,0,MEDIUM
77.11754213753709,0.22493239049899302,4.6937639829885205,0.75757999907664,0.6867899719024001,2.242088085329245,78.5810540962963,0.0753595599076704,1.7211883094953568,0.9236039299715806,10.36942801497593,6,73.23567683128515,0.49540226590864544,-4.291074185407563,0.5822812373958963,0.8347771205990373,0.35955966032374204,0,MEDIUM
17.75251875913868,0.8250985720415401,7.626711133489135,0.16351404917144816,0.9264741099913898,3.8480886283442306,14.868663240132323,0.12513227237828584,0.22411917522184377,1.1486123487038535,12.346013867751683,1,13.76392368876768,0.40605784276237855,6.138837836180914,0.5228381210336854,0.5638405547100673,0.3824485286982138,0,MEDIUM
52.025725899719426,0.4190631142268002,2.9349287675507965,0.5863443218844402,0.850041987650678,3.1697914226003623,41.20463029867948,0.27711820219179195,0.20368842251351815,0.9746407771641056,10.446307174950906,7,47.440928755508594,0.42665924171069824,-1.2614477591620066,0.43446857563738317,0.9078522869980363,0.3736692658632229,0,MEDIUM
14.892494601414764,0.832642996849391,19.565157127117846,0.19369252198262438,0.7689224464964105,3.4886858098247258,12.271982506259514,0.2783455258149882,0.8242593596868704,0.5,36.211698585371956,2,10.90009652316848,0.33395315094913314,18.998593265567685,0.7629378286800798,1.0,0.8259003601593846,1,CRITICAL
56.70995499751752,0.35896179848336046,4.287628710392349,0.7291959128871675,0.8804714618753345,1.8861052040247837,49.66993393618508,0.28227710283700447,0.9778466363335236,0.961490657879699,10.951235081168816,5,51.68288285869586,0.2972663356567548,-0.8693380653110663,0.35877370642867845,0.7880494032467527,0.3294833476026251,0,MEDIUM
47.53009261673704,0.5959149467226126,1.7713493296904375,0.6462977133314003,0.8404834321119463,3.2331419239199857,37.34073182254274,0.0732196660713137,0.005998983622456074,1.2468293974923923,5.2062531467292406,5,43.535043452244324,0.06420196629454858,-2.508847149554043,0.5372323251933868,0.5582501258691697,0.42638655588703456,0,MEDIUM
85.45485553445548,0.22827139143334546,4.384735653783645,0.9969166285327594,0.7219255622031227,2.8425657687350183,80.5863641026704,0.06713704803406834,0.4789160231172849,0.7210517115347377,5.2374760564681155,1,67.39839003119533,0.3066123052506618,-2.5139054324832153,0.5312473524119887,0.27949904225872463,0.298261355708696,0,LOW
39.82777606692669,0.4540272103516856,9.82740585092324,0.3783767512591525,0.7369432870256367,2.6098949744709237,41.96587769243253,0.44132086489770983,0.5372791803813363,1.0441009026553485,23.528014070066835,11,41.26691628394311,0.36021921469795154,7.121181518454822,0.6215986746373877,1.0,0.6777584909904221,1,HIGH
19.950696396346498,0.7261321672211422,2.3202329123288448,0.23828004256139085,0.7592711476487218,4.850790731624633,18.71742513875789,0.15027233711815488,0.25378230591670076,0.6185277067469405,8.15583836166493,7,11.974807700301936,0.4355795036156992,-1.7985346092011747,0.7241593621374883,0.8162335344665972,0.5442305791570313,0,MEDIUM
22.15429297449105,0.6587347298478832,4.820675835354527,0.2856126592226194,0.9153877683533386,6.02456890590648,19.466253300653317,0.17295672725178002,0.6319198178592024,1.1740059283798612,8.616728676014533,4,20.0140406451899,0.09248187868470469,3.2943421397626995,0.45628571239393373,0.6246691470405814,0.3573756001354969,0,MEDIUM
74.72840369598514,0.20071404828759679,0.8789680605209045,0.7074269405024214,0.7614271086309609,3.138127786544806,76.12937492926008,0.020885377939909855,0.13433512126130387,1.0483128562374162,4.565192435391669,4,75.39526126602992,0.1367464088871296,-5.686583187492353,0.4582163611973571,0.46260769741566676,0.22297877663313445,0,LOW
62.54853538188219,0.3678396085979493,8.911471396155166,0.6169341562444217,0.8404462133098154,5.868582150296994,62.49946287527029,0.25972174928372127,0.31278339163864954,0.8863832442894612,19.85926899987729,7,61.66457405029694,0.06421826950350705,1.576930811643479,0.42325048433425155,1.0,0.6048010727757089,1,HIGH
18.595427470437173,0.6980741077197459,5.627010171318612,0.16850159772435455,0.7445477531119935,3.3168749670258117,15.74704029984961,0.19685414760619896,0.9992855817794558,0.9164100937530686,16.720121317315517,10,15.882781630667953,0.3077936434163174,4.971496696085252,0.7322154241918827,1.0,0.6366795815236862,1,HIGH
17.149078519774783,0.7547604297522271,2.9543160551157266,0.205244680169974,0.7157753131361178,1.5380883958207803,16.148625086416246,0.08460611585646277,1.6558245292634162,0.7001863857565231,3.829797419110137,1,17.202047466006366,0.27372378187927077,1.1604640257091527,0.803717245171937,0.22319189676440548,0.41227110420442603,0,MEDIUM
69.5823761740252,0.22385964849322815,7.082174815573816,0.9347468157003538,0.6952827938102449,5.196891352381467,69.02134350364683,0.29704380116468854,0.7120676302380886,1.2015264132401307,10.98710354910663,6,45.129016024573986,0.3155208134069266,1.2268650500412308,0.5690056335312467,0.8594841419642653,0.6022924114894602,1,HIGH
16.18485554095645,0.8547328309423511,6.149423990931043,0.19993664429917202,0.6254531754036046,1.433028956007174,12.918513827332381,0.35605820166264146,0.06223479201125237,0.8401298416485653,7.136927478894225,1,13.669178330593471,0.4531345193690867,2.59359561231106,0.9891866523657686,0.355477099155769,0.6277427884179007,1,HIGH
79.85810503968028,0.2069664965660972,5.545152284297242,1.1108422476972097,0.7840003028931676,2.0046995153276983,67.60064869145475,0.13904667577290222,0.908418228874271,1.1000597538055552,12.794225571114737,6,83.17939089601775,0.3560594676683114,-4.050580584447713,0.42748279394329725,0.9317690228445895,0.3364953088732798,0,MEDIUM
70.03058930830218,0.24195510264999792,4.91030330820027,0.6523467229287848,0.8124813360275716,5.006036216748809,51.984436737943916,0.33082002144474876,1.8230778289832825,0.8076179252246695,13.095213097049127,10,73.26604725505138,0.09732680950487879,-0.58638840948199,0.40225554728364166,1.0,0.6212650301184168,1,HIGH
16.91464635456148,0.844999206225537,2.612878472315506,0.22860153725666738,0.6902938158998224,1.2037477379004748,18.522757495767014,0.297286147292022,0.5614501631880534,1.4396805532982007,3.341375826998827,2,15.318268443947227,0.29655436433450355,2.1366027721458485,0.887058879263035,0.2736550330799531,0.4355508303457452,0,MEDIUM
17.21120569724131,0.7841535362606057,3.933112806745578,0.22495633500423734,0.8852613511758709,2.3352653957763483,12.639067150560265,0.04900722394632401,0.5444880258186551,1.3119329476661934,14.139228549894568,10,11.6251928304605,0.23751381999986693,-0.9231671243714126,0.5641847413664964,1.0,0.346173815264158,0,MEDIUM
93.86436417259992,0.05,1.1964847608753235,0.9922596801449847,0.6893449417099864,3.477020896583605,72.0354976129521,0.06805496553352824,3.8060586637973426,1.4147489230959294,9.608958483059158,11,61.088437222056,0.1796527666911881,-8.45296279692019,0.49098258743502043,1.0,0.2955836987288915,0,LOW
41.81301763927023,0.7157459908311806,1.757288642722439,0.5798475731747768,0.8677164349277393,0.2026240900654499,37.294401057566006,0.09801597093388723,0.8091358750590972,1.4381058459116625,3.9549662944030644,1,42.444411926525646,0.280728875348605,-6.033510157650293,0.5562983430239814,0.22819865177612259,0.38890766281344924,0,MEDIUM
41.50458250068573,0.6921910591363706,0.9716723590116237,0.4332949226263824,0.6850017672792981,1.1906456523641344,43.41830623082759,0.12240482489926448,1.3120368869421892,0.8730958280514408,7.987596610699358,8,41.35086246360434,0.26172384742318844,-0.18091785339382493,0.8185928786492382,0.8795038644279743,0.5206753702859096,0,MEDIUM
79.08796321688772,0.10515386887691505,11.130177413731717,1.0634581653856425,0.7104679858010405,3.6531872670938426,66.61996798800533,0.24106029800217946,0.8318826916886662,0.8231737462270104,25.05115168654795,7,58.677769268930184,0.3393487755255074,2.426824448728106,0.4868749557368967,1.0,0.6114774881142684,1,HIGH
90.516129077628,0.16121730265405404,3.188029351600557,1.2132549211355745,0.917326579186361,4.096728289908941,91.18942959374557,0.34889195232707004,0.1997088048473404,1.4052269041191359,6.700552112857206,2,92.2542785889675,0.05,-6.307153290283557,0.20461878254748558,0.4080220845142883,0.5603147082777231,1,HIGH
93.81009042494402,0.1268108201098871,3.3168293909539863,1.1996704614478582,0.6898478925456527,4.250241146086749,91.03459031671656,0.18353682799585294,0.26734745080741423,0.9717858055932705,3.992373571677815,2,61.79616617647294,0.308718238364643,-7.152332599266905,0.5286335712364645,0.2996949428671126,0.5336205935796868,0,MEDIUM
74.03714574701004,0.16776747942969006,7.165517944659787,0.8749230396921849,0.7012984249710067,2.1055262386251976,70.73994816852736,0.2628252600997763,0.8765869695960327,1.1666435875559837,11.900027863886468,5,54.23376928925716,0.07313292399147953,-0.7398878180395673,0.531936102258335,0.8260011145554588,0.5009497701056586,0,MEDIUM
41.982064770127835,0.6456815637991105,3.138200719995081,0.4030283989661987,0.6647097569909626,3.9585655438290086,43.57767292387558,0.3160499232156902,0.48714943558710344,0.8758637435454634,8.50205856560897,4,37.358028597629975,0.45791052853978537,-1.9376235141574596,0.8257761464131114,0.6200823426243588,0.5382143109741209,0,MEDIUM
17.097560919386844,0.9520589442791357,1.7341718770162469,0.19935514396421042,0.6390187161146027,3.415184978034149,12.065203599639101,0.2010256721934739,0.41447865829919667,0.8791533816641397,4.429623713615701,4,11.571653917336903,0.7265986023450088,1.8175873375476443,1.0,0.4571849485446281,0.5311345623709334,0,MEDIUM
76.05748785383213,0.1496215369621256,5.523288830879845,0.820202525088329,0.7581090940474958,7.631033862675353,81.50785987554578,0.1391920171337841,0.018166268623647067,1.1659916663603351,12.537125660622262,9,79.48605683021268,0.5004355136821952,-2.3339284529597273,0.43764712740981904,1.0,0.3186227073176657,0,MEDIUM
57.46436122754343,0.35195616204342467,1.38329984474011,0.7448004798671501,0.5595503940041007,1.8911366300973704,59.28543396575272,0.0987673470186016,1.7258814203852482,0.6060252432470833,10.405344927451027,11,40.23398789254821,0.14543934924027482,-5.212500754973641,0.8366524900155613,1.0,0.3820696474218817,0,MEDIUM
46.05887078599299,0.6208242094875503,7.831677546090373,0.5891227128795647,0.7106595523813453,1.4915233521487963,49.520051583939896,0.18081516127007333,1.7267724908729116,1.1566349949078152,9.727308431845502,1,32.719958217069454,0.13307636031549877,3.8741988870040838,0.7444227761717572,0.4590923372738201,0.4225530768210736,0,MEDIUM
87.04012273305256,0.15131839753552623,0.6609285740196833,1.1796602266172944,0.8100818210578715,6.127259434641734,88.55768063727659,0.3203221394716528,0.49438891005501073,1.1048947599564716,9.145178788853276,10,70.813094942901,0.34408003612934646,-10.967165139806394,0.36053646718095583,1.0,0.3927623676240481,0,MEDIUM
19.451785996022863,0.8496002420589333,1.853379236428652,0.17650843969374497,0.7380042202151375,3.0685261823306327,20.45231901151402,0.12996095886394365,0.9651518990344168,0.8939691169300157,9.190793046644876,9,18.485514840133753,0.08882186316024288,-1.024155113452953,0.8177937907067605,0.9976317218657951,0.4924611317848084,0,MEDIUM
51.87313386472303,0.5085157986648094,2.6023130493176776,0.6767118021657067,0.7194582455107329,3.8622437026698666,40.52491161700142,0.05480652924830501,0.15663611500665825,1.004836649211289,4.707610171722855,3,33.93649413680742,0.4753596369137532,-2.9291897536531333,0.6750705310663054,0.3983044068689142,0.42419693152754695,0,MEDIUM
10.96505980523062,0.9216050756219454,10.362031708888047,0.1501370009343331,0.8091690908634159,7.562907138511894,9.075688187611364,0.29280687480499756,0.5606387407966683,1.0361709064578979,18.14972979948005,8,9.872392394813707,0.06184160057518972,7.555615861589297,0.7470489015158488,1.0,0.6879247059505987,1,HIGH
49.836154569500735,0.395520684040106,13.050288119053075,0.6452038870431571,0.9371148303867084,2.1742607556169307,41.169069459003325,0.12336332419048157,0.46223592370374034,1.047405530439385,18.031571831961266,5,32.13022240898136,0.10952016348497971,8.87827334527757,0.2920880964399904,1.0,0.5003650183965304,0,MEDIUM
14.785778432956175,0.9359276322001541,8.529417797783037,0.1426971380808138,0.8830735396972672,4.3461880081159725,10.995691029789233,0.19024892297302431,0.8551190802094815,1.1380286115948843,19.49734180879905,10,9.501703924149881,0.46737097739772987,6.953437416170213,0.6433535065541762,1.0,0.6912245114184047,1,HIGH
20.09952288278611,0.8925719705663607,3.617835804060327,0.18906406208328397,0.5782351509738797,4.032617353762103,19.93534399250975,0.11311165506121904,0.5073683075793005,0.837003501878631,8.88669496571875,3,12.43412671809121,0.0867270269673851,2.466956293504165,1.0,0.56546779862875,0.5007689170351268,0,MEDIUM
19.989730976053913,0.7817514307140186,11.357085866697762,0.18199103246392156,0.8502273942440677,4.021594658384074,15.081619487871215,0.27741437374955724,0.5520165109023009,1.5395451262188433,21.52924313634852,9,16.892889749735083,0.22029565824041358,10.178859486792703,0.6155346239909079,1.0,0.5459896422646605,0,MEDIUM
65.1828756798654,0.344693087216237,0.8855449469282778,0.7915629905660889,0.5996680577476514,4.036778214943572,46.9970923537397,0.08313482830821443,0.28045485157706146,0.9588811904001974,8.222514084099599,9,51.8976987140281,0.05,-3.476849165027769,0.7728444569866414,0.958900563363984,0.4777337406501653,0,MEDIUM
73.41381473756098,0.14337325241993243,1.5236665524391357,0.8918576896828012,0.8874618431804189,6.794383698993744,74.1610754591103,0.18125108440322393,0.039707878027048005,0.973861157546999,8.399999050910052,8,54.20215753868741,0.36825225905863174,-7.271915412183702,0.2404938614393379,0.8959999620364021,0.4983625044840863,0,MEDIUM
59.58634503325857,0.44527693014884107,4.361599154149772,0.8303100107666327,0.9548520104916418,3.888294796303458,63.27267023149224,0.22571028108374158,1.9913800551688483,1.3889378537772596,10.145148724296414,3,49.88569448705933,0.4866536571600765,-0.1634358395325779,0.2903604493369578,0.6158059489718566,0.40904813344669017,0,MEDIUM
91.78466662033607,0.1279179291337709,4.34158485092916,1.0087332997612486,0.8200471423996848,2.4072300533545126,92.30318933415319,0.050164411896052016,0.009845636373811528,0.6341905739486557,8.260097100489553,3,75.79871019064969,0.09539968963132642,-5.6309541968386005,0.33388825096735825,0.5404038840195822,0.24210013373889325,0,LOW
41.86399925951484,0.5763847260449068,4.204902209184237,0.44625061566151913,0.7815987607413307,3.3438741057631325,43.12581725239511,0.08133003684420262,0.26427619601081037,1.3868512495511252,11.143254903933755,10,34.04575599991452,0.2321607430893708,0.1827852127820273,0.6157942219104573,1.0,0.4828680224849614,0,MEDIUM
34.28552733395816,0.7470929954500587,4.143122888314546,0.41561343555054997,0.7490994032432815,2.157775779004176,32.16835046015668,0.3320546654486266,0.47480190116329224,1.0186920216121689,15.82352775288299,11,23.231982384133257,0.3132336665119188,1.4009143390712313,0.7498973928601071,1.0,0.3661618761173316,0,MEDIUM
83.83092589610412,0.1349645625605635,2.3798147629310575,1.100536030285762,0.8324609997241927,2.399195253537066,88.44988711458068,0.22178918879089696,0.3074628781842377,0.8939647087492469,11.115144525983947,10,84.13504358468627,0.5710377491753698,-4.3885681520826605,0.31879078169399266,1.0,0.28655747279622146,0,LOW
29.005646274153474,0.7551120113299533,11.706614178856254,0.3969094855609107,0.9550438203926817,3.4622734729151485,26.066834596872305,0.3375925861903628,0.6422229900941084,0.7760695320281477,11.64502309911751,3,25.496284842203526,0.13962892861366874,8.930596005083975,0.4449902750759542,0.6758009239647005,0.5664453116032175,1,HIGH
91.87391585245196,0.05,1.3170882531152013,1.1957960529850857,0.7456543204198055,5.379449110434614,100.0,0.17026555045597921,0.4953421397899903,0.7461796556536033,9.954546793904003,11,60.386992583688254,0.05,-6.4497980904545456,0.40651851937029176,1.0,0.3802498011962405,0,MEDIUM
11.033130348634389,0.887784524443717,2.6974093467133633,0.12283592136023386,0.551472693142305,6.012108575541184,8.179587902798044,0.5759123368125724,0.23600840622020436,0.9316352869078621,6.808605535593337,6,7.8882267904105605,0.7911347983941674,3.775904134073656,1.0,0.6923442214237335,0.6212543689054074,1,HIGH
92.43970027014932,0.061654656666279964,2.013859060827926,1.125413710478835,0.754797200647693,2.3733193803885153,94.62795898584993,0.11103613054884487,0.0737098900101231,1.055596655407122,5.130118338097426,2,87.2689361474696,0.05,-7.778080455756579,0.39863152736160057,0.345204733523897,0.43521749407260896,0,MEDIUM
13.66859251579897,0.8813387086052856,14.523481174201516,0.18153936548436878,0.7858139053614139,2.0398013607527603,13.074770989621035,0.6663245398284909,0.11836881947496201,1.1244993078946426,17.14887344320698,9,12.976758977543868,0.3014868032611363,12.73326613460716,0.7619484962605219,1.0,0.6943671999562693,1,HIGH
85.74716466433604,0.11296619904997092,1.6217464272140183,0.9820664306269509,0.9791358657331556,2.4520072380555877,79.93851687442007,0.06853284689255808,0.5329239282572509,1.0532032365153436,4.060697120267449,2,79.45185369377417,0.18999998372774876,-8.177711205006101,0.08777930092525207,0.30242788481069793,0.23284598964477815,0,LOW
54.85459427233549,0.44093624962291167,3.51709464888113,0.5531226380744865,0.8169275472964755,4.341311355568768,54.32383286622495,0.30813274878978986,1.4963592509437103,0.8979584392228581,11.535349054219516,10,52.425074380600286,0.697287331048279,-2.7629068664105443,0.4950768038667425,1.0,0.5734051695446007,1,HIGH
94.40200767014053,0.1220636970139152,0.5475477713049447,0.9297292363356714,0.865301984991239,2.6457860249950227,97.8114883833492,0.2629436890353818,0.08485651812415194,1.267902495382493,6.781824321839973,8,82.05338499718951,0.07021670085617758,-8.540335835463342,0.2630788710200991,0.831272972873599,0.1979221229539888,0,LOW
16.272708002508903,0.8023317809958536,5.207550141719281,0.14646720667986862,0.9519453313881907,3.4092493630694207,17.00747978564143,0.24433701718015186,0.9045936987696035,1.5347606214974816,13.835667586060849,10,11.87821223410317,0.33470670587924095,3.3631086068299227,0.4732478934156407,1.0,0.39071682856788975,0,MEDIUM
57.07761417411227,0.300697690199783,4.999127302714215,0.718675083380659,0.7579075924979257,4.332373650938868,43.95846069643901,0.2614621688701902,1.2565243971998614,1.298924997207679,6.2010946912976905,4,43.4331227391346,0.15944162006324986,-0.9867878387795644,0.513487456353003,0.5280437876519076,0.42365692387407144,0,MEDIUM
92.39071552762341,0.21605955706019953,0.8262257797775321,0.8828381928406251,0.7421910871694498,3.1374221199247985,71.95521708314733,0.06379833694375935,0.2592249109300045,0.9281417817940539,4.506037543407382,4,76.62306835799981,0.4438338075961161,-7.9431038929553806,0.49474314777592504,0.4602415017362953,0.2927517244073329,0,LOW
54.46331675446265,0.5658831587506123,9.126497651431661,0.556571281409479,0.7391890122266743,3.201628529389122,38.47651441950509,0.30099738214171895,0.8826735475084837,1.100415746683602,15.41083860687275,5,38.70764112379171,0.30972701654185014,3.358117783783439,0.6741580610352946,0.9664335442749101,0.6068844056926216,1,HIGH
63.498884241497315,0.2616301419765774,4.585958089836023,0.6660640316417145,0.6375872543821007,4.870014961706603,47.79795855523453,0.11318451041657042,0.9283678853242114,1.1132349671496822,6.037603757687978,1,62.48234171907747,0.4640333987847393,-3.874354946674565,0.6744341894151376,0.3115041503075191,0.4313107157214911,0,MEDIUM
69.13863856369247,0.3637902387826909,2.3660377890969815,0.8159672501150749,0.9295314452059232,3.436419416894941,55.69483751315957,0.12303522350063889,0.9842335226149461,1.3207352818179314,6.974003005080963,4,64.72273771921807,0.24938380062105844,-5.8569810920327665,0.2875979515824606,0.5589601202032386,0.36728436382094737,0,MEDIUM
48.63599050526072,0.47340211330328524,5.462649610631204,0.5344991463476287,0.681258580800888,2.0143315792031466,48.072509921485874,0.20331351543367954,1.7717259804343213,0.9323638465387326,11.481827534291625,6,50.63019983617781,0.19596709094637982,1.1919273092272509,0.7148131854503107,0.879273101371665,0.46155263059115215,0,MEDIUM
63.34243680714539,0.3876546091550309,5.549881197632767,0.7837594047900666,0.6964177500569226,7.58216641697865,56.39421511455556,0.24740964636076213,0.40669766159485876,0.8070165131260232,15.294530185688414,10,49.84199613022473,0.3534961972717285,-0.33975246856053376,0.6492006794921314,1.0,0.66642529089279,1,HIGH
59.66671651346352,0.42687076518644423,0.6781740479187948,0.5535993291879461,0.8574758091640994,3.921430833084763,59.855347720321774,0.09784733339847539,0.22344223501055382,1.226770258300179,2.6700100774683007,2,59.18010281757648,0.47980985986792923,-6.548831737949701,0.427221668847073,0.24680040309873202,0.2382393927972442,0,LOW
86.59843089173407,0.11526306705735356,3.381470866152927,0.833050576772038,0.4909594895510051,2.9969419357414644,77.47219802172667,0.04896927134238026,0.6279378602573833,1.0812754189971192,13.75278904177702,11,82.32103666773384,0.12270890431611017,-6.229569173623495,0.8211922992021692,1.0,0.26188800153242026,0,LOW
13.86294232902392,0.798669323462849,14.160249281601065,0.15936918237855027,0.7677370142077609,3.719025197075626,12.784945809454134,0.32800853215054343,0.05167209646926102,0.7782477373526521,22.094741500094074,3,13.507664592210743,0.45149312742055114,11.735538446286892,0.7477291404197832,1.0,0.7440540749386982,1,HIGH
33.88187111533958,0.6059380046613034,2.7483034110497844,0.36202182759922635,0.8023439974927075,5.891385929313032,25.22256728961149,0.4176942713183061,0.32507751365285675,1.1411147318029857,12.771213868838656,11,30.82121381255744,0.05,-1.120607987271824,0.5994530060915906,1.0,0.4532820277328023,0,MEDIUM
90.78497614650749,0.05,1.711837561724289,0.9513418307245692,0.8714060417814035,10.275143546048728,91.7494134428298,0.3896779041211794,1.7180058861644494,1.3676510922523508,4.767296163370668,4,68.73019192408722,0.10111331341097089,-6.03458224651512,0.2178909373278948,0.47069184653482676,0.3262089129000769,0,MEDIUM
85.67242163072788,0.07673000703428562,2.1391658749378886,0.7997640839185529,0.9337630344042518,1.2429856469357012,85.95090950792627,0.24420024931085163,0.6075279860827502,0.8612480922937062,3.9844746378601092,3,60.80731777609159,0.08357073466092342,-4.0399894915177565,0.13772045191076512,0.3693789855144044,0.32642847914444445,0,MEDIUM
48.7308239867856,0.5073174969281955,7.9830259372793995,0.656823083112239,0.35,2.8115620158182804,40.10666870646348,0.3714588614036527,0.4591192742562957,0.8217996830611821,17.95473752201849,9,35.20999493336838,0.12200162466179446,3.4774439752869197,1.0,1.0,0.6455952813256026,1,HIGH
62.711270813130625,0.31562649273983356,1.5239915285855488,0.7813255508584015,0.6708139552269182,7.36962199110414,52.140109097271,0.30068779792693473,0.24705256295540107,1.0060127503394485,6.12407407464116,6,53.62713513492152,0.11516075548565549,-2.4762662414862944,0.6515923135295394,0.6649629629856464,0.5770545984245401,1,HIGH
33.577400553396274,0.7187901597230468,7.3502766066138765,0.32261471281106213,0.8424626846351501,3.0751201180907337,26.45471321139551,0.30201169769231434,0.23054648871371672,1.136059898907916,13.630192278572093,11,33.43786653569177,0.24428926158668035,3.4554753084075087,0.5957010529087983,1.0,0.5108004298630158,0,MEDIUM
25.990298576519713,0.8590767066616771,4.393508722969294,0.24236550650259722,0.7125335147617431,4.927327696232274,26.65398347300287,0.3718482648652887,0.21599110874133454,0.9850173336471478,7.976944688151143,5,20.84647648355867,0.2452458060046942,2.330253507396152,0.8607380811882239,0.6690777875260457,0.5124485390034043,0,MEDIUM
49.41436441989848,0.4594520964914117,13.514386566754366,0.6855928129286919,0.7476235941071843,2.4688218696110487,49.35520162844188,0.1834815461210131,1.413967309758575,1.226885055159582,23.789433899596037,5,42.964906249759444,0.3311630292273441,8.231463700704625,0.6082906570849295,1.0,0.5146275939394828,0,MEDIUM
40.03493938221449,0.6188029662206852,4.052612721142592,0.4966679632683005,0.7793561698253614,3.1226220531658058,37.77933467675799,0.22400242509699828,3.360851317746943,1.0521414581549027,7.476717509646562,2,37.24091799903851,0.2981196952391206,1.0798226660838461,0.6403672283723005,0.4390687003858625,0.5751497692429411,1,HIGH
59.61076950732413,0.44386711375099347,0.3299071963284405,0.6609213137329277,0.7152731149812086,5.124169286466634,47.4220863922944,0.5946835028605854,0.6122275923893636,1.202330734045792,7.755534544917943,9,58.70882540187694,0.4124073328379885,-4.35275413890996,0.6490238844036839,0.9402213817967178,0.5940491454708987,1,HIGH
16.60744414202371,0.8716857402533049,9.628076778452206,0.20773679258859268,0.45280956533203404,1.4559082324183978,12.766828748217947,0.2543430548620237,0.066560445631612,0.8558350574207432,15.17821711547587,2,14.8108205217873,0.31509018736519606,7.128947439154788,1.0,0.7471286846190348,0.42498551083627756,0,MEDIUM
92.82355865162415,0.07784083491704549,3.2836507995167894,1.1864390675767609,0.8773006484259416,5.320041604753738,66.84294451827948,0.21801553565858733,1.1123673646386056,0.7544556797856393,7.70288140120015,5,81.98063791245748,0.3123187715894533,-4.351408122343237,0.2229694448196104,0.658115256048006,0.5854144453631245,1,HIGH
93.82791328076624,0.12113546066111539,2.7693853642375608,1.2103623489669453,0.600878392517068,2.221038467176492,67.39139135930523,0.15547174728362584,1.676810790687139,0.931993261561286,8.12733895010666,7,97.99542920241653,0.2574268511785052,-7.396208369945425,0.6592501415549558,0.8150935580042664,0.34755096627428045,0,MEDIUM
69.34374569167834,0.3451424592976692,7.974916497135487,0.7897827230002554,0.5271936168695452,5.22151259905438,53.731310339611234,0.43951325476860076,2.1415688639617443,0.7307106658943355,14.442765084545567,3,68.51766101888074,0.3814681330862713,-0.6313423083586962,0.8817808043445168,0.7877106033818226,0.7078035354540346,1,HIGH
55.56819113925023,0.34530509482131383,0.8327495394183093,0.6195527566080002,0.8943573317209107,3.1400313659549934,41.13229818621502,0.1260384678885772,0.7927582906458798,1.0818648948870235,7.311332035559734,8,51.68052842518896,0.07738218070574387,-3.1008500623399033,0.33111654982929084,0.8524532814223894,0.3944557026382221,0,MEDIUM
36.30984738433786,0.7064340113077633,2.356036048052656,0.32879076674276764,0.7900709285680934,5.943800718059445,33.493767062265775,0.24096521927869446,0.5656035332965378,0.5966592189562827,7.71920623932415,5,35.37937034572637,0.24098945218073767,-0.7723434114047107,0.6681106128017416,0.6587682495729661,0.5883722609350822,1,HIGH
79.17257667509064,0.27925750023043305,3.039752350203883,1.0793427612879054,0.9393870416738893,4.165154747817985,66.76117091232393,0.04695281933889894,0.7751781276922616,0.9094545570694731,12.930327368799556,10,83.12746607509965,0.38827072685530006,-4.631636284032437,0.23054818760438256,1.0,0.49832910118374296,0,MEDIUM
68.20214966707974,0.2569156149949161,4.0199622866640174,0.8195538180897727,0.9309477991159362,2.2138084389164217,59.88000829862292,0.0969086764334942,0.01042824743897318,0.9428085119109162,6.507923467677297,3,56.44230733236631,0.12518764419600276,-2.324033136554949,0.2320361088235538,0.4703169387070919,0.3964309900609601,0,MEDIUM
23.82243984431576,0.7648106283926506,5.022686871939233,0.23860007083806142,0.7085326143186536,3.7600436285190035,22.3365597888162,0.661618122624645,0.852342906387582,0.7906727038768269,7.485918889853639,3,21.85684704538586,0.19852556582752073,2.154208644719086,0.819606392718345,0.5094367555941456,0.6346755624026353,1,HIGH
87.42881068197661,0.18037821260511946,0.6345694923699965,1.188858462433265,0.8824296793484337,7.055615400738822,84.24996016325272,0.29446977097938654,0.9893246121468284,0.9387292622305798,3.4764583109378107,3,84.45929299550465,0.05253627649920598,-7.195077851858456,0.2665445872799091,0.34905833243751244,0.3139421462276526,0,MEDIUM
79.91566564846936,0.1840982379489575,2.0781602482444694,1.0848279506011902,0.8772014382254201,5.124713234691422,76.66155472148812,0.1535843369921647,1.0241946683323258,1.0008543161401295,11.03757914593761,11,63.923415465929935,0.1278359949553483,-7.801102004899377,0.27624696163634865,1.0,0.6998420583735645,1,HIGH
90.73299262981354,0.17850831752314558,7.2626286468179915,1.265355131143108,0.4652544225409813,6.161341683465417,72.98041434865064,0.13956822612491795,0.6623890846018995,1.253846558755847,12.917494486285182,3,93.4297298100886,0.1848197796250656,1.0892403849316175,0.8913725249501008,0.7266997794514074,0.42625095963284343,0,MEDIUM
71.6861582130106,0.4722482174394429,1.2954973991517074,0.958464209278601,0.6992513517970529,2.4923236428050637,73.39593101729733,0.2436200427154178,0.9632965757355297,0.7918528109923418,4.564651645624586,4,55.34154988974104,0.37614829216164447,-7.187886734717555,0.6872470810241421,0.4625860658249835,0.4333391118423062,0,MEDIUM
62.14029165454214,0.31571820084378005,3.773733031448048,0.8692756892283172,0.938250359321042,4.101958434497163,66.30890277536932,0.35230701597311226,0.8147305094345104,1.0714674582348183,13.575831461615167,10,44.08121389927208,0.1373827900398269,-4.124759509863483,0.25048356144032713,1.0,0.47191277701570966,0,MEDIUM
45.550658084702604,0.434009850900672,6.570741979252106,0.4656840072285855,0.8970999177967568,3.439166583070973,37.64194051137575,0.08137870126151048,0.09821191749420402,1.1111517557714348,6.111259833829947,1,41.20927867230581,0.13585687511391994,2.983898561533905,0.3713550487552008,0.3144503933531979,0.42218376164599164,0,MEDIUM
89.28192108509113,0.13148627679747873,4.493487081432208,1.179525594764364,0.9172494694491334,0.4154743887953696,63.10679802961814,0.1672762905552267,1.82910777960299,0.9957662897659418,9.603341007529947,3,56.81334658405799,0.3240290673202086,-5.854605057204342,0.1898689342250392,0.5941336403011979,0.30080428481702104,0,MEDIUM
83.6154306075347,0.22157069433474447,4.548398248869185,1.0966282076785567,0.7804420442659659,2.112713324205214,88.60406722494726,0.1306072341218429,0.779830049074508,0.9003916607611223,16.09520021924476,10,54.934429320693894,0.268547034629436,-2.4612119981777085,0.4401222807684234,1.0,0.4387328765473073,0,MEDIUM
13.8435869590261,0.8430948205021574,3.9705434114682765,0.14057749735733965,0.8724503587090345,6.147659423026497,14.804601749534198,0.34421691916022457,1.040958005945658,0.7722016270872013,14.03096583766159,10,14.351879244650823,0.08518199447061518,3.6694638790633394,0.6128718721875269,1.0,0.48683676723234826,0,MEDIUM
12.241192832266421,0.9938489247430186,2.871486861245178,0.1161957005866818,0.8794702267471867,2.1467061705534594,8.8182930630719,0.0853309266568822,0.33592005807204406,1.3797130917368003,6.960358092780881,5,8.896198860943702,0.21897969566842068,-0.04193141912293763,0.6777191222507293,0.6284143237112353,0.23228028903759723,0,LOW
41.99938618463422,0.472917674175798,14.650140055906217,0.5836697776171996,0.8177792241794314,0.34782253807565117,29.48283985550582,0.22813729697883092,2.0130139962609497,1.0145281005296922,24.950661398175683,8,25.826108949836883,0.15163954626384746,10.298165384735846,0.5097900008187519,1.0,0.5654594185255866,1,HIGH
78.8970331164558,0.2664631586779708,5.711130536003573,0.8268505922711301,0.7782643508399977,0.6938765994087788,80.99268926160357,0.11919935760348435,0.5587139562544295,0.9368888020224779,14.415687625349968,8,64.18980429907084,0.4404846718769551,0.13227646549307792,0.46583505307898887,1.0,0.5750931871588925,1,HIGH
93.91847099177028,0.05,2.4785235580115708,1.25423036572604,0.7930445335954988,2.1390672728838647,77.06812061948055,0.15595741642534158,0.9090662573036961,1.4243100183085986,9.260760827581336,9,93.00792320752574,0.559228709249203,-7.6391734424244415,0.3354331996067519,1.0,0.30077986989378935,0,MEDIUM
22.785435743799894,0.9096958750585847,14.459815245308016,0.2055391167824136,0.929172440585797,4.606771376386398,24.285466302799122,0.12428735978210287,2.432283526874772,1.0444573171991822,20.784744798501045,9,17.088897205579055,0.4085370289038069,11.0727261557058,0.5610892766505969,1.0,0.6368412901729545,1,HIGH
60.501110804931486,0.5543901202041346,1.1480177030885814,0.5508701182006108,0.945457715123242,1.8995320583183188,47.59606834050709,0.2203740912969415,1.982339219482033,1.5086995524766902,6.5933470755493175,6,47.71696585009567,0.2635771674621408,-5.077749620906726,0.35900848741720437,0.6837338830219728,0.35861639345627455,0,MEDIUM
42.37572281363683,0.5149102448409639,0.4141114497469579,0.48008967254344914,0.7160681096514215,2.112953939274318,44.259825694611415,0.15009443040292803,0.8280566456895745,0.7167362308870575,8.718210950547505,10,28.416393754526577,0.3368817608608843,-3.0400381419393687,0.6833529579433497,1.0,0.5061084563617794,0,MEDIUM
92.44272381424128,0.05,2.7112898686129174,0.9423216923152363,0.7756789678026242,3.371083754274868,67.24817197701763,0.11103944091245813,0.144969474075581,0.9525722266537708,8.112660369169792,7,69.86282794549213,0.08438525193766223,-7.241588809815198,0.36148154829606366,0.8145064147667918,0.3940980152110799,0,MEDIUM
81.58010846653524,0.25296594629303176,3.399016142261792,1.0156076098358164,0.7718375796601578,2.1624874024803153,65.61118883627456,0.120703326324027,2.405732807820884,0.7259961506193877,11.441374832051725,11,84.3893927229847,0.1472625324857004,-5.896387217274952,0.4687266036562793,1.0,0.49405290320570217,0,MEDIUM
81.25793990044671,0.15645014901237164,0.7833984193922956,0.9611044189882081,0.8678856214948897,1.5758800481455564,88.51033712111493,0.12965099405354857,3.314947046160044,0.9755753439724658,4.592840212930484,4,80.83095055562278,0.22432409959849264,-6.297748063004489,0.2763966422638513,0.4637136085172194,0.3308285365507206,0,MEDIUM
49.838918582572475,0.49797791673969616,8.056234142228668,0.46785930899535605,0.7234418946675301,3.9444295259053677,39.496279500512706,0.1706698162763377,0.08731340923679395,0.9746184152324668,10.327030712787867,3,46.49636375907906,0.3599339574077878,5.97897618092413,0.663826116368553,0.6230812285115147,0.6345170520682032,1,HIGH
45.25965769870154,0.5494344966563774,0.6415557241628917,0.4441394244051757,0.6522516481750551,2.498321648486609,34.08980924057876,0.180265426204003,0.47870270999526005,0.9083936159163394,9.784255544705815,11,43.16857916875585,0.27994537936454766,-3.8894393246144348,0.7963397760656061,1.0,0.3534330543832077,0,MEDIUM
33.23960111411003,0.5140301363630873,6.790564137144346,0.3636494247738065,0.7967120088579446,1.6316232393118835,34.662982692354845,0.21031513278195316,0.6357109326335211,1.010777721364514,9.562778121241788,3,29.955744091046398,0.5319653012404159,2.568571953537718,0.5619470548946268,0.5925111248496715,0.5480250391156535,0,MEDIUM
14.791917215328805,0.8509738081591729,9.255938154521889,0.14685445468224606,0.8769684901245759,1.566669179311552,11.051341874584557,0.09320451331685091,0.0772805653534882,0.9181405754166271,17.69509280274438,2,9.660284454976331,0.3711069182454222,7.394211483528733,0.6100341688927227,0.8478037121097752,0.5605965949163725,1,HIGH
83.50140198167952,0.10980775825807085,3.153335642455847,1.0822710012155405,0.5958851847174873,2.6666583921803717,61.70607006640259,0.07812780168203791,0.16826078818620482,0.9779253327043134,10.560648500020962,8,54.51394066257834,0.30594401116519526,-7.472189311841204,0.6610761020528044,0.9824259400008386,0.3868197384608637,0,MEDIUM
79.0965857760566,0.1695843164474522,0.697139629865157,0.87641794736103,0.5232905529687855,5.072595974884947,65.6003395906617,0.06005878245082236,0.6172423275892533,0.848841555035049,6.36555483750502,7,66.57829256271248,0.14655759584874373,-7.277271224640232,0.7998563287705479,0.7446221935002009,0.401261442567162,0,MEDIUM
94.9760022293211,0.16573053798429416,5.199504452344027,0.8991529460315041,0.8051166572598438,3.396420584874791,90.61958622408639,0.1187233915528542,2.6394062421674067,1.2885642949502942,10.632395195885277,8,82.43469760268384,0.19634439740304094,-3.4865000348426136,0.37519028310238134,0.9852958078354112,0.5117312372477836,0,MEDIUM
94.71413115128196,0.05,1.5455204069270356,1.0817977662015106,0.9108014750000003,3.64441016211144,93.22698191044675,0.2615874733292105,0.022563196490610987,0.7782501183128212,6.20131905031359,6,98.24885301340431,0.18156048244136222,-8.868761649739941,0.15879778749999954,0.6680527620125436,0.34759378849185346,0,MEDIUM
57.211694976223335,0.4929394651776048,2.728750171875314,0.5408902863214129,0.8695402097798811,4.22392474952648,60.21505228397673,0.13724179135902242,1.9483728928723094,1.04247274920577,12.443396529225694,10,45.942659320012964,0.5025885657112695,-5.409945459938465,0.4421594179189807,1.0,0.5115506757158594,0,MEDIUM
75.36393029034339,0.22404366267002138,1.8183441183881666,0.7268614831005096,0.699032333054875,5.257436045219611,69.06083861749052,0.21985817712209035,1.831010210840312,0.7614709674261646,9.215264204285512,10,76.33348293704027,0.548010017427791,-4.353021170484556,0.5634733317526982,1.0,0.4782151065446174,0,MEDIUM
90.30508704000638,0.07456831612026943,4.142371126498525,0.9209357170447995,0.8627385328975019,1.6806272763572516,77.42461191861909,0.19563154969995394,1.556928501382497,0.8330109901876415,7.265064574389389,5,94.42759890790734,0.3278755427730534,-7.1573338925470615,0.24317635871388185,0.6406025829755756,0.4875857230189571,0,MEDIUM
82.22002820757997,0.24102946960833715,1.862265616786045,1.0933322147214453,0.5254525884654937,3.1152913392668116,69.35534855325068,0.026730970152659295,0.37927477368432133,0.8543470692087203,2.3478311964206964,1,80.57772884961828,0.43172660398407703,-6.6839969420008325,0.8323358521059281,0.16391324785682787,0.35402467725000636,0,MEDIUM
31.0245886481718,0.7169582170837933,1.8480553490355065,0.42264991520642076,0.8800693199778233,4.459928765159147,32.22713556413145,0.0786381603616866,0.5399685098108448,0.9736439258152332,7.665577195765356,8,24.18494580094253,0.20418585115668242,1.074904232644884,0.5383751285751617,0.8666230878306143,0.5074723186853634,0,MEDIUM
48.29625150135795,0.5626865247639831,8.850515688534072,0.6341920190160343,0.5445634291668852,1.7993122096188272,47.79040254187379,0.1804633171990302,0.4134677661957975,1.0350843642826144,14.192229428795274,2,45.35245496529883,0.05,4.579802608527275,0.9644981186316639,0.707689177151811,0.46179290195004846,0,MEDIUM
20.978550287877074,0.8676692699638582,5.568166360851541,0.22384923111906543,0.4321267160282071,2.5404683364362723,22.282820440128265,0.09363464906796204,2.3588680837006013,0.7786545817832623,10.697561882245605,1,17.73647930713175,0.443468792455886,0.5600507949406377,1.0,0.49790247528982423,0.5399258278725991,0,MEDIUM
91.0943373169914,0.06255195617542016,5.009559346763405,0.9439406758888312,0.49565164040767695,5.206477857174759,98.89330451787606,0.09462449819831453,0.5894295459423847,0.9172987080547905,11.042531048457576,9,62.8065967720377,0.43301477110118225,-5.892034796964777,0.7877985174761947,1.0,0.34191229578971544,0,MEDIUM
61.524843928324806,0.33577262195613194,3.947115253299756,0.7226571861960274,0.9182841911991145,3.0376909589810115,50.45162309407521,0.22759035588787987,0.0672381677766754,0.8017709174168081,14.952444051358157,11,40.50584949943905,0.45352036959682085,-3.4293276380255575,0.2904600241793942,1.0,0.40114594306813434,0,MEDIUM
29.434638467794333,0.6188415731974328,2.8607917393835476,0.3711491802457833,0.9521532983695649,2.1628585839634757,26.84055340333875,0.29691663347533165,0.25623015818846406,0.7929380459990678,11.122409260485714,11,18.58907180892597,0.21838137937767832,-1.8038060217590797,0.3811908390443691,1.0,0.4706579067476071,0,MEDIUM
67.09455817449782,0.2630215758567054,0.5951159211279956,0.9371005651913601,0.9253013961905394,13.924988579692283,63.92288588838766,0.18202968534074637,0.495966763814617,1.226711926432177,7.4524843509481205,8,50.11258464115978,0.25653544027978836,-8.209701819602968,0.24355869364254357,0.8580993740379248,0.481323875156352,0,MEDIUM
62.54090043892114,0.6105185496354866,4.297351089270821,0.6040108579117798,0.9437815998131427,3.515860419506601,47.877534574192204,0.29846297497476637,2.4556052287457004,0.721602932781509,13.993182891360826,11,56.908616295948306,0.38603979619992385,-3.523140403893843,0.38958687509802925,1.0,0.3453838397075235,0,MEDIUM
40.443831032791444,0.6951360561310285,3.804520859833557,0.3739622656940593,0.4414476153089927,1.1497084788845326,29.17370509341908,0.13816691387346183,0.6732269731856543,1.014936940263955,13.351983721459057,9,40.89823000369602,0.3900100637239264,0.6939367517704444,1.0,1.0,0.4967833294101324,0,MEDIUM
19.652395336968468,0.6953900973336736,9.871710150897878,0.2451003402081525,0.8971009266414681,3.8421887697012065,20.578132535617645,0.31798022087517536,0.9527731984921385,1.3396146732551846,11.94344070394775,5,14.62525159007283,0.6494690884271287,9.21878423577692,0.5020436587046346,0.8277376281579101,0.5423944704033301,0,MEDIUM
67.08372162538797,0.22336614720663467,2.2298197205619465,0.8828975085787236,0.7597753361491896,3.295348206938078,61.328569185517146,0.15003044669065047,0.07414836757250136,1.2412316853469996,6.106647125608724,3,56.28053569915216,0.11671481832912409,-6.968325946349942,0.472020069379533,0.45426588502434895,0.2805751549879196,0,LOW
54.22615457682243,0.49628773916925506,5.624475741450364,0.7175065900061104,0.7215339098441224,3.974011046111161,50.33866455769737,0.449688377459935,1.6785671358219023,1.0850717070392175,12.725698663732752,11,43.97552872076444,0.3258251328031827,3.3849013919116455,0.665843004818444,1.0,0.625205494243197,1,HIGH
75.64706329752934,0.287310550814944,3.1705728394603767,0.937442444888296,0.7527055650387593,2.062518392730549,69.74400055358876,0.09810341840879327,0.6195174111292654,0.9967492053888939,8.389441432266848,8,49.090664374386485,0.266813870038017,-3.037880122928014,0.5145969278493331,0.895577657290674,0.3842926799893274,0,MEDIUM
54.21389759451944,0.5017717308801948,2.0742003741957906,0.7465296538910285,0.9009894667682615,2.228210605343003,54.32147325203788,0.22435163964308696,2.0329623298989823,1.1473284124730592,6.209151575418888,4,51.07629511660943,0.34074594881398385,-0.6854405389696243,0.3994016652877051,0.5283660630167555,0.28233581226842436,0,LOW
82.43542752707592,0.15524926124494506,1.905615640958885,0.9525433284995349,0.6652005306275182,7.502311559927674,62.50260527530721,0.2839199151934256,0.4717171415127049,1.0738787803137395,2.1869553237830157,1,68.72784030383501,0.09697525685199758,-8.012205321517776,0.5798238346811952,0.15747821295132064,0.4992543691414971,0,MEDIUM
56.91208129583127,0.42084284624145524,1.17062260287448,0.7722442421237024,0.9727542344716964,2.971824186569636,53.81716681938905,0.10317197123151349,0.9192948118451773,1.2845251480685147,9.118606367457406,9,57.63991639178911,0.5401086217116156,-6.386942564695962,0.25129007141318305,0.9947442546982963,0.20401158403458763,0,LOW
57.67972758050783,0.44943308612767024,12.96626863010723,0.7982332502784713,0.665855700939655,3.7645161758766132,51.20758943932651,0.2725204412701471,0.509169422267333,0.9732562152956802,26.24649101226804,11,56.29265380680642,0.4949458730364333,8.488485236151163,0.7259329916543527,1.0,0.5045529411260987,0,MEDIUM
84.51555622595933,0.16171587824387312,3.669109395006936,1.1186299244815683,0.8565192294589378,5.554666714705508,89.48365646305477,0.29266388737185256,0.12304132680718466,1.2002203389190877,6.858755064649097,4,61.29262488887923,0.1656618057395913,-4.0741140146342945,0.2960790949335299,0.5543502025859639,0.27900246153969294,0,LOW
44.296043628053745,0.37949553389965973,1.251155740250067,0.4672697868138192,0.7280111208039142,3.880598253633287,40.21409123367996,0.20516827974714175,0.25401830734367875,0.9348548292500579,2.766990190819459,2,32.80913716925673,0.18315736010817601,-2.6273143269153287,0.5977310857439586,0.2506796076327784,0.41611491048195887,0,MEDIUM
21.39129441830446,0.7677030853709399,17.80148882344669,0.21350818358305573,0.9548212194791752,2.243368679723916,23.04214595190783,0.20114727479030253,0.05570070981749399,1.3786992641434104,20.43102251280176,10,18.003848701051783,0.637189529051814,15.180580473023307,0.45161971346670715,1.0,0.6376917940750024,1,HIGH
12.446527486633812,0.8074222103928367,2.3266204595495394,0.14612970465356287,0.8204609527866377,4.576286121149169,10.47127848136203,0.1374861670325206,0.46423537658786557,0.9676307169955756,5.7132478431227485,3,8.168851438365234,0.45970596309049133,0.7396657185302882,0.6730196760164618,0.43852991372490996,0.3708015660307174,0,MEDIUM
74.18666673225762,0.27215024619010475,1.9948567549914331,0.8357182721465782,0.5832525670281042,1.3145011201944725,80.62294485183565,0.20555803907596332,0.8383540700314112,0.6762130175623962,8.192120502937456,6,52.8953619010799,0.17809466662976625,-4.133123577913381,0.761196272552896,0.7476848201174984,0.4374392803490061,0,MEDIUM
62.726311865044494,0.6115576015578279,3.160934793598804,0.8398295243580294,0.7909851422472842,2.095143551041236,65.86659045880181,0.2360414764582505,0.2234656523256681,1.0155410267391782,11.967089032411335,9,60.81264806966501,0.38155683323468326,-4.079825579363449,0.6193010874079876,1.0,0.551558856767145,1,HIGH
69.846780288434,0.33093073035360426,3.5034672976367633,0.6635554733504679,0.709325198308644,2.1035338580022644,65.216310053401,0.26066160636557667,0.5392845930705897,1.1529203612713272,9.506114210712855,6,46.71715084914391,0.28809150274730916,-5.754441456908005,0.6014775677138361,0.8002445684285142,0.3482410635690782,0,MEDIUM
28.101953728257413,0.693898087823634,9.030806613638072,0.2891325799387893,0.7786206598656338,0.19628063562147957,23.64734368152269,0.5015627997364037,0.491429369269805,1.3257362470999885,9.904921332710312,4,23.768877659169704,0.3853283813413772,6.70236519876792,0.6790180541133664,0.6761968533084126,0.357364335370443,0,MEDIUM
21.59157542487543,0.8578283659094259,0.7088348275010374,0.27548679689846606,0.8188602298164573,4.275169758275491,18.36081380797654,0.36672494950275353,0.6098614685690588,0.8007697048344292,1.9292838781889876,1,16.782797047803328,0.13135991740905587,0.6006334454717419,0.7006238382300269,0.14717135512755952,0.6624493180668579,1,HIGH
11.236296581769963,0.9262520651590374,6.348168184877728,0.1064631598072915,0.6978844847382524,4.192102236720912,11.338556258289739,0.07085145090922056,0.16324614763131706,0.6511155441560919,12.763004250767402,2,7.757751532117927,0.22581759714986432,2.983307894279314,0.9162993054721401,0.6505201700306961,0.5597035804261383,1,HIGH
39.79994249856074,0.63560813425054,3.888631091941964,0.42203150865528766,0.4227529823323509,1.1720397583907927,37.10359750474836,0.14306267428761424,0.6108284003117994,1.0993426359901206,9.159578168583716,7,41.248587338732364,0.30798078117022204,-0.13753272274720318,1.0,0.8563831267433486,0.3200852798513954,0,MEDIUM
60.14300338264381,0.44711801363081555,4.483117439643802,0.6577104713147818,0.7432879876000463,0.8107307102664264,51.76117577237432,0.2500658964029563,0.3623039763030003,1.0931540120538017,7.351316135120899,3,58.41723321489024,0.23570393562629416,-4.77472407540248,0.6086270254153383,0.504052645404836,0.33743605194083204,0,MEDIUM
43.34074383347725,0.7311160468515908,3.6100494827053895,0.5249850857469732,0.651831190221412,2.8017324608549456,41.36535874206483,0.20742797697339518,0.2695447442782118,0.7177856146919475,3.8268998622735664,2,31.205664906557885,0.44382547994015636,1.0047219172361936,0.8878112380936773,0.2930759944909427,0.2351159778818245,0,LOW
47.18536837201697,0.4376752414537571,3.108177657446434,0.46197605104770206,0.4938880862299819,4.312613528104879,46.86891305346058,0.06272570993243984,0.7054766893704807,0.9340804644099978,9.767755706155777,6,44.985448987573854,0.3727856480364737,-2.952746102402328,0.9780054913819056,0.8107102282462311,0.3529893491347001,0,MEDIUM
86.85348903196862,0.16935567582523015,2.4282623288982292,1.155413914604975,0.7665995922572596,4.8397205282447295,61.5930380889073,0.12094524678457992,0.12816955974714148,0.9430493241450911,4.717408328599218,4,52.3629250949013,0.11921514057526002,-6.236786260620869,0.4347784495267257,0.46869633314396875,0.41917612535897686,0,MEDIUM
39.60171469698053,0.5298723626316717,14.61104888673238,0.4450326318917461,0.9317966653034624,4.650017210084575,29.144688692577223,0.39622554165155777,1.847354708654671,1.1646240051892947,18.096705564170104,1,28.70746528352121,0.3163964884630624,10.736460311291314,0.36724118336064226,0.7938682225668041,0.6413274238294178,1,HIGH
53.68910657858392,0.5075499459215407,2.9457459064952785,0.7293723413274086,0.7919107633738822,5.865372835217938,39.611510157064785,0.05153112014239867,2.1848849227750144,0.9172588728256654,11.005206637750511,9,34.82270793261485,0.36212902955695386,-2.2861909156153906,0.565908827899947,1.0,0.31987887038548807,0,MEDIUM
76.61050608299716,0.1604000182511408,6.930674282661308,0.8687133090694927,0.7416136418426101,1.040049330443188,60.73478073768977,0.07046561192785025,0.8644835810955338,0.9128978200248372,11.820336127299225,9,60.58641143021236,0.12068402966557454,0.060832405546469515,0.4677795463616552,1.0,0.45335207551454315,0,MEDIUM
43.706136497307966,0.5295492899385136,5.194713372325126,0.4534599639733648,0.8349314550606719,4.041281669542036,38.05913651608137,0.30449221475043997,0.2889534633255177,1.0229252835397247,13.011881275371804,11,38.770000301035765,0.10053415724508301,3.157642235243123,0.5123774623782489,1.0,0.4477716194504388,0,MEDIUM
62.877369519369246,0.3476191116672751,4.056888209147548,0.6104854440237945,0.8132725287099912,2.457499031910372,64.22671533636722,0.05602091318118736,0.7868121415588547,0.7243777485245202,10.284122959283852,5,42.57363238387118,0.5341204435556768,-2.718170527232852,0.4539007627686507,0.7613649183713541,0.44890342840782327,0,MEDIUM
83.30091524347334,0.24505618511284333,3.268041206254441,0.7512680862768776,0.7743782657487561,3.3057033935372773,70.0093890530567,0.39191710000874885,0.7360853357063637,1.38015638802212,9.351173321182,8,58.94232752669408,0.15642564261312403,-5.396851945893387,0.4609606939332875,0.93404693284728,0.530771536060411,0,MEDIUM
90.70925301089957,0.1663838254063974,3.548602565890109,1.0577413168337633,0.7625782426691007,2.1625234715404105,64.1306359589446,0.2006701331625559,0.39707937369554286,1.186813639983224,10.01526266011945,6,70.45540019738168,0.25608102890833084,-7.210168235165877,0.4393245486995477,0.8206105064047781,0.46772660335321614,0,MEDIUM
22.501245878968227,0.675330151094607,4.218286008138616,0.21456700883636795,0.5532265478685824,3.4937380009130723,20.101369675989975,0.1611341525693182,0.2708965513729505,0.8596403967805493,11.923314858514033,7,19.887707292084933,0.2739909994142206,-0.7147037199294064,1.0,0.9669325943405613,0.5108867848229777,0,MEDIUM
88.75994813872703,0.11679524749271761,5.420084279087036,0.9726882131705576,0.8732439846321449,4.4383564404215905,97.51624467449365,0.13876228399507606,0.14757392019581395,0.7764722807169974,10.701290464982614,6,65.66699355111366,0.28720904284677673,-4.331680230841349,0.24853164679814144,0.8480516185993046,0.3811657152428757,0,MEDIUM
51.82988491176074,0.4249347625024587,6.148354318250308,0.6191784020391905,0.8200638526440391,4.305236826267452,43.51680665286556,0.27527617085043476,0.19609033626677358,0.7919681211703142,9.759369733325688,7,45.12705155212652,0.06431371092403766,1.6150433494800986,0.4823716022851706,0.8803747893330276,0.40259422602063866,0,MEDIUM
31.95077300541146,0.5798118770918587,1.6427603606062198,0.33159884461236033,0.41254000637660043,1.9115428720117147,34.65067107561223,0.16736640003832748,0.8468133902111936,1.117348295805359,3.406959488722584,3,24.19192908682529,0.10715408881734484,-1.9053979536796277,1.0,0.3462783795489034,0.2720137647288097,0,LOW
49.02653928025221,0.4923732431635284,0.375874842699652,0.48419205678497856,0.9205530479353379,4.442998038448955,36.3060179171854,0.18129002177148562,1.7365042715501025,0.7979238989573858,9.247673086330355,11,35.1048412121681,0.6675899539316336,-2.567863961168049,0.3653570496787574,1.0,0.3730306995908841,0,MEDIUM
93.30276889926554,0.05,6.952313171551094,1.2011432826713069,0.9164007057779828,2.1571306290339516,71.77220918071811,0.35868420975691573,0.38884924667114495,0.9501345486621053,7.167515263630017,3,91.88199573635566,0.5218216881850113,-2.415698706940158,0.15039894133302575,0.4967006105452007,0.5056329483889691,0,MEDIUM
51.87253798939392,0.6754119390137026,5.077051562222003,0.7124151471655511,0.7769506440932914,1.0616079983289104,51.33559642961247,0.4293096934071356,0.10399536764437503,0.6618355014309456,15.472236924897974,10,40.06317100204578,0.30811777332845136,2.0335969781609395,0.6722800033669142,1.0,0.5114949693716129,0,MEDIUM
37.9438868744382,0.6551979172844737,1.371632126778484,0.3605504811348225,0.9245621199254095,6.7648747611528,34.16790019762858,0.13513059243663494,0.010311207367697773,1.1082532537418819,3.8497996984578595,3,38.44734209793016,0.12312004432677252,-2.2232685458739994,0.44075577875412264,0.36399198793831444,0.2433510249432778,0,LOW
63.83907261692169,0.25139987377044415,2.611661442754962,0.6242153636368198,0.6677436333479253,5.001027666479142,64.2252173807447,0.10786012376685655,0.4165737138962521,1.1157498959478678,11.708422967461075,10,47.081864530632615,0.05,-4.600024941784536,0.6240844868633342,1.0,0.3583834145849088,0,MEDIUM
30.41237759614641,0.6506943037048605,9.961152252251978,0.41969273551256553,0.4454248776399431,1.5498441423979679,31.793809303431242,0.5707436417326579,0.21176322891356483,0.9630862250744244,15.655604372994555,6,25.676941495734916,0.2959974802741986,4.960918935454316,1.0,1.0,0.7273211126854194,1,HIGH
16.448382889236434,0.9172268347419875,5.172384337361729,0.15114289274082623,0.9327707359127204,1.7051648820956984,13.165844094124852,0.07587924703440271,0.31154219785371556,1.0387115807978713,7.80342504920871,1,10.265736292656214,0.05,0.02318207317942278,0.5594573135019132,0.38213700196834843,0.36068279958725796,0,MEDIUM
20.954776362405184,0.9575276582055422,5.348327730526864,0.29102332214700055,0.9034301676250381,3.6695587403834207,20.391756477800207,0.1407093860873896,0.22130917311334045,1.1591482017599186,15.755299724429335,9,18.98760252061649,0.2733972362502758,2.237979190756877,0.6236185776652139,1.0,0.3485023520709045,0,MEDIUM
20.88389631141066,0.6642823719068568,9.45395078619175,0.18844004131853098,0.6205331870171725,3.4501946940858024,19.694359907805165,0.11015462974037171,0.8728668774000093,1.0333353390112046,22.906260378710172,9,20.00599408494708,0.16336912622823557,8.39931593690035,0.9013414054276696,1.0,0.6136566167581206,1,HIGH
22.91172894854502,0.6204887597034262,7.146671805699477,0.3062918576825202,0.7363053074836291,2.4699617679599513,23.933913091392284,0.24368225016878037,0.8140262383219654,1.1561706015573303,7.632790433452141,4,23.762582293431098,0.11685427526338914,4.202846464535143,0.7057864186262695,0.5853116173380857,0.4628981167723682,0,MEDIUM
21.800309675199863,0.931674117277744,8.57761644840549,0.2297017076593977,0.8601153993689261,3.5641098078716116,19.010776062962634,0.25956223102478954,1.9471079773664763,0.7664046738612543,13.390850369644918,2,21.287460267052058,0.28882690071124867,4.956386678714979,0.6756639595854828,0.6756340147857968,0.4854394158830137,0,MEDIUM
64.47435330827324,0.38642560110693996,6.061846341165121,0.882843728041118,0.7273593272250968,1.0161622528217822,46.46977230614782,0.16485669286423643,0.9624983054091031,1.075738847467384,13.34074469477373,7,47.751892252509144,0.06512315393187992,-0.5530138132292494,0.6021738097158248,1.0,0.47449436972749576,0,MEDIUM
25.45980717392731,0.6759385097106176,3.032948994324986,0.26948509423207945,0.7776436635242238,4.087243171724177,23.669332254670014,0.45618190571685274,0.14420268297196287,1.0386902765465276,9.738294642712422,7,21.65283333977207,0.05,0.3656574251472903,0.6715037595689732,0.879531785708497,0.5247766729624467,0,MEDIUM
39.38171908252838,0.6489531360645111,2.899388742575259,0.48327401048563884,0.8500167770664814,1.7032945312429444,42.67211399690991,0.19000606183334223,1.114154002302534,1.240396988534999,6.741761015882561,6,34.11808633099782,0.7062248888998162,-1.76393395137864,0.5494514024325334,0.6896704406353025,0.38498823000778265,0,MEDIUM
86.227014842011,0.05,1.3270634562875858,0.8105479814833575,0.8682273255053882,2.16266278127901,60.86355156234891,0.2744668882804841,0.15999864730288613,1.0060745711746641,7.307546168695351,8,53.939620036413366,0.13465739985979744,-6.4781222445599065,0.22265901174191774,0.8523018467478141,0.49733516380158305,0,MEDIUM
50.28673942234415,0.49740264630433134,2.720143264698124,0.5135105352152971,0.8611256783137045,3.508518983597,40.03343393881553,0.22749763415655783,0.6542446338270103,0.9805278344367727,5.654314448745998,3,31.81619997361359,0.37040608410190884,-2.6199913738785594,0.45701280568160896,0.43617257794983993,0.4398386946396482,0,MEDIUM
66.7424077742873,0.3588016160845738,3.2578875280145616,0.858867782114897,0.9485540676424324,0.32087377131125416,55.15773557084235,0.09927528707677813,0.06416862565847146,0.8885734617200368,3.7780212671763644,2,49.83074819103493,0.11868467946490821,-1.1118783493047837,0.2565697065786382,0.2911208506870546,0.3182405803718616,0,MEDIUM
24.647189052138536,0.827469720641641,5.321404788494709,0.28697780239331244,0.8798149512314313,4.103029498312446,24.803342677828336,0.2944781895102923,0.038785217296380174,1.2982457290966756,16.15075815676925,10,23.0448951786126,0.15561693631758508,2.0966104680544237,0.5940124334736736,1.0,0.508015170027392,0,MEDIUM
26.344566598737018,0.6554426578292268,13.750991401746264,0.3593358131377147,0.8657042903307584,5.268153895759409,21.847832784634807,0.4434943194683919,0.4992402405711068,0.5287633371461182,21.797380624168117,1,19.191757213969076,0.28113340397900144,10.061971918579458,0.5291648934184758,0.9418952249667247,0.7337794275395343,1,HIGH
13.473832382650704,0.8721166490857617,7.436822765979365,0.15014911449294052,0.7941982394405096,1.441763334930816,10.720233027096983,0.14434151010670726,0.0887305550180854,1.1022341048708486,7.909115465415481,3,13.38431701040026,0.17324920391424842,5.632747836993242,0.7447609653821164,0.5263646186166193,0.4727859140987199,0,MEDIUM
24.359480361133986,0.6823712263038931,5.122698367586392,0.32517620946478465,0.941588471137614,6.035955323285213,23.371050739380166,0.21893071604712852,0.29299544467400346,0.9959235112839545,12.270968221156071,8,21.685924274599543,0.530114584986357,3.9012610267038026,0.42880290644552554,1.0,0.5173075879768388,0,MEDIUM
33.68017881771648,0.6836289122767806,2.064295072745715,0.37872610643671417,0.8305611645538874,2.1527730742790516,24.201300544519242,0.13617009422332335,0.33099951658172516,0.9632775555234412,9.112436521272324,8,27.303245160074436,0.29601781668035476,-0.5249456490858565,0.5959727093075592,0.924497460850893,0.5563716501469517,1,HIGH
25.04589116352348,0.6779133825757233,4.338564737934998,0.3480437495238994,0.8552789777918478,2.39133553407062,19.241223969412687,0.10699978553725223,1.1737499302167953,0.9341355121786123,12.677651996021883,7,21.119983170634814,0.05,1.0251389635616395,0.5560382246000899,0.9971060798408753,0.35686119529219545,0,MEDIUM
17.53971536934973,0.7919547791736851,18.209001150620626,0.24203354758140838,0.743823815742563,3.3717602628020704,15.1404943877259,0.2640975597468688,0.3235885964878069,0.9888289991714324,34.1233874943294,2,13.139755972686464,0.20721987008005613,14.935736878884342,0.780241665972998,1.0,0.7973486222908107,1,CRITICAL
20.25404904355107,0.7177942779812709,17.633650453548153,0.215618196273788,0.8185358700147841,3.6113732668240117,17.058769961333713,0.44589045169512953,0.5454496292569885,1.0957092541431541,13.344600789723954,3,21.029010494546498,0.17558388894132937,13.611011060858619,0.6310933339684592,0.7437840315889581,0.5712059175051951,1,HIGH
49.16619528278169,0.5604289465180756,3.424876373003985,0.6602832384717915,0.8782990903252206,4.853138030303444,41.24386568253763,0.39176364592191176,1.1847862609848436,0.8409921727502394,9.612608832795587,7,33.39270615245142,0.18533811382076937,-3.2481277663422103,0.46276583777120694,0.8745043533118235,0.5089273466527853,0,MEDIUM
27.538366064492365,0.7932924286876096,1.0402151445663081,0.3645544560983211,0.8559402698563884,3.214950455503927,20.47262732091466,0.4894217013408785,0.18342820527699977,1.0270054455666493,10.426835886582273,11,27.18528481393271,0.20216546617316575,0.6237988992883277,0.6127358095592222,1.0,0.5973392044935008,1,HIGH
40.962938189086415,0.5716009725125427,3.3322519194664015,0.41181688416868334,0.49286380703932775,3.1323205647301138,34.5864836975088,0.22403583598023752,1.3073837321266213,1.070152174665226,11.581778782424017,8,37.07833343535588,0.3102603529335446,-1.9378921885895188,1.0,1.0,0.5413795645489604,0,MEDIUM
52.790468022662836,0.47515435937017386,10.737657003388886,0.6398971244009884,0.7916404727797345,4.005565990387458,53.80389238071528,0.3941478051204652,1.4260564786263992,0.8092498341370017,20.62422474153847,9,48.57793325889509,0.2969157268030146,4.258558594928788,0.5501164705154852,1.0,0.6222533184379114,1,HIGH
68.68356043349604,0.1972770824943561,3.1931427624208704,0.6431124449777618,0.777805421985802,5.632827097794021,59.44820960112856,0.15845791442353097,3.59682271488242,1.1007743240705992,7.414255166281795,6,67.04304524184977,0.08844323202100829,-2.600192477719345,0.43193040826847495,0.7165702066512718,0.38369170095003796,0,MEDIUM
13.34153188649341,0.842610549294523,10.040271406429577,0.17588880077061633,0.6429072715842249,6.316574027394079,12.467240941810221,0.2130140795648428,0.4696581934093216,1.071784547985824,20.760337507085925,10,8.822760810348125,0.43474151005561695,8.710937611247411,0.9569443672709241,1.0,0.544915615721489,0,MEDIUM
77.94988390726863,0.21648479156397418,3.055239999093438,0.7695781119433636,0.8257901816807106,4.006819484664943,59.66531712144983,0.3822065047823591,0.37045333722100304,0.8402069990155784,5.668694650936843,3,71.15439698289512,0.7960714568470955,-3.191468479899763,0.36955712326092116,0.4367477860374738,0.585055495653511,1,HIGH
63.371533106727156,0.5759481162151265,0.9586041587284287,0.5927819789270993,0.940072943024576,2.5338863457186145,46.127159565894594,0.2033659123015899,0.9685435833017098,0.7623838380338909,8.245779490108447,9,60.159964607266566,0.3100665594524084,-3.4409651573630153,0.37786464357069927,0.959831179604338,0.40337941453017606,0,MEDIUM
16.94951771565411,0.7415474607815258,6.037346734299534,0.18646326269077773,0.6466527871761671,4.324213234759047,17.830594609644223,0.4387480316152926,0.047928351204726743,0.8375774245085065,10.003550294429324,5,17.679637607781313,0.3988647989146203,6.030720240669158,0.9007945496265122,0.750142011777173,0.6213714308203313,1,HIGH
84.25418304907606,0.2745923486094344,5.02032834993929,1.0013281647948784,0.9243615909357185,2.7635178381982204,70.14573908360491,0.0705423378344383,0.032450548686164635,1.0270753794063738,7.0826433192430365,4,78.89574714012689,0.5343114760465164,-4.151996041965329,0.2507537879011395,0.5633057327697215,0.49022532114193274,0,MEDIUM
88.27415404520411,0.1970071614252235,1.598427968614366,1.17180274288565,0.846668605106726,1.0643102257942405,74.16219698349364,0.37235600898289634,0.32636359941708093,0.9848136915293058,9.575083087175404,9,90.77133706280225,0.2315774530774006,-11.082913303699373,0.32850067305252273,1.0,0.3589626343521723,0,MEDIUM
15.191626587663418,0.8705346464825767,10.628172196253473,0.2107262825567126,0.9250035071977311,5.141356502794695,15.967541039289255,0.24676681830740266,1.0460311688741712,1.2787846827832576,23.412823280008183,10,14.923951737497369,0.29198942433694314,6.69148237179844,0.5477620624446917,1.0,0.49688405303415967,0,MEDIUM
33.53460009251232,0.8053436378104875,5.50190183202616,0.37550242909603004,0.5821879118103144,3.340996660768006,32.96815172179572,0.30598858621337865,0.09904994006887352,0.9265741909031512,8.485072226003957,2,33.335290250689454,0.07837729331538101,2.2585431076908384,1.0,0.4794028890401583,0.4227457317009921,0,MEDIUM
78.52710878241021,0.244497349984447,5.205085487406079,0.7304775895258233,0.754843934355178,3.0775259167280846,78.72382581720903,0.23044028466826505,0.807485810500444,0.822180243393891,13.339141352302224,10,79.51768230219751,0.09168890251096957,-0.9977229789793947,0.4899827734594564,1.0,0.32663342493299813,0,MEDIUM
73.60207368261096,0.2951119988273246,4.19834770042705,0.9381009633647682,0.7882536265395536,2.6715864560045364,71.60019985522996,0.2434870121900685,0.25122660449579576,1.1314041258309881,9.863709655383653,4,61.75372433208062,0.18948938058774734,-4.569234673286433,0.465175559604332,0.6745483862153462,0.5626937706549606,1,HIGH
25.684286645292072,0.7389074813056756,2.352073511750134,0.3037389393931722,0.9474597628452767,2.172157399144925,19.06587998773434,0.24145174527231966,0.8436947098412735,0.8039949759050664,6.662561322066662,6,23.628489473603846,0.21027826842499373,0.4072677974176727,0.4482640963849228,0.6865024528826665,0.37982524814232244,0,MEDIUM
27.794692483620377,0.8199385857572864,4.273166721264536,0.3123972433327185,0.9085990038883347,3.335629832998827,30.10716443727477,0.3175589986013316,0.4884815914215963,0.841833075630142,13.592288531745554,11,18.227246436800048,0.1747937203359674,0.8758510879846779,0.5470707870461411,1.0,0.32963201162359107,0,MEDIUM
41.49012873726747,0.672816251332196,3.67274741576043,0.4375691866129988,0.7146879055094304,2.3519385381455953,44.13116275315086,0.12913704462229722,0.09787122654079844,0.8444509792667358,9.883868399520829,6,31.549164640876395,0.23605016100397563,1.9613404222058635,0.7643762674019524,0.8153547359808332,0.30560664844487145,0,MEDIUM
51.184453741236815,0.4381012795879349,2.5564574157600464,0.589235054711496,0.761698562434323,5.845589230281799,40.66543688068724,0.08026312673036136,0.22725256459692564,0.5,12.854024528062773,11,50.96600037940416,0.45877988098187844,-3.4038730835725217,0.5765027961424829,1.0,0.7065926754195554,1,HIGH
62.551655580075156,0.268943668631347,4.5824664155522274,0.6688897500706379,0.8371296008502227,6.474121994317664,63.90262599917688,0.3482821831030056,0.1984755555453025,1.1133733329693944,14.321660715583038,10,65.0510187288252,0.3000523897454908,-0.4551863281994337,0.37877743304033945,1.0,0.5232222362142857,0,MEDIUM
41.357659363430656,0.5701849553740409,16.52672111947613,0.5287601290727246,0.8228220955050269,3.013399166458515,35.72303281778955,0.24730399079917675,0.14386094726285012,1.1879961989907115,16.250350797258584,5,26.89287038013684,0.13880099414122807,12.184749120755919,0.5508593344294801,1.0,0.6495772988432554,1,HIGH
49.31545087131757,0.4428424061350126,9.298494112682915,0.5779508721848688,0.712671257283254,0.30074831640169786,48.00892613438258,0.11697133697297707,0.5054090717273291,1.1833373194653567,14.709341224718381,10,42.59661353251057,0.1722223363499871,4.816784527512182,0.6524143171426253,1.0,0.32110027731867247,0,MEDIUM
73.5350297413693,0.25956773661707866,7.550766213750102,0.984210403427704,0.7530186729108227,3.6307579040046436,56.34556942556897,0.12006649954849072,2.474950251372761,1.3770856733706291,10.58742311439297,7,68.42942636594525,0.13812818163828663,-0.5585626947679045,0.5002558589423053,0.9134969245757187,0.5166760424333022,0,MEDIUM
13.118072245700821,0.967814328317723,3.4198261312152134,0.1537138919167195,0.8414952437747802,1.1842070385458998,12.008567999326655,0.22016223035412366,0.8585633804864554,1.3014061185298138,8.349923388278803,5,10.917329859012137,0.25438993594579906,2.615387642380219,0.7216642984966911,0.6839969355311522,0.2894631549960706,0,LOW
31.457140269241766,0.6488444649006391,12.193933427192384,0.32058953320978706,0.7831246597219476,3.4813324963132555,23.613192866720553,0.23282378308249918,1.4463209907345969,0.9332066666483041,15.671224693307243,6,22.172028004402975,0.08984929104428184,5.997383042551503,0.6497352428673981,1.0,0.544809598198468,0,MEDIUM
70.63471480018696,0.2902269814932044,9.738169300232084,0.9362955950527917,0.7264141092868232,3.767975034064532,64.59310628424896,0.10740971401022603,3.174036565200803,1.2218480735850719,8.507141055226304,1,43.706893993391084,0.5916136943709046,0.7204035057566536,0.5554923268163675,0.41028564220905217,0.4841766979035067,0,MEDIUM
86.09258120341194,0.14371600675055218,1.470380150456995,1.0146953601993447,0.7294999690511519,4.742891333288799,68.65345981939474,0.23245348567994412,0.6223066576819261,0.9804719373433136,7.432158664271417,8,88.51813722740404,0.05465501947917491,-8.601911577262921,0.47760804979854826,0.8572863465708567,0.3973513615792582,0,MEDIUM
53.49258257983162,0.5329486447781067,5.836823073954474,0.5367555497874473,0.6542562604936066,1.1803024158616624,47.126249067792365,0.12086465577849817,0.21752055229387546,0.9148060467561567,11.997292765182983,5,37.79642629685573,0.3019865505286172,1.417712748372947,0.7850899316486434,0.8298917106073194,0.4633087041991453,0,MEDIUM
55.229646247551834,0.2679523908057132,5.833577297654516,0.6692473951103061,0.7171216336812072,1.9756414001017022,53.41743711458424,0.050487649557147685,2.1027741574660808,0.8488844507001398,12.774264823856694,5,40.57155710086161,0.07632990873812247,-0.20891544215429747,0.5582937448810459,0.8609705929542677,0.3626916509477385,0,MEDIUM
19.109620963880964,0.7603677667799666,4.860708481851792,0.2061657476273061,0.6730206522573445,3.57848318754002,20.08095979975223,0.10637738724063889,0.9604734585562391,0.9464752122728534,15.919640929818225,10,16.993294351122216,0.09851777426758725,-0.41366164321155185,0.8706529050039665,1.0,0.485402738731611,0,MEDIUM
48.03005117999364,0.5366021835824214,5.087088219014439,0.6350546844952517,0.7749229832407609,3.649836567681806,36.79657153706596,0.09861987597618402,2.554201254387832,1.0657944499620757,11.486954059481022,6,38.08221534735974,0.2145989254195659,0.31106999319145073,0.6059166169300694,0.8794781623792409,0.35208864145243185,0,MEDIUM
55.27246764867697,0.5432816400273792,6.035532511399614,0.6227271845355665,0.60018800943597,3.1731565668674575,58.4400026674687,0.14851760984221593,0.8422199533186634,1.3162275982764664,10.986923517409972,6,43.69624463125732,0.27584432686050875,-1.7651990648141438,0.8713588058597347,0.8594769406963989,0.5582548464897132,1,HIGH
30.609992808952022,0.6545478761099833,4.648353948169138,0.38667175901953504,0.934618651576303,1.118185951288235,26.202614805576378,0.13239232628272612,1.1938396588552205,1.145729015677061,11.812994041486041,8,19.503813557916583,0.42770962273807167,2.8814986727960634,0.4253459606905372,1.0,0.4072640394202624,0,MEDIUM
32.88567463069738,0.5210190372096762,10.563131914662097,0.31167993487515666,0.5827312451317962,2.6709130217097057,34.11950000535694,0.18029950112505716,1.7704602334453925,0.8457383329835235,17.601569850939583,4,34.40975046026012,0.12910990512507314,8.041277276146136,0.8864126509071437,0.9840627940375833,0.4593577950351816,0,MEDIUM
42.06915386389292,0.6288853770383618,1.5025952122531199,0.4619244305672414,0.7826417113401708,3.212322091131501,38.073390601739014,0.3221439233666959,1.1391946948626552,0.791174291892581,5.387182103452879,4,30.625566366911023,0.18896120862654897,-4.896106579752244,0.6404801215089246,0.4954872841381152,0.6044161463852403,1,HIGH
11.706051811106741,0.8321104907828822,4.723433773191365,0.16290384229082525,0.8549805448755716,3.0910322416321208,12.231459552989648,0.3060543541031171,0.6616094575020659,1.1137088114260696,8.889097962143682,3,7.603179427202192,0.2850708408027082,4.155827979519989,0.6335844280780837,0.5655639184857473,0.4284983567423668,0,MEDIUM
37.37672907457015,0.5310593765270696,8.307461894827554,0.4874785677078109,0.8338278994830401,4.572609638481746,36.073388590521944,0.22583594742899724,0.5108074055859412,1.1804748725536027,21.77365571497347,9,33.88973142000822,0.26371831777856175,6.997804369143134,0.5147878390389746,1.0,0.6322281370410922,1,HIGH
27.973080594706296,0.6703215628758792,17.413180531683338,0.2741279101273171,0.613554552515921,2.2510345577054145,25.273299456814726,0.41989218208625656,1.386991726136369,1.2454952147108582,32.52413470491788,8,26.252533254310134,0.24416184082596956,12.588852997165821,0.9148289526640582,1.0,0.6758438312558299,1,HIGH
37.83727493512275,0.6068652220363046,10.525358121515108,0.39308464795192444,0.7165858757984945,3.6993358820770315,31.21633652845827,0.2882039566723741,1.182677941994315,0.9462497739214137,19.79588174240401,5,23.134079333797988,0.5323896147074656,6.882126184019999,0.7285537973204105,1.0,0.6256573113093338,1,HIGH
20.179781204636352,0.7498226147905795,6.463904036346792,0.21489608514448483,0.4957757354035261,4.822809538844835,21.946796201376767,0.2264756924250578,0.36510887083707166,1.0939005715596146,19.03731567408366,11,14.55288227433021,0.24381545562512896,4.806501760591755,1.0,1.0,0.6522468317616131,1,HIGH
85.69481886289107,0.05,2.480442826136406,1.0499181642726187,0.68350847737199,0.8470777658617766,87.43948508459872,0.234001716209866,0.5518533340519777,1.171165331155383,9.258596429112496,8,58.91215625828728,0.39560675558038466,-7.0186642796789185,0.49973728394201494,0.9303438571645,0.3473201408026598,0,MEDIUM
60.45535855209414,0.46721171023002916,3.1195368269624137,0.7729201750038642,0.7825667198752048,1.5517421569631278,51.536674168486925,0.1503821651104214,0.8062660795038264,0.7297881500775067,7.659791206734315,6,57.73121712292916,0.21972880719367088,-2.4652811174723754,0.5597557753022074,0.7263916482693726,0.4517544486764901,0,MEDIUM
67.72369712728161,0.42475303202948167,2.861716449989816,0.8633168393642613,0.7535496623519288,4.006818118030462,51.923043237218316,0.2883425436361827,0.023024344699889114,1.0555543036326005,8.520043248814869,5,46.23422738884972,0.24853523997767793,-4.7506876574786325,0.5820520224868477,0.6908017299525948,0.5606727299260925,1,HIGH
77.07955528162375,0.2813262064909229,0.5138411822203941,0.8902203250832894,0.7330661272726886,1.143193489594575,77.99018605371484,0.09288363517328717,0.22755646569362398,1.180869454973286,7.794522484552733,9,54.40691472028766,0.06272342385242818,-9.25498344880691,0.5410639123364285,0.9417808993821095,0.23677392966174537,0,LOW
52.36758690896987,0.38530927727631603,13.385194820001413,0.6836118570948142,0.8462526654532644,1.8643243911408396,57.39370824706957,0.24326487887460146,0.2303743787301658,1.1020782890818568,24.983719291043933,9,54.67568680247427,0.4525996033894714,9.008990414187906,0.42327564045826144,1.0,0.41325437951119803,0,MEDIUM
17.388224487431014,0.8099984324098884,5.701402153577364,0.19449407949449377,0.6091511167673757,1.6808729000001394,14.112108790367389,0.40525369229748026,1.7180499569100165,0.9838706663284429,15.159969400943435,11,15.926743236745345,0.41696788809582314,3.1428892276113576,0.9912725410538807,1.0,0.5247693146869249,0,MEDIUM
55.654056054576564,0.44293773423587773,2.1224568870297937,0.5353587841163482,0.8363427233927953,3.452288159956056,59.34643714462302,0.16687177273353274,0.3221604505845292,1.5219890334647372,8.68221441395021,8,43.10110676547931,0.3111577906551205,-5.325228393618678,0.46695478202874596,0.9072885765580084,0.42297486873904017,0,MEDIUM
59.881495031774726,0.4490886008472056,5.364453858070904,0.7079315619695654,0.4572134245923288,4.566757501292312,44.920000635759564,0.10338903078208353,0.6302184381719993,1.3861037335092836,15.539807408500542,10,56.242890733078404,0.36962684141167323,0.03718342631705007,1.0,1.0,0.4410593080888527,0,MEDIUM
73.36235530566805,0.31984368604076596,1.816792366827051,1.0095765604269424,0.9100646746118599,1.4041897278902904,79.29608613344917,0.29918162687642563,1.4250662545560868,1.0018791489352616,4.94062522806265,3,59.417154011077734,0.4733361508782156,-5.173557597078844,0.2948248311025931,0.40762500912250604,0.46174317557441685,0,MEDIUM
46.69106142952275,0.4743554818024928,8.659318350141058,0.6053481293176511,0.6251581415479918,2.770353885788296,46.60400897934303,0.2469925341839532,0.24055312922278604,0.9620546411964566,15.606717323289914,9,32.48298555418391,0.32031414016722487,6.291362830550156,0.7994405285792588,1.0,0.5990098730331764,1,HIGH
20.84432573762292,0.7981163871368557,3.0415204528340616,0.2479120556639586,0.9755857899257103,1.8409824667556332,17.480853897217834,0.15078453179467555,0.10568953412876086,1.1400557296405265,7.314674022526489,6,17.083752083611955,0.37199091004130413,1.6948031489939805,0.4356795086798624,0.7125869609010596,0.4475680337799342,0,MEDIUM
34.12095199289158,0.6953729124403035,8.8331264835884,0.41743669236353453,0.8399715832258173,2.749650634950387,28.042397508654854,0.32756775397296833,2.370763972863215,0.9884942338448766,13.891881492378245,9,32.326563914237425,0.06382116399264161,4.79241739792056,0.5877290813814258,1.0,0.5086961661322176,0,MEDIUM
40.861995193883985,0.7078458338329014,3.80654550000162,0.5578810621266483,0.779534373711234,2.649293737283989,39.12021757181672,0.3908047318021873,0.9757645653714935,1.2543084817225179,3.6036515273381537,1,27.79644650424633,0.42133695434157725,0.7159271414332762,0.6846213563495998,0.21414606109352616,0.3618791603927051,0,MEDIUM
64.9029655131861,0.4073308680541168,4.576868863049814,0.723130277693845,0.8085045511298794,4.411076426165299,60.84022524164632,0.2553471169565138,0.15589152746684265,0.7465493174763734,8.037127045869012,1,53.12239857527871,0.22469231265860962,-3.4281793720747413,0.4909086073322393,0.3914850818347605,0.4372532763676155,0,MEDIUM
58.51615589685751,0.47796297602146637,7.235520348058454,0.6236049585600787,0.793986620513052,3.3943017008552143,62.47036644137969,0.30593706795295567,1.3705577863854739,0.9518600704245629,11.625842002945856,6,38.25168851145119,0.33738397666153686,3.577413775446466,0.5480015572411552,0.8850336801178342,0.48683985957119524,0,MEDIUM
40.26822170131693,0.6040239132211795,3.1575239916619386,0.5591728952877523,0.6883312241656955,2.599298544215835,40.52985455310129,0.3969312980555919,1.2376461750568986,1.137049207474211,7.6655292493921685,4,39.43091026506664,0.4437428563026088,-1.7493941286044274,0.7695151203620465,0.5866211699756867,0.45645200695233074,0,MEDIUM
93.85379614740327,0.17429877014224762,4.174084735206712,1.249871244513399,0.5165789372311855,4.751727736014587,85.98377514149065,0.4385947242971479,1.453864173392241,1.2007496496292496,7.944131832846349,5,90.89387644912108,0.37290018555279575,-7.722772649047812,0.8122809792243455,0.6677652733138539,0.4755811545103363,0,MEDIUM
61.490859645335405,0.41787242722340573,0.6672082990601778,0.6527388754135612,0.7771747478114064,3.0685040757207824,65.85833014868263,0.1120990696307373,0.2586060350982388,0.7038164588549471,4.934163544952156,5,55.52963447783522,0.07623148527617016,-6.382724625183456,0.5431740918945933,0.5473665417980863,0.3263240320064555,0,MEDIUM
30.16427729755953,0.6294701942105191,14.348386871759057,0.34142652839814913,0.8254141162752807,2.0700534791948737,28.266710558808768,0.12430800805981317,0.4762063339456075,0.8091874155730905,27.95403313340742,3,30.58688096508917,0.3025289423486014,10.542575529438029,0.5766139226923385,1.0,0.5994491065571385,1,HIGH
18.65151017273432,0.925754495882672,11.684029419227928,0.20657276128295135,0.543177982643768,3.5200001299218906,19.395219263291306,0.22480134683290476,0.9464836371318885,0.6647481158008599,15.1351876561277,9,14.547756295154024,0.6789580720113993,11.20115925553255,1.0,1.0,0.7318614087421332,1,HIGH
22.99302683066822,0.82590199349644,5.305672523917207,0.2240780461761588,0.834630296247505,2.71847998370494,23.829445566563475,0.15619327674596023,0.3963130440582615,0.8253643105380148,8.145741731446835,1,15.16136201668064,0.25398946528226973,1.452323154307269,0.6610055523769626,0.3958296692578734,0.3657667134543801,0,MEDIUM
30.90640691268319,0.6554924091828895,11.837646168696168,0.426171431067167,0.8663239728660201,2.0705408128560308,32.998088975974554,0.2276721671622223,0.05803261674751897,0.744557110673342,15.916723861056196,6,32.11282403628746,0.06108996063041914,8.024829558028845,0.5282602452924146,1.0,0.5246377639341951,0,MEDIUM
23.657916727062233,0.7250613953374382,11.725872767901016,0.26074719969112575,0.8050406813887072,2.478462569909031,17.200270999576087,0.28076584508740193,0.11736255545309748,1.1078262195925994,9.801919972351895,2,19.65698357289265,0.5662178273607886,9.418223918032906,0.6549696755856582,0.5320767988940758,0.669035073220207,1,HIGH
25.858197044360992,0.7651440731676511,5.547913588661417,0.34589593288680276,0.6421941503137603,5.072262498898386,24.13934753590917,0.3137766600323533,0.7272803256577597,1.0458009104581296,5.45453054313168,2,21.048101359479038,0.33313227438904575,2.9558632772349713,0.9192808111131852,0.35818122172526723,0.4904983855582735,0,MEDIUM
34.233089338977,0.6947238902316368,5.112670707162971,0.3405090473462124,0.6213631552175085,1.4979429906281996,30.376972704993285,0.10106087978184802,0.3762182278581144,0.9692341774771484,12.547837736745361,9,21.521508009939474,0.1880272732830166,4.06669203619294,0.9153172122895556,1.0,0.5400294211248324,0,MEDIUM
24.73675560005416,0.7684158252499549,2.563440288658254,0.29039353211616975,0.7633105269165211,2.668285419129903,22.169499740531375,0.3211130790632779,0.004315725471996776,1.0052189602926707,11.201053762572364,10,21.19122607362667,0.0516050697936303,1.0384386403998545,0.7392421222501957,1.0,0.4170718578951424,0,MEDIUM
86.22506109324614,0.16265408294296943,2.8245516461217406,0.78635590932031,0.6501033218222163,0.29953456396141903,76.21987072310579,0.3082456568139505,1.1648741379986653,1.238847913781429,5.488709463414243,2,76.75181434789882,0.4872595810456173,-7.023133114443503,0.6061720587381603,0.35954837853656973,0.2580827356253288,0,LOW
16.819868381239587,0.9677979061537145,1.4609247693088327,0.21564925519353056,0.7635314127541606,2.0797973576815156,17.4083396627702,0.2078388043392362,0.4312480494640557,0.7915461827354753,9.071493067904502,9,13.673453651539807,0.5748706225503489,0.7579654382314365,0.8386018339456164,0.9928597227161802,0.6357937807949209,1,HIGH
54.583468113471646,0.5398887710440744,7.126607883841066,0.649792689229236,0.8492912915847287,2.108373160986316,45.1608964404053,0.1163303279475435,0.30123311136538966,0.6139596828773319,18.35521494656981,8,55.11205378931291,0.366174760290543,1.1380841327387599,0.49600744814494413,1.0,0.4230649173357292,0,MEDIUM
44.88373029412123,0.5664135443599897,8.017895005742,0.544347543343431,0.5547474323069096,4.0202337970090385,39.7266091023584,0.20055782359308172,1.000066950123866,1.142102376102606,11.887961293955913,7,41.92453872078119,0.2227567715836664,6.164242540379217,0.9510856237196306,0.9655184517582366,0.5067604214277814,0,MEDIUM
93.50218243723154,0.14028302208908328,0.4156884068631269,0.865699718917283,0.4620214711460391,2.1006639242770073,72.95723000138402,0.21623805810655194,0.48573533769610827,0.921807259107946,7.062943146517204,8,57.726317964878575,0.32822328641752424,-9.31030243605917,0.877109304325483,0.8425177258606882,0.5473916890669924,0,MEDIUM
19.52330668428445,0.7221650208749524,14.703362998571892,0.19631059037257048,0.8752047861143101,2.384754784896235,15.632050955090648,0.1485928014188591,0.9495119327473849,0.7963129613273279,25.342078650358232,9,16.480720729321295,0.05,13.890135779313614,0.5482753312660111,1.0,0.5205581944101375,0,MEDIUM
43.81772591888804,0.5936569048068643,2.829767968149369,0.4106445822304975,0.7306230161287529,1.031588312544461,42.247650624538075,0.2778768199453652,0.010628760847106324,1.1108022624312797,12.620095469410277,10,45.883859738525146,0.2295571481407388,0.08696306336252024,0.7008939282103028,1.0,0.48009983190722677,0,MEDIUM
92.40498682840635,0.22069463969458528,12.969055775710718,0.9651304991876035,0.9097888085723137,3.995580918270035,69.00567631341235,0.42810619633844893,0.0075718111884122835,0.6064707589836666,21.621538225527452,9,63.74894949177723,0.39623301046126885,3.2611837258600493,0.24566410698882207,1.0,0.689359244799812,1,HIGH
83.56810570098833,0.14687527135872683,3.3656418083757957,1.014282397883421,0.8090391665544031,3.3805937871684444,64.77603917235353,0.22284723002838533,0.656606153179311,0.8284823135696232,6.365265359111898,3,73.35012069628854,0.21053989760327216,-5.191250177986285,0.35987888584775873,0.464610614364476,0.4097888726276809,0,MEDIUM
79.4511260306888,0.1376780254035852,7.674184831035799,0.9399807042602459,0.6745806076259823,1.33323169031676,72.39696435790606,0.22094836242762858,3.2233865044661223,0.5222687434114189,16.49364065198052,10,57.448947547291745,0.3527461252245206,-0.9166811258688259,0.5569681012628191,1.0,0.6910482498533463,1,HIGH
31.921740298819884,0.6286154859243562,2.3392198234614976,0.38500010083693675,0.6938229384029846,1.0470026557979362,22.904142701465236,0.25092969264680803,0.25435605011998813,1.0518190406297052,2.4743177728092522,1,24.48932323492441,0.35956320766786865,0.09601328148291066,0.7735733353577012,0.1689727109123701,0.41732497060516044,0,MEDIUM
24.525444928155594,0.667574907731053,4.401764799336687,0.2880821633928903,0.7112454307833567,4.244241514543917,18.412987903381257,0.32456606050335024,0.9188142237266848,1.3147380343243615,9.806997014410651,8,15.086472271841764,0.2876697934498975,5.666773891910642,0.7669193076904914,0.9522798805764261,0.5002549863781602,0,MEDIUM
66.83467369357663,0.26887231041401743,2.338984555580417,0.692751015581921,0.6113268988087186,3.524254430144767,69.86503636879685,0.5491889073806142,0.15124257210681522,0.8853642647475544,10.855983357698172,10,60.79032452460565,0.06433856835852224,-3.4693490666425744,0.7174458069939308,1.0,0.4079752867346954,0,MEDIUM
88.99695907584479,0.08038976135434985,0.6196391754804585,0.9097747503570982,0.7594491088612769,1.4823216856171624,92.41966698813762,0.13799392332901134,0.2986484781391388,0.8416911573760631,3.9682601037390834,4,84.06442219302312,0.23204888415967853,-7.759840916473707,0.40102121738525953,0.4387304041495634,0.29364999095172634,0,LOW
57.32484590618403,0.31430617940386835,1.2818573869640069,0.5552082393490806,0.44914425645361505,0.1404106264870027,48.10187678699727,0.14383885062334983,0.0650330278692014,1.3569107453088374,5.488695075340955,5,54.333207448930054,0.28739186320042076,-5.633360389621608,0.9834367050215117,0.5695478030136383,0.3864792377748572,0,MEDIUM
58.58707860494149,0.41537868066655337,3.6340415338672214,0.77600661789016,0.8769825713975462,9.139062065779294,49.16607284104838,0.17246064952855306,1.7015161144678772,1.1254870500637173,11.03644017223303,11,60.739815083489525,0.10528962607129969,-0.6139246003347414,0.3922154832369574,1.0,0.5629910001992945,1,HIGH
33.798222961124154,0.7341999442916902,6.854423362395169,0.40836354070465625,0.9261007278811527,1.3346892402717092,36.31977925709177,0.21859859382137614,0.2973582381556197,1.476087832094032,13.071183913011321,6,33.02238311997862,0.17630963080479867,3.7406755508861336,0.47794888032411603,0.9428473565204529,0.4677967839238678,0,MEDIUM
75.40689932131464,0.1733105123751,1.2951356022497846,0.7489831796028822,0.8195949557199093,3.2766585025243984,53.5642695938611,0.05939139053638988,0.20957657883101494,1.0321605486054757,5.784911318128786,6,52.288855448110645,0.1341121958326769,-2.7779995752693916,0.3572628226076861,0.6513964527251515,0.22006512962645897,0,LOW
25.898718627389485,0.8625555276174467,4.13998615996186,0.2560359469771277,0.8060980196522946,6.248495587078774,24.14066712482546,0.1776461886633962,1.0492588202372302,1.0453274386468283,10.897725526553748,7,18.226233682912316,0.1958497744930585,4.1448949022190575,0.7221307343302815,0.9259090210621499,0.4888171686158959,0,MEDIUM
37.512735094360714,0.6657360161386005,2.7265894240739503,0.5013643820892255,0.5788266155435292,7.102515393125168,35.222816381821126,0.15957475208808392,0.17795519246160588,1.288965902171237,10.579157670938166,10,35.4718713761757,0.1521074641044745,-0.8435323110245225,0.9646280847540065,1.0,0.4038814641764188,0,MEDIUM
46.16209728239543,0.6208254740259702,4.379695162673199,0.5868889474799586,0.7577384066830722,1.4906281563733639,46.86167587478923,0.3343862635863091,0.2198393822395703,0.9702743673057748,10.238769273206543,3,43.835890786715176,0.14302345455976687,0.2549502819999395,0.6738051269883767,0.6195507709282617,0.3116672902846857,0,MEDIUM
53.14688218817868,0.41590441381004223,6.861999603440219,0.6535469657672291,0.8077545865596919,7.311650953896061,57.43584654650989,0.1004526420818858,0.08750933549710183,1.0494392035829498,8.675395688024038,2,34.83081952828645,0.17350691942028296,1.5305655602929962,0.49632032706548324,0.4870158275209615,0.41058127908325415,0,MEDIUM
30.60482725528182,0.7623137456125111,5.765268808266258,0.33770347393560973,0.7576138071719961,2.4182994971072085,25.779395812347392,0.3106171254458995,2.6347051450517167,0.515740252592041,16.337768250761734,9,18.45423788832034,0.05,1.230407247685759,0.7447361620482613,1.0,0.5278196163115062,0,MEDIUM
19.7611301028323,0.7150339869400519,3.6320389639553103,0.20373483697284417,0.8456265161824045,2.008681396003524,17.293624764918217,0.45594183522442305,0.2276298839669078,1.347540764637925,4.849634451401246,2,15.425956839652379,0.14477167778958674,2.8412575127685527,0.5890772191964193,0.3339853780560499,0.32985805696476417,0,MEDIUM
61.90270360753877,0.452192763991533,7.821112000796004,0.8602775839036028,0.8195157585316774,1.7277809265937356,59.95396887400982,0.2162259518113673,4.352513787969699,1.078174829627537,13.671045957978574,9,56.492608957552,0.14356673518023633,1.3171954819136196,0.49682274419825045,1.0,0.44927030972989945,0,MEDIUM
34.53359702542174,0.6684111769292651,6.650343102494791,0.448460124311575,0.9412810120946588,0.7439941243685201,37.534865285859105,0.14358435868339056,0.15501290073527252,0.9785247800657607,13.754578201175704,10,34.18822627827761,0.18420114857989367,6.390627597677524,0.4222840703226444,1.0,0.49727847108571505,0,MEDIUM
59.40524882092205,0.45020760938956217,4.395695269322596,0.6242835885852738,0.9346187180144636,5.127644960611056,62.75077074324701,0.3905006209302187,0.016694465335115424,1.1814690015757623,7.594554333051147,4,40.062814103005834,0.06534514199035985,-1.4420772827177548,0.32317572767308567,0.5837821733220458,0.4704184799024192,0,MEDIUM
23.120830798307196,0.6747441235669398,2.3091627755140123,0.3060694884115487,0.8830078564232029,1.2678318298438587,22.35370940765878,0.19007192044295357,1.808338149034272,0.76370778265699,12.53770398997145,11,22.355091776001334,0.2962048107768989,-1.8583969337963946,0.5128602771486656,1.0,0.4121038933286699,0,MEDIUM
50.89690865765949,0.4194253260412767,8.242695674833607,0.6512086282490402,0.532584659126948,5.530144366764736,53.069668609243166,0.37504508924656554,0.694033315486525,0.8897242883870745,13.302126875876066,1,46.214622045103795,0.3632507142816584,3.8246950818439744,0.9108356743302164,0.6020850750350426,0.6647112731435532,1,HIGH
55.2701017668848,0.4950772397914227,5.784515449107064,0.5795292770255586,0.8149143397559175,5.037448342344565,40.57277426336303,0.1683684160875445,0.3463636024210466,1.1106671146589953,8.893196312855988,3,37.28962534145282,0.407025200984955,1.531690485033171,0.525167110261835,0.5657278525142395,0.4031348214194409,0,MEDIUM
14.405000629906286,0.7800821533630011,8.763689579473931,0.16036747633935228,0.7411812861437974,1.672416918329887,12.25650598066863,0.12982959071290773,0.5761510864649332,1.0088052322823047,15.236240301351948,10,14.303838633633408,0.4458949889867599,8.141677057806033,0.7782691474658044,1.0,0.6655412752550953,1,HIGH
38.61136364648325,0.6509428669030973,4.152944331031019,0.3834018533248962,0.5691434404993451,4.755891309198713,27.23016219752555,0.0759076880807514,0.2416703576988577,1.0893263063681597,4.3344997718985425,2,39.37760143941679,0.1769438116732876,0.7622278509232611,0.9717562727025311,0.3133799908759417,0.4392243264465468,0,MEDIUM
21.42524753981281,0.6763765000850522,4.171937953671808,0.20472385841182672,0.8736136641060177,1.1670369452215743,16.518627932343165,0.1025686950190419,0.8057579675163273,1.0498607568348528,8.799784075316639,4,15.417888314777471,0.73553770717027,1.8395148856494772,0.5277677538834995,0.6319913630126657,0.5051321174842162,0,MEDIUM
15.386872490185258,0.9139852121114809,18.850222012549256,0.1940870886119248,0.9335299917076312,2.038175777385011,14.651334262769845,0.3543521453706211,0.7666669403732582,1.126108643252603,28.89705699177892,2,10.261675149586129,0.3222488827386492,17.72284716488084,0.5566976184942937,1.0,0.6508040760800313,1,HIGH
94.14661975314534,0.05,1.6760361017400767,0.9732462633470688,0.7453435403538378,4.881035387458155,99.25168721025435,0.0648262555641935,0.06687251248831838,0.735839527642091,10.224714279407168,10,97.48240464348638,0.05393512616292099,-7.476370248762445,0.4069846894692434,1.0,0.34175430992904404,0,MEDIUM
37.40007682285145,0.6701832267858474,1.675356912629843,0.4899521077967066,0.8495264649778128,1.0031028454280666,35.64646665826838,0.48065102006174143,1.9324964384234455,1.2556289604344313,6.812949863569557,6,22.825190709130965,0.09391631984089353,-3.7652513996258143,0.5608019159262045,0.6925179945427824,0.4121851793186232,0,MEDIUM
78.83932789764397,0.2616571957152403,3.5127018081012364,1.102019559402979,0.9664675034575575,2.30812748580396,76.13161032345836,0.028220428636729286,0.4937275751422041,0.9032227491761544,15.008472735852573,11,80.95063086639149,0.21578432191577968,-1.3812692543308023,0.18112734267128391,1.0,0.3715166732855258,0,MEDIUM
31.644455654919927,0.6278136979764347,5.242595757180496,0.2969230624152043,0.7054534953802131,7.6925158904984166,23.46527023186494,0.10972460037104351,0.17368359065689232,1.011546492503095,11.300718853224618,10,22.065716249913105,0.05,2.5475454594667726,0.7557266059178978,1.0,0.480885198544076,0,MEDIUM
67.927731389034,0.3672848114764382,7.469690984231155,0.7720105970726243,0.8670352860980053,3.4222850107337344,65.61439790750194,0.3315459755175525,0.2938234743815809,0.8798448448947672,14.14153960649791,1,54.14917665429141,0.36905127101507923,0.7173185058830157,0.3830894765912112,0.6356615842599165,0.38116575317554147,0,MEDIUM
74.61936809062335,0.274641700160451,2.899200989952492,0.9708213195402113,0.6228085004783313,3.1353499778263814,65.79478364109158,0.3631648555210544,1.609257389373497,0.9425189558494077,6.700830334778608,5,55.125678973572114,0.4647667685512031,-2.032552103564525,0.7031080993627286,0.6180332133911444,0.40390736289931684,0,MEDIUM
60.62929295166676,0.35059972198791334,6.157071732530766,0.7848313117193937,0.74564698056296,1.185473473673173,58.23904932259714,0.1537222225234192,0.38654913342835007,1.0458187872124158,13.725102881988029,9,40.571221831175905,0.23016955949668322,-1.9850310311915367,0.5568293901495167,1.0,0.3389855185260004,0,MEDIUM
50.08397602676346,0.4184758650062688,11.600477149056303,0.6410741815321539,0.6565793396449217,3.10639267064719,41.59320169804113,0.2316862638171,0.6603581778372798,1.1470337428113142,18.235989687081943,1,37.994437372984585,0.1323436037114524,9.954418117008371,0.724368923035752,0.7994395874832778,0.39746954751891617,0,MEDIUM
45.00647770251783,0.3929251676410155,6.1868074009902365,0.483593463192446,0.9567025608216402,2.4697823638425684,41.9727880188789,0.2484131553643691,2.3604501227375123,1.1802462172388755,8.598223787478787,4,37.92522701249797,0.24266068508438277,0.5109851113686639,0.26140874258804747,0.6239289514991515,0.4252184032873614,0,MEDIUM
39.653802656154596,0.6314339772224296,2.086585130165666,0.446869261084333,0.4358728371896881,5.976628493696481,34.48404594293633,0.09067587556177824,0.843790637176412,1.0865022571655434,4.629345067292936,2,25.46654750541042,0.15442051858231268,0.29390059501301113,1.0,0.3251738026917175,0.37249901492018245,0,MEDIUM
89.0099772610652,0.05,3.5066876475730204,1.0658803951396747,0.6554116575964285,7.973297426825409,82.19669272333093,0.26104018527404105,0.9009103183824418,0.880840977862449,12.303395279923382,11,85.8171723404985,0.2195464766658267,-6.848148063720775,0.5418825136053572,1.0,0.6203469811155203,1,HIGH
80.60264966195697,0.20160103933573495,2.2532699767530695,1.1179348052041984,0.4547736545197561,8.33298212943124,61.16417672932303,0.2883010662056531,0.2286205389344123,1.073889289524318,5.495159759230268,2,77.39238228092735,0.37268557882467707,-7.1528262327270795,0.9186400378882335,0.35980639036921075,0.4365748688733479,0,MEDIUM
92.02728740665357,0.058651268646884386,2.9433452635657713,0.9789620208694907,0.4134117411783559,0.4365124980657299,78.98977621127129,0.4276565839344629,0.8828078536718579,1.0480578693195455,6.372479808352709,5,88.24190595998103,0.48020423772866416,-5.3575701964738895,0.9092080225559084,0.6048991923341085,0.33398730265065363,0,MEDIUM
20.5652639962713,0.8486787820723426,5.792414265624422,0.2800108647536488,0.6841485474998933,1.7010288672597427,17.47454055525277,0.21263252126808477,0.40043987299610095,1.011813023049702,11.552182854047098,2,18.691808392483885,0.34816096613147895,4.061674526941961,0.8981165697863314,0.6020873141618839,0.5871327995647747,1,HIGH
72.12373539230975,0.25459900611771336,1.1064651072963232,0.7462487539954777,0.819929113756863,5.350622206386031,71.7312241953808,0.3248465238395406,1.9356771026181652,1.1068446611913512,5.714233177033421,5,58.05009155440961,0.31825614827735826,-7.501213280639146,0.39740583242356226,0.5785693270813369,0.4495806168714006,0,MEDIUM
89.75893882978822,0.07605478879435043,2.256721202127846,1.2517218216908925,0.7326197814355877,2.0966955676604853,88.19388452206776,0.1792202879934278,0.11098571831417557,0.7448484859834308,2.6150438540952585,1,87.53075314266935,0.27914128206022,-7.981673468605983,0.4390977222437937,0.17460175416381035,0.4388101844233828,0,MEDIUM
25.404810624081115,0.8045015501022525,2.250881744430962,0.3137829057769969,0.6723577988845496,2.6020347149097516,27.01912054471717,0.18709197706311995,0.26909498520570513,0.5946160139258664,6.397540348807192,5,24.981364387626165,0.4115671633688649,-0.8851379953986527,0.8937140767243019,0.6059016139522877,0.44051103721638435,0,MEDIUM
15.652182726176086,0.8702828150649685,4.053211921423221,0.17714447646684686,0.8769614782059625,3.474135912687111,14.913747757730485,0.16933435911195827,0.054623696707557234,1.2379998442977227,5.3392094586155405,3,11.401920917991475,0.2341768696353355,4.136831275655693,0.6196991902235405,0.42356837834462163,0.2646878230076891,0,LOW
72.99525518965501,0.2953399246780721,6.2721747926357505,0.8808302508438679,0.8824709821523593,2.3493912100793617,60.280857836137756,0.28391668391216573,0.3835957486721564,0.9737252419767556,9.877167535190745,2,59.59534194959834,0.15237818443635856,-0.5910488677292592,0.3239634891104971,0.5350867014076298,0.4918415664273279,0,MEDIUM
58.83021462029251,0.44923926098175704,4.235300353642823,0.6096372674094055,0.9248241948091328,6.150623818744304,59.61206024782111,0.22432382002926712,0.12848499954626647,1.0831857017567947,16.222928767383273,11,40.67128592721196,0.8364502027598709,-0.8074223136891543,0.3373833382771793,1.0,0.6002554723787359,1,HIGH
81.55544602445312,0.06159976989890038,4.419532356300617,0.8458008704080406,0.8213981014529956,6.322566020486346,73.30195801371201,0.11256118688460877,1.4922064324428888,0.8264868666149101,6.271915684258527,4,58.32076356864611,0.31737081964561986,-4.535499474851055,0.29870273276995674,0.5308766273703411,0.39815968237319155,0,MEDIUM
21.88065201323461,0.8417365742666124,6.443101561956471,0.20934910541091686,0.7194297580165279,5.492244317784583,17.009959452743576,0.142780984204355,2.0726746863482237,1.2524448424004264,6.661522449272348,1,15.481199850517045,0.11049694464359644,4.966822489624944,0.8417236501085144,0.3364608979708939,0.6080251030119656,1,HIGH
77.59772150809067,0.2730202884401815,2.4945035758969687,0.7426297097691078,0.5040405082518111,4.76621975211012,77.51737584414407,0.03659890830482061,0.8855389336769142,1.0700158434431317,6.157790373360799,3,75.43478083857032,0.6126922149542242,-7.33983205562819,0.8804493818423741,0.45631161493443195,0.430470971560393,0,MEDIUM
27.138322204058284,0.6472821276732974,6.631796484959118,0.29142103854267143,0.9631498603424962,3.672690063003087,20.435497430513593,0.22474089484838503,0.08725800614317783,0.9640964805094416,16.426424903506184,11,19.34601324527151,0.05,2.6338846742972866,0.37891627332290445,1.0,0.5148741288081773,0,MEDIUM
23.910755143584883,0.741366010670215,1.1439819075828253,0.30639904900187676,0.8449758422857301,5.062186567626297,18.441440873085483,0.2958390380303659,0.33439162781046344,1.0571583432714573,1.9517001132343044,1,20.224702438211658,0.35881257037327335,0.19796237785333437,0.6032192419065123,0.1480680045293722,0.48407790708403564,0,MEDIUM
23.9625928241344,0.7572294887484455,9.590173179612332,0.2885061631070513,0.9197098565748455,5.309763885176505,24.04651872328988,0.10251398835011076,2.6703953792091646,0.6516598788711173,19.07273005350094,8,21.15203906573328,0.45344309288000373,7.661962797348323,0.4990499595119545,1.0,0.5157920026646233,0,MEDIUM
79.23885121966748,0.19685174505118655,1.5177530240912578,0.7537930745445311,0.8060338567762114,2.2530877205609277,79.87734818621968,0.16968325415769894,0.11722496784699679,1.0746257994731394,5.446062357814457,5,74.09682161758963,0.26778000107312594,-3.68103558588209,0.38937508736127613,0.5678424943125783,0.3251331572863352,0,MEDIUM
66.541763759177,0.3612911597337128,5.243726325061615,0.882422481392038,0.8920321993999599,3.2840708424621523,67.62722678100484,0.4054202359320236,0.6504268300383302,1.2973654396631484,6.015561115055426,1,40.79364612398934,0.30700579241921006,-0.4392915739183215,0.34259728076691653,0.310622444602217,0.29623620720670935,0,LOW
54.46056110537514,0.5699037314927433,3.2593692494095086,0.6538991419308111,0.5431403633518707,4.773231137355162,44.51225311858664,0.17008390818342756,0.3482399910952165,1.063055856379447,6.70851971777658,2,44.33559952164137,0.5084768808126657,-4.075320999979914,0.9702413207185656,0.4083407887110632,0.4775875821679896,0,MEDIUM
40.50059115049771,0.6815354267088491,1.5942885825728388,0.5590814147046594,0.8726917565807504,3.3443418687234994,42.389335528209706,0.0370599795968871,5.668178573677759,1.0372286019034735,8.905730404725897,9,29.633226127259334,0.18843311031022317,-1.2399286470035795,0.531730078483299,0.986229216189036,0.39505188461467405,0,MEDIUM
84.56204596911421,0.05,1.6121978922259779,1.044419685237322,0.7690602061876561,3.159136051002288,83.6375506318355,0.19651919562053624,0.26881362459333497,0.9365937528624827,7.922643210718549,7,82.47237095048902,0.17247267008088424,-8.826090217300948,0.3714096907185158,0.806905728428742,0.38473567283054794,0,MEDIUM
43.357834130924005,0.6161872579152439,6.838091120046911,0.42819652060028157,0.7954621362342156,7.226539830244862,44.814092137216164,0.16853808894109246,0.039160844527511354,1.2165523229990651,7.739969926786642,3,26.73171175138971,0.15121394213333703,3.535493636139402,0.6149004246062986,0.5195987970714657,0.44823378481882936,0,MEDIUM
79.41095235508405,0.31220514201199223,11.506505393665735,0.9028165112500465,0.8629454276964507,3.3069267789008947,78.09608120367345,0.1607175618374333,0.9690203626352167,1.2462018621161284,13.210747607946699,1,55.04349091419029,0.45428222746974417,3.195943825155693,0.3616844294613201,0.598429904317868,0.36595704098438775,0,MEDIUM
47.326467228468566,0.5576800093704506,4.3206720603872055,0.5793937065465089,0.7059057081195945,1.0078920013037285,44.10062818416605,0.23290795109361123,0.316498159425994,0.9136111930196555,7.054005145942794,2,35.12056585533027,0.24430458268752112,-1.4564285924309446,0.7199814425058335,0.4221602058377118,0.6116690494662573,1,HIGH
42.04027650111714,0.6668756690037059,16.777519802246044,0.38430376774686664,0.8623994708670997,4.221400335467273,31.267788128681325,0.19875873478423722,0.8573771303369683,1.0717293716079566,21.04801178928683,7,26.69677948727704,0.2975303594206672,12.60510549337322,0.5398386282012034,1.0,0.5301221552585522,0,MEDIUM
49.32778178191655,0.6677038178368957,0.8992597026648773,0.4476274873199444,0.6287750720981333,7.740512508935282,48.55700977695284,0.3254206534959913,0.08843423579082915,1.0464428872841436,7.394510876703194,8,38.373957095411754,0.16362283931124277,-5.813508427880909,0.8906893007712479,0.8557804350681278,0.37247278726379995,0,MEDIUM
35.61711930395208,0.7257255706490376,4.189573515172045,0.34359888428861163,0.732228722856517,5.127346053212305,34.76887303844382,0.20672917653043157,0.5922970348651057,1.0803542344913901,10.33374913488397,5,33.291171165599046,0.17349366594483237,0.15282851767634625,0.7645197010397433,0.7633499653953588,0.45667858166385294,0,MEDIUM
73.54679731498135,0.28447671450152484,3.150745819011211,0.7544667418132248,0.5347137286689116,3.7312224896169437,60.67584693751796,0.28558234279343414,0.37629934026695583,0.8454549388774595,5.701079862525397,4,51.15483900543984,0.44256892670000336,-7.31512898532047,0.8401677642473949,0.5080431945010159,0.44929101211412137,0,MEDIUM
52.73123315786073,0.556294746348173,6.430833575297424,0.5878343733463638,0.6310627031202747,4.137085842891791,52.43213673200264,0.27172845922986155,0.6156203207703357,1.2285552850266688,15.722797344962839,10,49.541569310460126,0.5848015828879479,2.7893275746337682,0.8315533184936745,1.0,0.5376223390399331,0,MEDIUM
29.73807908747947,0.7142102357729565,3.2028095104473957,0.34012042858285046,0.6981644712319169,5.838859886559844,27.364439778837234,0.053861207394066614,1.5364331666510642,1.1130436895644145,6.127810754523922,4,24.92218732980432,0.2687574597587316,0.6786924648927043,0.8098584110386029,0.5251124301809569,0.4991786865604534,0,MEDIUM
86.46383872833832,0.1372738561794133,3.486503991542559,0.8378465331513671,0.9269978160475336,2.13559127598986,79.8720514270545,0.11827637615968672,2.882081790774591,1.2404810713949406,7.808259187668391,5,65.29107003703558,0.15061092231059645,-5.381991295802342,0.17814020401840622,0.6623303675067357,0.23717493075966162,0,LOW
42.63075381672297,0.5455793229756717,4.073131149877864,0.5272127375082133,0.6505768415964878,3.4570573952804016,36.11003349698178,0.15040929462093053,1.1191216817589804,0.7769312258382592,9.878682176430708,7,32.653568508140296,0.10289146848212437,0.5579541370833524,0.7969243990931041,0.8851472870572283,0.5987710370257194,1,HIGH
56.20199319468903,0.5630531367596784,9.462390631966061,0.67333867518502,0.6155767718521505,0.5904479160153527,41.96681607573826,0.17809441136483273,1.164887136835924,0.7886826851146934,18.718738625244065,7,36.66265682440852,0.1450982007213461,2.1435339855746722,0.8581614106016133,1.0,0.5145843087139491,0,MEDIUM
87.05012943198649,0.064024412404775,3.0721101855840236,0.9116168544738597,0.8103666033588677,3.73906135679358,68.48855073627678,0.2164228807178976,0.6022092028770514,1.4118789978918866,7.871455338365673,4,62.014638737128585,0.22469023507494026,-6.005025753789421,0.31646230116408597,0.594858213534627,0.23898860739967828,0,LOW
63.06022965268933,0.491987121447356,19.25964165767335,0.5718490438064963,0.5670242439230717,4.076416856724918,63.535241006334,0.25359873330257365,0.08198058351138719,1.2294258580543054,23.905507578428015,1,58.586167951635964,0.21303339292622514,13.86106805139282,0.8954571948390704,1.0,0.668820289543004,1,HIGH
19.936333460210946,0.8406257952971203,5.016238392667364,0.1871670748067657,0.5577641175547186,5.081664513017924,16.120053128412767,0.13959152909808578,0.8798332982195725,0.8369824693484439,8.01250178848953,5,19.70179305768103,0.15603095433669287,1.7552534160312576,1.0,0.6705000715395812,0.4910007164210551,0,MEDIUM
89.88573050714538,0.05,5.579614324756932,0.985010429727429,0.8844432418704654,2.417131787914057,63.001018328933256,0.25125188121961445,0.1279283352569503,1.1736305222427381,14.763677597237585,7,64.67450746365004,0.1471038929974851,-1.6367532532312894,0.19833513719430187,1.0,0.45158160623606775,0,MEDIUM
63.35518451107052,0.3958600983286086,10.131335955000907,0.618972027740006,0.7350627862934394,5.370862087976907,69.61511822836579,0.1738982391363017,0.22553078791783962,0.9068371555049238,11.542571731784385,4,54.795973701402616,0.6597592670325368,3.4606943483842616,0.5953358697241453,0.7417028692713754,0.5946511702389291,1,HIGH
38.46697724585232,0.4473281069293469,0.2624010614292457,0.418678351290096,0.9054615057184643,6.26836553365319,30.168607550347648,0.31151210401072066,0.9836581984585954,0.6602580948206171,5.939583899001408,7,23.68131054133464,0.27036338463174026,-6.2840536050307225,0.365471794886977,0.7275833559600564,0.6046104727297258,1,HIGH
21.838126176387917,0.8316593795826037,9.674161457714446,0.2651347904830369,0.5954658511898769,4.217285413662929,21.011624283035577,0.4087891963751483,0.8560025924454892,0.5799498872752771,18.32594349587921,8,13.863558972104618,0.14292726209436543,7.852462995108559,1.0,1.0,0.5882718508929562,1,HIGH
77.49214108797516,0.29589710775936773,2.613240724264989,0.9094622696409866,0.7430194755766582,5.524494978012642,82.97616706401229,0.172200669188462,0.30188231814459715,0.9956022328169292,4.0668801901877325,2,80.12418279099651,0.10622974014572999,-5.589649562735742,0.5334193405146966,0.3026752076075093,0.18832976300362364,0,LOW
62.70618425392365,0.32554968100859927,1.4272993997321421,0.6368364459006975,0.7497782614897498,5.640370722545326,58.936607872698595,0.2335686395475305,1.1828829490235648,1.3121602313660183,4.088547956721944,2,62.92112498000045,0.38999647020982886,-1.8565068168802061,0.5381074482696749,0.3035419182688778,0.34033569845637435,0,MEDIUM
55.34419281798733,0.45644188749657333,9.667241352883021,0.5932406266188117,0.7414220950129894,1.9465673836397408,56.42961674407483,0.2982883891553819,2.2416573239742825,1.304277619257164,17.650120155194593,5,35.23084307978909,0.2903099325223641,3.7176972105396846,0.6160878012288026,1.0,0.44552189296898337,0,MEDIUM
85.9808695593314,0.29652389910670895,1.7070127897264802,1.0378025079298492,0.8476463830021078,5.745329264445558,93.76632422100731,0.17641203894451674,0.6304228950437996,1.2520289909937128,4.386924155156201,3,83.4055349904819,0.09879706040138929,-5.627051086315241,0.37679237505019275,0.38547696620624805,0.30126398075338606,0,MEDIUM
77.03076295408512,0.18923263411819388,0.5954724172509873,1.0248384646020021,0.763164418373196,1.2939732636940606,80.43131451472435,0.1819003545621817,0.9057848783667451,1.166002221309862,3.8741841344166064,4,49.771612965262776,0.10104094208527499,-7.701592939546291,0.4498696894993029,0.43496736537666425,0.19647075663367425,0,LOW
22.892364777283852,0.6863637452626334,6.650279156363449,0.29224546696936826,0.9784779165713362,3.3852901951724963,21.133352907603967,0.12066261612874936,0.2537212064206507,1.0634729320824285,5.527988617795132,1,22.270309369732114,0.13269196358737514,1.9549272433101752,0.3754649977743124,0.2911195447118053,0.3675469338155233,0,MEDIUM
36.4963757626216,0.753569314570792,12.906266559387424,0.4294528584953803,0.8410199548641316,2.226053232135053,30.856998560571316,0.13223132213949879,2.827062282961061,1.2303928178691195,28.634570629734476,11,36.90058475416403,0.4793011366095328,9.70446685891991,0.6152547249891986,1.0,0.5268694336278734,0,MEDIUM
31.121576884229587,0.8457912064001678,2.007032194802123,0.3364698389666892,0.8243214869889316,4.788126594348996,27.791125598386166,0.5795458574744224,0.2558391113148167,0.5978227294851636,4.605669649193705,4,20.81686518145933,0.40003527776199904,-0.6232635799694597,0.6864133727166866,0.46422678596774825,0.44147478511162286,0,MEDIUM
73.23543486867754,0.2679413050610524,6.122308322604879,0.7927923591188,0.544599467110047,2.568339267376855,75.92540661258109,0.20243536854822175,1.747194968635153,1.1979575837807768,13.948034403404801,11,48.79346042704819,0.10609141768237712,0.1943628922841727,0.8170714518654556,1.0,0.29224029267098034,0,LOW
12.850256952541248,0.952414473307256,0.8368463154910507,0.1721560045999221,0.35,3.8130030430225426,13.38151027160743,0.13778648233343463,2.103418334917515,0.7757989682598881,3.867296151078868,4,13.068165250966791,0.23404783422777223,-3.0184188747864527,1.0,0.43469184604315475,0.427544909199059,0,MEDIUM
58.44062321406191,0.5229118411018514,10.763739362668508,0.5374327041313469,0.8397343198704037,1.145642637449796,60.681351774365226,0.21446458227450627,1.0173120855396556,0.8174553895100137,10.538577406800922,4,42.99151211701996,0.2756948523171112,5.660307130605372,0.5018544407453202,0.7015430962720369,0.5644012368439437,1,HIGH
74.8089882879587,0.1925113785173423,4.3860984124606865,1.042830804967337,0.8556756591182257,5.44820750090245,70.23739314181458,0.19811770935303924,1.335296949778538,1.1391704319106484,9.398027330130926,3,60.7968886230281,0.09859249388567747,-2.4511620754184196,0.3127422005813325,0.585921093205237,0.38870551735728115,0,MEDIUM
84.5250791247487,0.1159247419230835,0.9541089488265841,1.041507632976567,0.7645184950620656,3.099324034497611,75.29345006231584,0.07375841810113341,0.4897800961328369,1.185746137369415,3.2101100254345885,2,62.294799020376686,0.3180192183822953,-6.975477276430961,0.4111846283684434,0.26840440101738355,0.18298402638245456,0,LOW
39.07694864085214,0.7077004746438574,8.512104699197176,0.4847764521876693,0.7975705795000059,1.8176470101385798,32.22032053979366,0.22841501008130904,2.0160635991558373,0.8780583148826377,14.696628034850338,4,36.62296324587205,0.2148251118029216,0.8247721953909437,0.6574943680719199,0.8678651213940136,0.6614789766399102,1,HIGH
79.80687089712109,0.33673243332546987,1.9795101032015476,0.7334242805548365,0.856821706017525,3.7962208883168387,55.97209736222801,0.09892083425576234,1.0858429296944094,1.1292385921504435,9.672736242842824,8,55.46489264572518,0.2595793319749399,-4.470826994757612,0.38313365763644736,0.9469094497137129,0.23502360337353012,0,LOW
19.403697641192615,0.8509934924020222,2.680689073573019,0.2333808135851378,0.3977959199957249,3.715045430888766,19.516124767607323,0.06803071945921624,0.31650369820951596,1.112586386987248,6.179974969414653,3,15.956709193721975,0.4230251912275964,-0.8789748594533051,1.0,0.45719899877658615,0.43964843280687343,0,MEDIUM
81.94844479743405,0.11013040374549515,1.8788256856598067,0.9361700436585523,0.8145713898539118,5.8803505193587995,66.44374266169021,0.3162798868143038,0.028456286539970024,0.9378705461108616,7.471702875971976,6,80.5314436299827,0.10688778281876185,-4.957894375659003,0.3332081170918799,0.7188681150388792,0.37064761882413466,0,MEDIUM
20.836536298218505,0.9505995259537702,9.299499209336805,0.19854915684938707,0.7460895040533414,4.726769793570327,17.3333135823197,0.3904149362033802,0.6225863253403566,1.0307701720809395,17.105663970885775,2,21.340605688823594,0.1404174913845901,9.798058402188193,0.856165506896873,0.8242265588354311,0.5410460939155558,0,MEDIUM
43.76941969763122,0.5198281311987306,2.0336316029440336,0.45474720294154936,0.6146240699431104,2.446513648285284,45.40606728330278,0.2174012051277932,1.4693234208255321,1.4161768096046983,2.244517752431637,1,33.20921801605241,0.12198151321543818,-1.1377459639796084,0.8379779606846998,0.1597807100972655,0.2909841653288226,0,LOW
77.77010609126206,0.19548791659366316,0.248678328398779,1.0461302033929585,0.8375055845866071,2.433702576593371,56.06450547701041,0.15431525852283556,1.576717246166628,0.9436863943895547,5.765539671912734,7,50.65063056535276,0.18867745390139556,-7.1433232043935515,0.341485581416921,0.7206215868765093,0.42139691354879505,0,MEDIUM
22.742981324645772,0.799957213512712,3.8313325396227724,0.26722871327586634,0.8079456166957795,1.809452835370432,24.35882767713134,0.08753484941449752,1.4420236899726575,0.9505816020146218,7.345192100969022,6,21.93239745290688,0.13223303599611178,1.288905146408676,0.6880601817126868,0.7138076840387609,0.384651059801131,0,MEDIUM
29.486368594774525,0.8294691477094367,12.833542481628932,0.32632808494680665,0.4649836156036994,2.100490487009371,20.656521275149885,0.460213798885959,0.1933989318625953,1.030001428577108,22.135965278392117,10,19.161351715104082,0.20917690870836297,10.113636111700185,1.0,1.0,0.7423172154343699,1,HIGH
71.39146831341063,0.3544033949900717,8.064097067154888,0.6684676439489937,0.5447217836147062,3.360979481994534,76.79349266018419,0.08712839691437732,0.44430767310874597,0.9634093207619091,17.196634001184957,4,67.87039449934647,0.2944499159704844,-0.6103068204058872,0.8601190220729764,0.9678653600473983,0.6904892240179099,1,HIGH
71.20310560641633,0.32115818396478957,2.2015558500342953,0.8950663031149555,0.7998780912430322,0.26249210818067487,62.79426067090225,0.1412828668752041,0.76117348710107,1.1581004796168797,9.21917934781512,7,64.7979902862573,0.25644375377196266,-4.271182925558572,0.46076195511784646,0.8587671739126048,0.40265064402045114,0,MEDIUM
64.49754879525027,0.3920875944569458,2.3328223150262706,0.8071387155460897,0.7398137228748475,5.252816558059992,47.782947756206596,0.3320850288801496,0.8810282674220175,1.2938487918838115,8.388711685814656,6,55.46155912559317,0.2650347544810575,-4.367584735787821,0.5863232129162017,0.7555484674325863,0.5076962231996316,0,MEDIUM
68.9856177797035,0.3136249956944423,2.087516378353404,0.8326714478707301,0.658694595613151,5.017508523517488,66.89290780672961,0.1634740899747158,0.3258736006472814,0.9506662521734208,3.864325384160723,2,70.55643890796493,0.11522562900661552,-6.546915332961541,0.6687706044274946,0.29457301536642894,0.35384537985533854,0,MEDIUM
56.131577684545675,0.48333538431602374,2.353808832254197,0.6483934359901922,0.641233475033208,4.485077201818446,59.40643820101005,0.09976659284467558,0.943794512275721,0.8286429711136987,6.940246851670434,4,41.82234423136406,0.29007966386263784,-4.705859494992592,0.7798174796081998,0.5576098740668174,0.5025535163577891,0,MEDIUM
31.402920007090984,0.4836059937135459,3.196920796007963,0.3507367644780284,0.8256398334224544,0.18773342427704418,27.48475025486242,0.32222382113136966,0.7150306713255387,1.394981588602201,9.956347258268798,9,20.160617913760646,0.2834754934325267,0.003819600869000739,0.5033432467230914,1.0,0.41765701311296094,0,MEDIUM
39.384159447833156,0.5824298087960845,5.951049117613297,0.4712848516406451,0.6441683932137402,4.1854408834570425,38.46033158462861,0.5842838956746313,0.6691995056266538,1.0239618952507763,14.150778296750476,8,41.027340075085974,0.14684006219744988,0.035919052362415105,0.8249623145774321,1.0,0.5230787055041126,0,MEDIUM
25.435805928121184,0.7649476955121307,13.504155195388718,0.25860526042644033,0.7308599154875517,4.072654131851616,27.769416183273528,0.28869351354836853,0.8701968098227326,0.6590944515197336,24.99016228554815,6,20.310911405139322,0.25888342302404077,11.032745622845221,0.7861839745247379,1.0,0.6857531695966131,1,HIGH
87.21829771335841,0.05,1.1503150711974484,1.1954397458444417,0.787752568384255,3.98386175118545,69.45021484033147,0.2829965923880499,0.7397969607817507,1.3724548255393798,1.6177926684402069,1,69.34081116894909,0.18569612173495162,-5.7013267924468085,0.3433711474236175,0.1347117067376083,0.30162778119015105,0,MEDIUM
59.58830255512024,0.4350228398737225,2.0150240200363614,0.7117210557340374,0.7874508312301157,2.495518284923742,61.26748797670146,0.19013916321517102,0.14605691962401968,1.2252375331309135,8.922699769003092,7,38.15369798353126,0.3313812529239657,-3.658615888495658,0.5363351730916877,0.8469079907601238,0.4433327366882692,0,MEDIUM
44.072370424909394,0.5429185980720164,6.169569961698762,0.46522627722927995,0.778046964076805,0.05867038942788948,36.05537899596788,0.34801254955715755,1.6598264226756887,1.3202685045423563,9.886436362904789,1,41.18997541661055,0.20369037986913294,1.4787474105406315,0.6043888529208008,0.4654574545161916,0.2875946338104366,0,LOW
49.27049330975128,0.6477331227677263,7.443289837443685,0.554214180210597,0.9300723714260403,0.11287984609216391,42.89169086403013,0.2393054363708964,0.2201494419766267,1.2868495048111828,15.62919242261806,8,45.528543044867476,0.6692737178658956,1.3507683592887845,0.42875800424480276,1.0,0.4361014091985537,0,MEDIUM
90.5190838670043,0.2206507393471455,0.6141608985471705,1.1793209996766238,0.7783053211760796,2.323030297325458,73.56543401944815,0.5629123966111012,1.0915911689851916,1.5289976124254752,2.8144910547281854,3,60.229890783202265,0.44897495297687456,-7.814583465139262,0.4428673879094533,0.32257964218912744,0.44637234607011006,0,MEDIUM
23.034869264866817,0.7323868618218787,17.25925613165178,0.22592784753392725,0.7762089217635494,3.2484229037669676,20.233937411716642,0.1318907939315681,0.15531129396946874,0.7926126595284366,31.93980633273953,9,16.24448955467426,0.6563734386368274,12.732855859563392,0.7018800482656153,1.0,0.8041521589060154,1,CRITICAL
59.82953572142777,0.38963762586038675,3.0775301889316773,0.6260669181653132,0.8800294675704203,2.0713592527396196,42.00246478398161,0.24143987133267253,0.8653248795231795,0.8408703850590671,7.498230855683573,5,36.3396528762691,0.0931945864323371,-3.0589785423236435,0.3747746115745629,0.649929234227343,0.38932919148110534,0,MEDIUM
53.00053770517961,0.4640788176995325,1.152886350263172,0.6570762922467207,0.6812732623981302,7.294615232917191,43.53334522128344,0.028015336079303232,1.8082625703092585,0.9015472639821096,6.510897932266103,6,53.02057169820504,0.23507445738582958,-3.947559375287723,0.7101295152525708,0.6804359172906442,0.5049469729315207,0,MEDIUM
61.97361001194506,0.3441311417877796,0.8938198740306841,0.6555225153350422,0.8970653831173508,3.6964874483252395,54.4201192720051,0.13363057059996805,0.007806375904045396,0.8958307587108697,3.775302210465313,4,44.00359589364305,0.40603929272980405,-6.257121721605952,0.32646749621786353,0.43101208841861255,0.4682650240706482,0,MEDIUM
11.539365624771444,0.9002083424745356,1.3517792980420054,0.14957912394917175,0.7694243120419835,2.30877385706488,10.995816194322934,0.184272076915478,3.116827861799422,1.024590236412639,6.543405153336285,6,11.737478120297986,0.5337788454699779,0.6110111282024399,0.7959677031742927,0.6817362061334514,0.4126117134276533,0,MEDIUM
84.13053226025288,0.09803211188646402,6.092602993651798,0.8120503968994631,0.7099254151207014,1.888247980994144,80.3399938148828,0.23747126909163985,0.024100084176411005,0.902020259268283,14.123782148514639,9,72.10208123773788,0.40173761149447623,0.5988283127094336,0.4841279332621799,1.0,0.5795425704842995,1,HIGH
89.23005401110706,0.05,2.740603667443627,1.1433431270159091,0.613045336251153,4.469277350300411,83.2975267145868,0.10526024613574643,0.009146180929575646,0.7620898795671811,8.657906379287084,7,70.61964832697366,0.19507766030631202,-5.423105452344832,0.6054319956232705,0.8363162551714833,0.3920740252288596,0,MEDIUM
58.03632060508276,0.4694536918611939,8.802701204323734,0.5421612956306181,0.795315996725192,4.938092094970919,47.42802010744294,0.37485019510497214,1.5590680887598298,0.8251124953078326,12.348859560976228,2,35.02629614884412,0.10966646104787947,4.780028075066891,0.5417528508428089,0.6339543824390492,0.427021738022023,0,MEDIUM
69.21532002953583,0.35820916644238654,3.2240064243674245,0.6272958888447656,0.6056339212630943,2.9196580697657617,74.68068119061753,0.10237206757018666,0.9867322858522594,0.9412493830409419,11.212854818750262,11,44.403187055903636,0.20253009350375806,-2.4200312608938535,0.7706537013265518,1.0,0.3382662080571768,0,MEDIUM
88.41244740007014,0.05153026522649923,5.583970881940013,1.1927827246619034,0.7794110356438451,1.1679610569525647,75.75071774961899,0.14535181442514924,0.08947018736557077,1.2288600901481495,14.418624344882648,6,59.3608098094021,0.221109511836046,-1.0320569688615837,0.35664857914748205,0.996744973795306,0.396280952309753,0,MEDIUM
70.11528391663887,0.37047559529461926,3.123551716015935,0.834841376485173,0.8081282935275337,5.178957203305739,55.163730849557346,0.12988173590917257,2.2169825230144062,0.8849379614695797,13.315539210102251,11,45.40408574739924,0.3143861712538185,-4.595064152458144,0.4730453573560091,1.0,0.5545529645320227,1,HIGH
22.965818647712215,0.7198155951896514,8.502523824782909,0.24709233139882503,0.6844345732781364,1.8767402729213283,21.170010497488466,0.3635218162379663,0.8916280880899846,1.1619935638111134,14.767233978583768,11,16.427255046923417,0.13673132549250108,3.2015624174868007,0.8332559376776212,1.0,0.40097821517812365,0,MEDIUM
58.98451061417912,0.4304081129012473,3.861318815204745,0.599457999691589,0.7252875258609227,3.40566793835404,58.95923386106691,0.10146804512643795,0.0941656200204949,0.7357442152522651,9.884973972643104,9,39.493860128165,0.1299469640124316,-2.497008183486925,0.6272727676592396,1.0,0.4328438513854739,0,MEDIUM
61.57077894254275,0.449919731583569,3.321154624554351,0.7440477014526299,0.8568964570010432,4.410698006859981,43.40083750294682,0.5955863608932496,1.5760599613758641,0.5,9.232261542394847,8,55.33520963920252,0.3920256300592508,-4.2790679064374855,0.4396151802902197,0.929290461695794,0.7024441615544083,1,HIGH
46.05110706070281,0.5367999242166749,2.167776371446355,0.5316605337872344,0.8450129369547861,3.945828543963623,37.32615393055437,0.1476946215290233,0.5245344669118096,0.9733649805355052,10.724263552467844,11,33.78604660014895,0.31104991497852263,-3.229568751277103,0.5008805566761583,1.0,0.4075777038183369,0,MEDIUM
72.59776002810145,0.3104016726902763,5.513166701838589,1.0133187270145383,0.9206664414762469,3.1285333319892157,74.77504968829318,0.20180832773965957,0.26073225882586454,0.8779982537076321,7.363867951406041,1,67.02451914430411,0.09159524218723177,-2.8887921774229124,0.27420117413076783,0.3645547180562417,0.43593023040047796,0,MEDIUM
89.42119625536627,0.06447366593533162,0.974794794077358,1.2443925148181871,0.7925057472596408,3.0058377164587715,80.73021045765398,0.22220157582942687,1.3945631242666203,0.8236525605190134,5.212397607725246,5,59.104883250700986,0.27658370945990374,-7.231463950229189,0.34347821207820456,0.5584959043090099,0.3902971480905265,0,MEDIUM
88.67332359707599,0.0975494373549923,4.266919097986655,1.0796086066015225,0.9245389903192947,4.690846932285909,76.56013276500747,0.233794209073834,1.0728930003507082,0.8002299457143911,8.106731548191963,6,61.54801029168697,0.45447886558651274,-2.468689008286864,0.1619662331985542,0.7442692619276785,0.4465543727239857,0,MEDIUM
48.32134656935123,0.5003177798360604,4.952722623338292,0.5418926151785945,0.8544492737488005,3.564164379541817,51.817903939565625,0.4491292966204315,0.7805010274742172,0.8584969705634011,15.957594090407632,9,46.11558975343644,0.16196903281575653,1.8765492121180563,0.4684849792948294,1.0,0.42868129335692295,0,MEDIUM
19.625233896464195,0.7440213933121389,9.77325947752214,0.22482088704519695,0.7553760619901307,1.2237397452684933,14.440522616716274,0.3697430045272425,1.8302608532471176,0.8025300136978539,18.73677271355623,4,17.374898724167924,0.39000207652180974,7.66353037772625,0.7389466036708734,1.0,0.49446170388173655,0,MEDIUM
93.71150191179844,0.05,2.7739271189862285,1.1631842088082764,0.8369429880851622,2.4823007868425395,88.67245455707473,0.10669383405537412,1.5802371174213952,0.8206527903401649,4.573054836922377,1,60.294090206442256,0.11353926599690937,-9.359468318521252,0.2695855178722567,0.25292219347689504,0.35193558556302007,0,MEDIUM
81.3063373479044,0.06304716261185626,6.772065019628154,0.7730503069289474,0.8072158681664481,4.753952812103501,68.04328062335823,0.24320919186708295,0.2057653946819345,0.7282305296823353,11.121631967490455,6,83.88680873937776,0.3898216729276813,-2.5173535890092804,0.320699779056256,0.8648652786996183,0.5324272740239063,0,MEDIUM
20.596327902277682,0.7547444212058548,8.074551592151723,0.21918118601849132,0.9057441767896877,2.109278515829798,15.000910305352262,0.2730107964358723,1.687499460757411,0.5741198737750033,20.865435355818455,9,19.425231858723272,0.11701868625816798,3.846229458446117,0.5187559454183959,1.0,0.6381281541818973,1,HIGH
88.27156002247665,0.09449436030565986,2.9307727490175415,0.8276660309011695,0.8526321064033417,3.078569493575081,69.33711650425957,0.04478762202317119,0.3747748411190296,0.5581185023716743,7.667153367742737,6,74.91522857673024,0.14054989660647163,-5.991013854617089,0.2682990205478173,0.7266861347097096,0.43906012269774103,0,MEDIUM
83.9411907752809,0.14009371204756055,0.190398260627934,0.7862606645276744,0.44120421606933513,3.517526682025214,79.84261819390423,0.14398251995421377,0.4521893144301119,1.4922178263672214,5.787177608052796,7,63.31766622031992,0.0707781959250363,-7.063669999964635,0.9082405319197776,0.7214871043221119,0.3611314102554757,0,MEDIUM
54.10123485571613,0.4396678557731764,9.978551378741118,0.5398868377998719,0.8793360392940702,6.340146930651438,38.48279121478727,0.1475322429565144,2.8699942082130074,0.9873506417732087,18.213159376731564,10,34.74779143620989,0.15136562369026205,7.7306549045664035,0.4008298689454829,1.0,0.5482143948750566,0,MEDIUM
60.25841203831899,0.39247474362799983,0.8441105839106322,0.6885286611359408,0.8640013645562844,2.220423116632114,56.45607768559842,0.23137297514013144,1.1412742893023722,1.3049084892608374,3.755021367130871,4,45.86814999449249,0.23309756500209233,-5.047185146259849,0.4002353249795733,0.4302008546852349,0.2684711271654528,0,LOW
43.915229828961074,0.5992030231572744,1.3920738200613938,0.5675547918493036,0.5784890043905927,4.66354116798689,47.548783344151204,0.045967332977091574,0.3102800791265994,0.9644817742754822,2.5385707227955443,2,32.732668345951055,0.06732654259163474,-6.263496676281574,0.9318680049927481,0.24154282891182177,0.4625906058287801,0,MEDIUM
14.654739299872663,0.9234139729318751,10.842610594800222,0.16746673227983006,0.7177552223292923,1.177118510532034,14.919087714867501,0.14764832972697284,0.8351308678596499,0.9711446883107138,15.09630566437508,3,9.30967550123179,0.42395569840403735,7.035283102885795,0.885074152971999,0.8138522265750032,0.47296415455031415,0,MEDIUM
38.49176553990158,0.5631011264531228,5.13328336897565,0.4109913250482635,0.6390211214342753,3.6107259862911985,32.26529257752837,0.22087558025890908,0.620048826379615,1.0613341248264885,17.311518145947048,11,36.670769174732804,0.41177955337081207,1.0104025481214627,0.8230188810751484,1.0,0.5342032551223818,0,MEDIUM
78.24254313083097,0.12131850026055878,0.6947044656650537,0.7364004251693622,0.8483778307902097,2.1055665416935883,59.09526728416518,0.10112357925365234,0.09918467530382105,1.128014129628938,2.002429027888013,1,61.56913596550224,0.5241671692990211,-4.292109942420315,0.2880925039449649,0.15009716111552052,0.1727364508062956,0,LOW
10.393721955391243,0.8126992274666394,3.9156907503733733,0.12214159090483122,0.7895699247276271,3.976494603771659,9.20910553574704,0.06824868886889582,1.7496380647961989,0.7506661094159903,7.594381406826374,2,10.396652989091642,0.05,4.436472741642639,0.721994726641879,0.443775256273055,0.5985301767336509,1,HIGH
38.34742959374725,0.5775494703669333,11.310606959421131,0.39713913144952,0.7918665933900865,4.632086255641224,32.87065638969655,0.2955405377723428,1.3802449023763255,0.9240450305803561,17.875471305684595,7,25.73432716492716,0.16295717753948138,4.866776969133888,0.600974845098337,1.0,0.5561585258973853,1,HIGH
43.84433895523018,0.5334029050223775,5.40220488382264,0.5294059632558478,0.7355104899251858,2.9907420853918967,47.73303297796309,0.307540832504749,1.2030192390257166,1.0609563522972454,12.454129681414045,9,32.57229251130888,0.21483328626681322,-1.2576791852708347,0.6634357176234101,1.0,0.3096736387361136,0,MEDIUM
55.67862624972344,0.38161405220696903,4.378377302504137,0.7731499907623417,0.706880741432479,3.1330818545777213,61.02083575221253,0.18003332398190577,0.6552466253382591,0.6132948521760015,10.960349558599695,9,40.398543736271506,0.34056055715580774,-4.852814157485049,0.6304859139547659,1.0,0.6139305707664847,1,HIGH
88.18772739508464,0.05,1.4686169601656542,0.8427723317439167,0.8540006134357931,1.9660910624218846,76.21482027435405,0.14302642359416945,0.1996284619605679,1.2594676641805913,9.030102419726315,9,87.24611905712146,0.10265622920847808,-6.342538176680513,0.24399907984631028,0.9912040967890527,0.30042313201302107,0,MEDIUM
39.43940952110671,0.5691162385909978,8.983005942233095,0.3967851880400736,0.5441025975088358,2.3481812924917924,29.954767647422205,0.25190274893065884,1.7226153522742607,1.2125514835485225,19.390538384246405,11,32.6747656745261,0.24771970000492158,4.075993349170234,0.9684042230322452,1.0,0.5529021953923884,1,HIGH
39.49102216117936,0.6196039079973241,4.6109761186802345,0.44883413389269083,0.5645288422223063,2.813754540505311,42.028076274877364,0.07044190523944986,0.34828470787077376,0.5796447239120572,6.150005344666475,1,26.2149238946684,0.05,-0.33884849158864894,0.9630086906652027,0.316000213786659,0.6035072940946339,1,HIGH
72.68760608932861,0.32072629637355904,5.349422232119199,1.0062195521166906,0.7749018132169629,1.8022618439428522,73.95359960209476,0.3105883272333469,0.016258594485859028,0.8241999049676408,10.839585492215818,7,55.30444316747511,0.05,-0.4561522449364386,0.49801042836133513,0.9235834196886328,0.4037993884903995,0,MEDIUM
48.438524975633605,0.4710209059949982,2.292092186736985,0.6228733604021642,0.4131078943023241,3.673052778612175,43.81311485433923,0.3561944958431048,3.203932708236956,1.0209699483187658,8.575851390767578,7,49.621981733972824,0.319502717048915,-4.074965586048664,1.0,0.8330340556307032,0.6264145189153991,1,HIGH
29.091409949898466,0.6760460747295406,20.543766955016498,0.39247645798541836,0.8469494194552537,7.347726023463335,24.61545964374984,0.2493783513080993,1.5795297804002464,1.1683684620008652,34.513311366029015,9,24.674440457241218,0.45819248544431534,16.18739698019141,0.5675989081818897,1.0,0.6757706049855531,1,HIGH
48.45735887127894,0.4412905465794257,11.509434002102749,0.5169709307078404,0.9566312659545323,1.3333880669548082,42.60692414663274,0.3465986932971868,0.7797300697660035,1.305225439241458,26.19325370721661,9,29.875420285436295,0.45464053662780346,6.939906455717783,0.2856983743579144,1.0,0.6160879966210115,1,HIGH
21.97284673228299,0.777756399047188,6.529377785661795,0.30674516727487183,0.5258918790084701,3.750840500744213,23.30775144688227,0.08505523485162947,0.009987800484143583,0.8725317253570293,10.683413982068524,1,13.755666591450863,0.18513103461086722,4.0719760249908505,1.0,0.49733655928274095,0.5413002432789147,0,MEDIUM
24.99289385302898,0.682196770734445,7.435469114115832,0.2377864929597585,0.8409511282973317,3.146725104904629,19.340935333364854,0.7079735761300575,0.20672239599419423,1.4676341351614912,15.404738411269404,10,17.646390756554997,0.5356187456677639,6.289525846960405,0.579671692921225,1.0,0.6509759791774147,1,HIGH
52.36126068285578,0.5222376182307382,2.7076604403194686,0.48511998685874363,0.9387025714683098,2.133789635032776,53.55056338367039,0.1651860086734072,0.4812568261043404,0.9902481351068833,6.857784711951332,5,46.05675439288443,0.1153245626456851,-4.125443143288754,0.3530649519129044,0.6243113884780533,0.2670770527901503,0,LOW
45.60866320788657,0.4010440485664054,7.800436466692719,0.6055924291564299,0.7878170077526749,2.4373269340805885,32.25792442398142,0.1618607557051961,0.7912717912540477,0.9551744195518004,8.522106424619993,2,32.39890368651423,0.11736331761097957,3.6527575939183077,0.5187965126541902,0.48088425698479975,0.3144724396011755,0,MEDIUM
87.7619015907885,0.09361061029591808,0.23913794162235516,1.1967497557556002,0.7369161628222305,3.617917341380566,93.74979058130063,0.17022781086693098,0.9852246269591838,1.1123449507831173,4.992511461752401,6,86.2305923018496,0.5818055194366293,-9.239804019869077,0.4414310609146133,0.619700458470096,0.5532043485248413,1,HIGH
40.80348142491381,0.6160537728862012,14.573552276383658,0.385712322594232,0.8654926153868818,3.2701804362885403,36.72798530023121,0.5295785286838001,1.2419649141615856,1.0621581033393532,12.248455617907391,2,36.039260383262196,0.2638695335323257,10.20768217767335,0.5097879633627779,0.6299382247162957,0.6711064745361952,1,HIGH
59.350009773633694,0.4212066635694634,6.437614483503002,0.5678096823925223,0.4975108155688824,3.679817151294457,46.928001125343094,0.4052333619356828,0.6489338616965461,1.0509767749786378,8.926153882531029,6,43.6417695540571,0.28166611419084026,0.2074662627144176,0.9643371084314082,0.7770461553012412,0.49599768047386034,0,MEDIUM
63.742464473160084,0.5780180483868389,1.5951101486532813,0.584255193119313,0.8598177289163661,2.995958067878999,44.692557342948746,0.1904601020014363,0.8541175874556356,1.399232228321786,7.3565640681450954,7,49.54514434208266,0.47896032379372305,-5.568754745802977,0.4992824308188703,0.7842625627258039,0.4085101581159397,0,MEDIUM
11.113028810008359,0.916853713865349,18.4619740572462,0.10582423706263697,0.5254262828362821,4.112191125114762,10.266422578085498,0.23101114068345022,1.333834565319625,1.0494741217151144,37.12592360895421,6,8.544429730421609,0.13777923728232738,18.602740147675252,1.0,1.0,0.7279737342343555,1,HIGH
66.4006766214204,0.2556688660384351,13.095348994175758,0.6671341772601465,0.7563065378546051,4.30309519555862,52.97413764735568,0.15332409135235395,1.017919270028631,0.8031451439922364,25.111750028359754,11,49.22831311853959,0.08554902318759607,6.671930250017035,0.4933746262373099,1.0,0.6254462855826122,1,HIGH
25.13305718392887,0.7410322883935855,7.721306713453382,0.348102470334647,0.7291643085889126,2.0097462175578342,23.939381090804375,0.3792371375426694,2.477544852641713,0.8320490228699173,12.30928912605165,1,22.203769927186972,0.16078675778046925,3.2841218679116055,0.7767696813134239,0.562371565042066,0.465251300656597,0,MEDIUM
91.69097698490368,0.05,1.27373506189742,1.131402574196689,0.7124006930136949,2.4989949546521557,74.4959583352252,0.3371277898620795,1.6612901997376164,1.2945249364053584,4.572152434309684,4,63.33585517242041,0.3317524727139893,-7.590070304883149,0.45639896047945766,0.4628860973723874,0.35418012281949635,0,MEDIUM
22.636331859014604,0.7671887014661131,6.088624964689238,0.2918449100085193,0.567409348976441,5.2263272329766455,16.642448755837247,0.25443983176154733,0.14844826345160103,1.1367658307874215,8.861775049823134,3,16.55733441299341,0.47437946385740204,3.208173516238846,1.0,0.5644710019929253,0.42099880937567097,0,MEDIUM
45.24305051679702,0.4809250102719691,7.090944857142023,0.5827620258976344,0.8224578201837257,4.317420181685502,40.810165922799044,0.3913760839187084,2.3563222809331017,0.6887302077718787,9.319931298541064,5,28.881190490269258,0.5380674831762969,1.8441434759223767,0.506775774860396,0.7227972519416426,0.7125674454856967,1,HIGH
17.254721786684726,0.9006840041779657,7.742189428058982,0.20145523951915506,0.6022338026919651,3.357066635106832,15.974322983560834,0.2206011600455148,0.18270177101585408,0.6788949539387121,13.031120837459383,7,13.27261621959802,0.25047608845449976,6.996935435247406,1.0,1.0,0.5609581348897923,1,HIGH
94.73431140690552,0.05,0.9792874411771267,1.2303566484533481,0.7080571128483877,6.446967542303026,83.46433975248311,0.08302641856395679,3.7922226638137957,1.0050109102265807,4.078896606371263,3,59.585326348166106,0.22179529782029744,-8.91855770201674,0.4629143307274185,0.37315586425485053,0.3255009690678744,0,MEDIUM
52.68657587815562,0.4637929679548241,6.472229951846481,0.6311344767236045,0.43879410828921467,3.004105327431094,46.53353310994458,0.3363529057806289,0.9667315684475842,1.1232976749576364,8.490574350914855,1,32.036465995242146,0.11145959308775798,1.3919003024132008,1.0,0.4096229740365942,0.40536185177744427,0,MEDIUM
60.60772647220372,0.34307810796561045,8.85719862424998,0.6407891574820506,0.8132615392760896,3.342295016326866,56.72034999696824,0.13982389447793642,0.7900823600768389,0.8643904713107203,16.286203652390824,11,53.982748507543555,0.29491664545879676,3.7433260563056256,0.45164674506867086,1.0,0.6517272832239878,1,HIGH
15.701500578016336,0.9820931023681032,2.0104727189229687,0.18536485868793628,0.7749658419575223,2.1241414318651515,14.296866377509216,0.14419110693769924,0.3136318373203396,0.6639659501419277,11.60763418915436,11,10.568753945952842,0.30405310531518376,0.3942776574641951,0.8285977882477682,1.0,0.4796555382120563,0,MEDIUM
73.74663998393011,0.236834178871266,1.234453046551579,0.8604420880053586,0.5102828188186905,4.2651414878270915,55.53321221357512,0.1028893801042855,0.11427226352325366,0.7749656530175384,8.541279525717297,9,45.41605420637075,0.45281092264213824,-9.67385781613057,0.8529928612075972,0.971651181028692,0.6021311104242691,1,HIGH
27.84197541312479,0.8681848093470883,3.312134862339487,0.3652105771012707,0.6568178670827084,0.5647251821695267,21.684284278673783,0.2567796391410838,0.10789830579788573,1.3291502194615423,10.075570961702342,6,17.561325836531918,0.18596933322770473,2.0354656708424956,0.9488656040494816,0.8230228384680938,0.44073148811798535,0,MEDIUM
86.33461460246068,0.20178599494485452,2.3634239557348584,1.2007967362091045,0.7659869879987397,5.993214569155385,65.3308201880659,0.16777977622528772,1.6113737601577904,1.0993940024065167,6.481323378474008,6,59.54020664589367,0.05,-9.177969636852856,0.45191251547431777,0.6792529351389605,0.4774062985521248,0,MEDIUM
27.43686944097061,0.7641966437771248,10.19203039939585,0.30332043097941397,0.7328108406175883,3.171923105356206,26.81455275802538,0.12768466035895873,0.4531296489756958,1.2000164126756832,15.697152325123781,4,25.362545056825326,0.16343388942458123,5.751703411682963,0.78288206096218,0.9078860930049513,0.5283930527439855,0,MEDIUM
26.208456256411658,0.767414089221285,12.417071780756734,0.3359125623201189,0.9774300572045787,5.073396940004297,23.887418724482796,0.4913865782786314,0.656515135831502,1.2329986635271069,28.188693318352744,11,15.8649755455543,0.372478949312733,9.198802024346884,0.4175619588037745,1.0,0.5814678683766172,1,HIGH
13.106721767088064,0.9004365661864194,3.064611858351847,0.12449832558667608,0.8422338841180376,2.2495393404765123,11.428301838672503,0.2931954084541768,2.148672233465835,0.8747987584491289,5.77858356202572,1,12.149065889679541,0.27441350019140665,1.6773826304342396,0.6868674569161534,0.3011433424810288,0.5707517885479797,1,HIGH
50.12569033434993,0.3445292903088518,5.305895492087021,0.6458272563440188,0.8267237329467361,1.5239823136037032,51.09490053759812,0.2207437477420891,0.23587783025569437,0.9253929999426139,12.907100639048956,9,43.542992587479,0.23772547999807375,-2.1805004523299014,0.4321790457343218,1.0,0.4746892415940182,0,MEDIUM
58.0114963273224,0.3975743651947155,8.8178815074037,0.6298357210759057,0.7792520796701649,4.569024265159216,48.16798171239576,0.12303395319292745,1.1549268934211634,0.9663989228823568,21.132023222347062,10,48.2225878727047,0.19736431548236597,3.3275597995140243,0.5299090630921105,1.0,0.49364087707568305,0,MEDIUM
15.585234351409952,0.9117602941806462,23.812913597086453,0.14333663376156947,0.8218190867421501,1.3229857081315293,14.451294238335016,0.3024744041706541,0.5086044530195365,1.0833369671496142,47.483385897918204,7,15.728268323536941,0.3661914298912632,23.634559086679324,0.7231515169770979,1.0,0.8076290673752164,1,CRITICAL
75.9198474190759,0.23688975113131264,3.833038527091148,0.8211665990316974,0.5999947896542489,3.963368045111722,55.40349869413523,0.27676490904457807,0.1913722697912623,1.2179009686858855,13.160471251074199,10,73.8938871646199,0.31016388728205496,-4.113972288538212,0.7184526910842829,1.0,0.5033731652208119,0,MEDIUM
48.529550953582344,0.40228930271989055,5.596659057418745,0.5849370510586793,0.5122301309984815,2.0897721924918926,48.420924033925864,0.21976213463602695,1.533704049315988,1.3739762904776294,14.40862648944923,7,38.26296586023623,0.0756060468546724,0.19809574867783986,0.9327994548622232,1.0,0.4154007144526152,0,MEDIUM
54.573172892844305,0.45007591502535943,5.8347832502182335,0.5236978561275055,0.9017519676142114,1.3677329328845644,53.376764018879136,0.07319699848637735,0.9114203702651642,1.1628604339470396,16.318115048605005,11,32.908448838630854,0.42086092122346336,2.1319815934719895,0.37241000609136266,1.0,0.3439968160896042,0,MEDIUM
47.464833489749395,0.6616801064029454,3.6298154865782633,0.6464792180176802,0.9703617794938986,4.640644875797,48.45930964288192,0.362149301882952,0.07978704034990958,1.1643171683360076,11.219880471347201,7,43.65622682225904,0.21857979766567123,-1.8648879168988861,0.37529738396062484,0.9387952188538882,0.35739376926187133,0,MEDIUM
44.06486017440271,0.6591027354987504,5.309975208145193,0.41369686172100467,0.9348343118444328,7.334586346997032,46.43512588913003,0.34927264213861847,0.6242848752422148,1.3853261773322165,14.780088156905816,7,27.385286723308294,0.15139482511928132,-2.791644870430508,0.42729989998272605,1.0,0.47734411048565994,0,MEDIUM
57.56942816119852,0.41934539763873224,0.5018918390064567,0.7858246286851233,0.8968411548328997,3.3608961636776487,57.754301264127534,0.12153294712303725,1.5271589468285955,0.9589882475122591,7.12962742345296,8,41.74498931769041,0.07650986263678418,-4.8752613389361,0.36441096657001654,0.8451850969381185,0.4616944743133503,0,MEDIUM
23.195420904110563,0.8441617331235413,3.586182811854724,0.2907705499650265,0.43603522657834665,1.6744104320355517,24.07211401318486,0.3012569674152212,0.05542416582960757,1.2378005931776954,11.616280964215102,11,19.06351708986241,0.1931041195786099,0.4494199906351901,1.0,1.0,0.423772699158064,0,MEDIUM
25.463891092098045,0.7160405274495754,8.308590243456425,0.27115379446131244,0.8268783590345241,0.12435350402884153,21.345408189846303,0.11957702295507522,0.43065996007082125,1.1156565020253104,12.201922782354153,8,16.416661187524593,0.09984344520744984,4.719502361744141,0.6177027251730015,1.0,0.3793461080303298,0,MEDIUM
83.25177778614898,0.05,1.3482101573886807,0.91191930566203,0.35,2.34658799352571,69.70962275756443,0.1858980307724352,1.3086849395998923,1.122990410128079,4.522762088303887,3,75.39882221724434,0.12482855342424413,-4.555289541075376,1.0,0.3909104835321555,0.3418225986722948,0,MEDIUM
90.41981428135878,0.05,4.761105212557439,1.1486975544173594,0.7974365249175963,1.293958236090866,97.44727190138164,0.21616282002960674,1.563557959268877,0.957094415145201,10.732794448723698,8,67.32804624198359,0.19084423325191013,-5.774525327768797,0.32884521262360555,0.989311777948948,0.34926832274235564,0,MEDIUM
41.731291883779,0.7077181826428658,0.8841398839798041,0.5010824573066687,0.8893628039549036,3.5188041514525996,44.478455088605585,0.06011126350397707,1.194614813808392,0.7211534784267721,4.659112106117368,4,31.830431121991438,0.18275799836349046,-4.269608935398066,0.5198148853890774,0.46636448424469473,0.3956025677112121,0,MEDIUM
33.013297217202066,0.647947581281635,9.60021956098662,0.4079854119039286,0.8051417842983556,2.198434248626111,30.352390349942155,0.19154460400762435,0.29189194097980325,1.0689668618747221,13.619898319793371,7,29.43948132154516,0.13948106304647118,4.843466799927233,0.6162611141932841,1.0,0.47770602826447306,0,MEDIUM
64.73996117531634,0.3331296698968351,6.8430844999369445,0.7086321613972949,0.8688389411860641,2.625341295066579,54.81037343353032,0.3684154220940403,0.5656825888776797,1.0698167204127544,15.587094175392558,5,50.44595102577418,0.2467755556684763,1.344389956428372,0.36330642316932144,0.9734837670157024,0.44468755072927324,0,MEDIUM
44.742404543338196,0.5285888988646276,18.620900133157058,0.5118113816136936,0.6449233590780494,2.1108431927011386,46.81847950113241,0.3284904147574532,1.0816008500999514,0.884911385317987,32.36514393708988,4,31.366948163937867,0.2203400043030464,15.570784451532898,0.7969094108152397,1.0,0.7312672727398811,1,HIGH
12.157840231129313,1.0,4.798768543262441,0.16959381568477708,0.43423572988993664,6.346315891631317,10.083280512598728,0.13712718166429474,0.13245439070958562,0.9806530320089981,11.15403321792311,4,8.261752762187145,0.33786260855851635,4.556507683146764,1.0,0.7261613287169244,0.647042772446695,1,HIGH
23.27297077612618,0.8973470054677033,5.877666071209415,0.23434984055256036,0.4169114370578536,11.182955869473183,17.721297461044376,0.29729260613655034,0.7230901512557231,0.8236213084852445,9.9679313492679,6,21.546555493583675,0.17905145120785834,3.813464665218264,1.0,0.818717253970716,0.7071074816913523,1,HIGH
70.85763945202879,0.46892602415556284,9.668547150246102,0.7857602701051835,0.7740373071566999,4.055952527691137,67.72552417552085,0.13123796540825763,1.019441040201139,0.8253178003715513,17.594101091722152,2,66.447687562947,0.40423096195662067,3.1104958688474027,0.5734070513427315,0.8437640436688861,0.48937201564316324,0,MEDIUM
66.00853506236287,0.32719103254436716,9.444183494980845,0.6903909211061994,0.7034114765864118,4.266707957854682,47.331335832525966,0.3301994990083574,1.5176526256762233,0.9038073173418424,16.325337339413046,5,45.418169261484216,0.29531808723977976,3.6149360980852143,0.6084783013925659,1.0,0.6357844819518672,1,HIGH
12.303159362796096,0.9006183654718067,12.90936705876884,0.15779487848142035,0.83989565744082,4.372158082877183,10.477872020479696,0.3491943244441558,0.09473113917076795,0.7343123504891451,15.447012003240463,8,9.148050338831013,0.680570904488877,13.335010187243405,0.6904656965746734,1.0,0.6570937859506201,1,HIGH
28.867633764300702,0.5899922584033297,7.2100996536064486,0.3700848872238053,0.8241568404747182,4.4238305000189735,29.533480929470493,0.3178474989753313,0.31999372317601427,0.8833043685951394,13.981533892179863,2,29.7473360805233,0.28356835784265383,7.572099917795118,0.5587608684895876,0.6992613556871945,0.5034914594612439,0,MEDIUM
29.641357709986067,0.8217411769896014,14.845017741616838,0.31011462199030254,0.7456091137960161,4.984894391427005,24.249193940315273,0.33538438256229586,0.6241046485622483,1.142746921234615,16.37436342406506,5,30.913067016566544,0.2814420919960171,12.534846773455156,0.7924569178007765,1.0,0.44501018499403266,0,MEDIUM
67.11088320589192,0.23546880383964597,17.791224635748943,0.6313088290212607,0.580349769892327,5.032094702821296,71.97817998170162,0.26414158053207104,0.966001619534765,1.291223583466678,20.83282059666707,7,57.942767883938416,0.30338355476326784,10.119241025251737,0.7472097470813325,1.0,0.6315105972901784,1,HIGH
11.675395709120952,0.9005880880098008,9.896401675629987,0.10574596650290065,0.8380899872359393,5.590060307806937,12.636629480899808,0.21414866997765497,1.0475742055120596,1.415087562278407,18.29868869471612,5,10.982174924278675,0.2430885895481065,5.542932988323937,0.6931590631509914,1.0,0.5442584745935024,0,MEDIUM
18.849229468688776,0.7237235031024847,6.319146659920619,0.20992863115620394,0.6063812707804886,6.538729470175023,19.345464091049564,0.08785741982588713,0.23362968572809786,0.9199733246994255,16.212850338480592,10,17.65633625723669,0.141911978680015,5.890411411842216,0.9522898453805093,1.0,0.640599876893721,1,HIGH
77.9928672567211,0.17296198129369333,5.360040689976941,0.8619528329378501,0.8784362849837317,2.6170466250513913,85.40666078975893,0.17279200857304028,0.011179033813480208,1.2400213647923355,16.224109421589432,9,60.678658425561466,0.1559727274924095,-0.5940438169939761,0.2688265631712491,1.0,0.5682640595389515,1,HIGH
25.17629627461836,0.6812560427698404,6.619863552839079,0.35100664856892155,0.6043873028597576,3.078272074887424,22.968477201571464,0.2043460859161603,0.9468577957877664,1.0672347854520945,13.610312004331098,9,15.654444277576053,0.13586140281130377,3.2583175990293345,0.9340470670952838,1.0,0.44203835568017363,0,MEDIUM
65.48341916740935,0.29653578747184106,3.0653893598306747,0.7431720037498348,0.8578300255590638,1.4936363776668569,60.747646562233726,0.29253614501967046,1.9186276074228417,0.9525291840924753,8.392704578867715,8,61.11677170582637,0.05,-3.3078483896078574,0.36152285539732476,0.8957081831547087,0.27022748913095845,0,LOW
30.245536388971754,0.6544148198583641,10.137924835996149,0.3109873831397168,0.8619358538578776,5.044417243490249,31.288001007685782,0.17479611795688693,1.2776796554629082,1.0804406128004527,25.387429306836797,9,19.995264283796356,0.05,8.252320738559044,0.5343036291423656,1.0,0.49051755636103705,0,MEDIUM
18.45251838454434,0.7716133125605504,4.040831889422711,0.2482998036883007,0.6422617640501831,1.609193523151818,16.554162086152967,0.33670069125582003,0.7792759368900977,1.2204251416202763,5.540993614458298,2,13.483703482318012,0.17867436689671362,-0.14032985272561582,0.9224140102050006,0.3616397445783319,0.47353769495675413,0,MEDIUM
30.669636234953597,0.7599703505928885,8.353326407658908,0.3513311030271811,0.7666012103012972,3.451570765027406,26.45832722808675,0.24878849783949558,3.0379004574559376,0.9003397850667005,9.03514862894342,3,22.756704312685475,0.59299683679011,2.2124237380755023,0.7300833598444985,0.5714059451577368,0.49186644841003907,0,MEDIUM
71.39268920773102,0.1976840844776882,0.8030765590303468,0.8564180023967473,0.8895807316737854,6.095502114060387,67.53044727503588,0.22477609685742098,0.4540815634439859,0.8957359303523346,4.630486010733275,4,54.05079463823354,0.40631776162292416,-7.0268338054118695,0.264470944728166,0.46521944042933105,0.4209745399345133,0,MEDIUM
82.73419978903429,0.19030131627076644,8.908251788071054,0.7841831691119436,0.8330398175122131,4.263819229725681,79.678313197816,0.547155912009211,0.595636175484246,0.9180439938241429,15.362229539927675,5,66.97803785111148,0.28894684457490466,-0.5362126716365345,0.3455909318670635,0.9644891815971071,0.5312748664875467,0,MEDIUM
80.56868848819428,0.29174984730250186,1.5845167682695114,0.879373560089604,0.7174003796421493,3.2510349698005356,80.59755855986604,0.3274705210057787,0.009890296228398945,0.8746451904882083,9.23375185153977,10,66.52756519705612,0.4092737504048022,-4.222680041511592,0.5697743541880269,1.0,0.5119603599841656,0,MEDIUM
43.76060001756866,0.5213382906632417,1.3686675707306915,0.6004443728869496,0.8269474249850131,1.256696787718983,42.3287653900017,0.21683961941629734,2.3342967596236406,1.2397765029580112,3.7939546727277116,2,35.77804409821689,0.3866190160447237,-2.9037647277989427,0.5202480078541012,0.2917581869091085,0.34702258630739935,0,MEDIUM
66.78723660850493,0.27469412265514254,9.13505300249645,0.797942307351103,0.6288539416244683,2.1980330938412718,66.67294481970185,0.0821954976376655,0.7004005677622864,0.8472301589841511,24.644774789071413,11,44.966702220934195,0.15779230672995392,3.791679431773008,0.6940661488908688,1.0,0.4479410721727749,0,MEDIUM
27.423665110344782,0.7073213788821322,15.545221528620422,0.2940505035196999,0.7768823115018164,2.5098411081374556,26.59612498180036,0.21681418085452697,0.3964869052338026,0.8824769707389987,33.76676473895827,10,24.460848676346977,0.25615112016857533,9.64841114900743,0.6883372221883415,1.0,0.6299220640941913,1,HIGH
34.91755707218613,0.7452024459469955,6.729615056135943,0.4234918610891623,0.7033188261139832,4.345857693797913,31.152679564686316,0.1399213608732052,0.03647027979011482,1.062240620321468,8.841727041726966,4,33.367269626409666,0.3010777101041992,2.9183366364360217,0.8176229838025229,0.6336690816690786,0.5574778866718169,1,HIGH
86.18854457429518,0.15364316473331682,2.608279789719154,1.168031935043837,0.5388255464197311,1.1847771173248203,64.98390737668578,0.16643946861640707,0.36005924167093195,1.046065160635673,4.929877816650817,4,69.62167059532227,0.1495163996352236,-6.710706758125797,0.7685832627370617,0.4771951126660327,0.32510621648743804,0,MEDIUM
11.105163498412562,0.8464512214472665,4.932834871461793,0.1151600235620948,0.8985266573003422,2.866803760764157,11.262604639307646,0.24931464281136406,0.002883672330337121,0.9180299916602509,9.157572943926443,5,10.85245301360858,0.2752527417994494,4.107269713153242,0.5754356247731199,0.7163029177570577,0.5314782857775061,0,MEDIUM
17.268225122629786,0.8660278808687453,7.509581345451907,0.19902637214244617,0.8216404989625204,2.4676248460027694,12.300358111939255,0.11343671142343323,0.3136464737130702,1.3367242678152338,12.503433863248432,6,13.813122328784493,0.22146518573696142,6.961319952040368,0.700553191990592,0.9201373545299373,0.4598041560025147,0,MEDIUM
27.67033168741232,0.635113311138963,5.480074220395565,0.38166942708351326,0.6853545962191391,2.6203320790934423,30.354354876718,0.24428171549170152,2.4202100096120747,0.8738728374619462,6.757404667858017,1,23.67870718269031,0.48947339386153305,2.1640940840068166,0.7895247612407729,0.3402961867143207,0.5605041775801695,1,HIGH
12.255237329274676,0.9319563875426892,5.630564657393633,0.120860914217343,0.8416567187235604,2.2179856323101754,12.639848295157591,0.13885032673210387,0.13404160215539676,0.9657828085457407,13.576793465442956,6,7.736699378925883,0.5658785488832767,5.943910203676233,0.703493115686004,0.9630717386177183,0.626591999095105,1,HIGH
25.42201198263277,0.7784684647898138,2.6837607260575655,0.32027463254363564,0.8917570693806399,2.4604439456485006,24.61776739399341,0.16577618870189148,0.6306894439412701,0.614649892317502,8.841323275777908,9,16.933108115823085,0.3312076662602429,0.05358681664514216,0.551598628323947,0.9836529310311164,0.388780849548402,0,MEDIUM
59.55853268242384,0.3797899954846509,1.437052486217165,0.7190147301907448,0.3992567835649627,1.3779162128976943,64.71884528271495,0.13997925862248378,0.16524286336106064,0.9390004592322183,4.425922326683982,3,56.30067833968015,0.10896294611716018,-5.542750736899823,1.0,0.38703689306735933,0.46895407570688447,0,MEDIUM
45.82108680036232,0.4747022681205983,5.103320215405908,0.5681070471034741,0.7126578639044784,3.419642401217997,43.30038233195255,0.14994760785790398,1.2236852782044694,0.7354086881829847,10.695059909378843,2,32.63058437667926,0.5430501206432653,0.1077719757457678,0.6683643382035815,0.5678023963751537,0.4048547545535052,0,MEDIUM
85.87709544154286,0.0702945718018948,3.3667521647719507,0.9237024676927973,0.9486030568620467,1.2905581538785509,62.052483563369435,0.2142281527095425,0.6611560136050608,0.816746989308435,10.032671165378616,8,55.1502221004783,0.10792632356586292,-8.593998221716102,0.11224270060787733,0.9613068466151447,0.47633671124551563,0,MEDIUM
79.48270274776748,0.24795835942999805,1.695271594237307,0.8400842294362352,0.8886890108621754,2.5698744800474294,73.42237474727565,0.4645860475045644,0.1807539900998815,0.6088280744760353,3.6039278697282904,2,68.014249703235,0.17499889058800627,-4.576350951547651,0.2909456634217359,0.28415711478913164,0.36295478014459515,0,MEDIUM
39.054474894319455,0.7077736912559304,3.113286522488594,0.4850975210610956,0.5946846910901179,4.622831555143354,31.668557989759357,0.2829389827554777,1.6093742683407202,0.821499134755103,10.614051698049817,8,25.091577800429818,0.4247659815498385,-0.9369958431374961,0.9618598089927883,0.9845620679219927,0.33782765368399836,0,MEDIUM
32.050991841659865,0.6285054618210977,6.473097221443012,0.3230008069369905,0.9213756639408416,1.7543141466186547,27.172542783204243,0.22653379573060856,1.22606958645651,0.9849877559848816,14.102193445682762,10,29.09695771143441,0.24168885797742504,4.056886199264701,0.43218923499928646,1.0,0.6601337394133081,1,HIGH
42.27385469421769,0.6139323893419418,2.2472065500689453,0.46916681077750205,0.7999345539038059,4.428618383869358,37.36307272516179,0.1848900344782952,2.4176828380257387,0.9511636456775405,6.485911455324649,4,38.474641990333154,0.2707197750420283,-0.17957472884944847,0.6070643638152622,0.539436458212986,0.4125674079590856,0,MEDIUM
60.17507011375866,0.23128713737424794,8.434401994059217,0.5981927436231582,0.6729467337697268,5.3506395123699555,60.767210769277,0.08772829957390829,0.0005027122307699509,0.9170455922946611,14.315230905694047,9,48.37329918110891,0.2520453121783262,-0.2733141333759783,0.6062234680325338,1.0,0.5750346357863314,1,HIGH
32.78540946994448,0.6253764868479792,7.9661064523255645,0.29643007331355636,0.47985791014954615,2.940052394836958,29.545282719980854,0.23872226085392712,0.4886890836915783,0.9350192501035398,8.599031907663313,4,29.78866420107289,0.3300593934073888,0.8368194059663336,1.0,0.6239612763065325,0.48941430236235467,0,MEDIUM
63.05265716717639,0.3669887136985639,2.1094896457355654,0.8732973852794704,0.8336950730235464,4.039680425278331,56.108801473587185,0.11869751440937827,6.0,0.8990019174778774,4.094167646997535,1,60.512782325425285,0.29374115892911695,-1.9635682217055987,0.43295174731396235,0.23376670587990142,0.45947610875784617,0,MEDIUM
44.799990436255435,0.47922542227889897,6.849312793679616,0.49990136050185163,0.7470226406016942,3.9474211462088595,36.771332858518925,0.1826463921515488,1.333602422582882,0.9930792940481407,11.960424924670201,8,30.86512768874801,0.2461088005304642,0.9646220800002363,0.6190787502369082,1.0,0.4250900163376738,0,MEDIUM
56.92401037241832,0.3558393862926491,1.9672447791806027,0.788212430880434,0.594131727548347,0.09394657737337471,52.13948449869443,0.45050294875981317,1.4236408694928047,0.9779547213417652,3.7071791263074445,1,50.792721892419074,0.24152151202966715,-3.7160973698710857,0.786722101823804,0.21828716505229778,0.36497150971023057,0,MEDIUM
47.07075497650192,0.4758700857174699,8.395622671412966,0.4566624648706756,0.6787055097455401,4.239062090453997,37.62630650256282,0.41424274953390605,0.7764549126922504,1.0549961044373302,17.81557830129674,5,42.9076422063268,0.09340799788736891,2.9479664631110367,0.7198767782404247,1.0,0.633671439987558,1,HIGH
35.029589561063005,0.6730795226554798,2.5516072742253137,0.41814239208056286,0.6527051128868511,3.4944236193937086,28.17771518543453,0.23307045555701603,0.9983387840196534,0.95980754990708,7.271123120342338,7,24.0829513921259,0.10305166852572709,-0.8395330954771782,0.8574820919974633,0.7808449248136935,0.4418582904383881,0,MEDIUM
90.61853109178332,0.07882836760965675,2.37157382026199,0.9066266380217202,0.7332043291602922,3.8182871877421762,90.88164290823214,0.1187664385188746,1.3091441948938733,0.9132680612887724,5.834121858056488,3,84.01193977833205,0.3937534421559007,-5.131535725474414,0.43960769006439004,0.4433648743222596,0.2718139340785865,0,LOW
74.90649250357967,0.07187657629820554,3.7579727699334895,0.9700668408754509,0.4037541463804573,5.856479073873073,62.69815039293452,0.07211020889380851,0.07745602512632632,1.155644463387484,9.969026532331203,6,69.19831159347518,0.3775584658049331,-5.420519807837582,0.9303070685784169,0.8187610612932481,0.5064280221836176,0,MEDIUM
21.909619940148467,0.6112477883877101,16.11616356898962,0.2830397526098932,0.876131905042555,0.5397573754941021,15.787192877761477,0.2230545986212391,0.9436338292816974,1.1205746958867406,30.535150337405195,11,14.69617737327722,0.08300912429413364,16.49499174381406,0.49142603663002254,1.0,0.6705679700612233,1,HIGH
83.81977795132259,0.11325300625820003,1.4927514177552568,0.8015715327029364,0.9225024431432121,3.6172149934640494,70.19662608217801,0.06653539083293929,1.3516862693679959,0.9935148616515475,2.2247265935755465,1,62.26488794565571,0.06805147915065891,-7.365255858931543,0.17287283841428192,0.15898906374302185,0.2887844407692434,0,LOW
51.431651851208656,0.5222984083721975,2.2124544275741025,0.6974297736918856,0.7907226937590156,4.891958137772542,49.1392856865875,0.2854664600643818,0.033379410891673324,1.2390206849533154,6.2486167857867,6,52.64125097169627,0.2119136837280484,-0.4550436434844345,0.5750651635475754,0.6699446714314681,0.34959537198463664,0,MEDIUM
86.03693928599778,0.05,0.6856152394686829,0.8580591492723749,0.8728015718107613,4.219565861209174,88.23898890045207,0.30902280193192355,0.28197923040689626,1.01652979844882,4.4923974228776355,5,54.376599720003966,0.34397312443464173,-11.382078473050637,0.21579764228385798,0.5296958969151054,0.3512543386897949,0,MEDIUM
77.9876967555218,0.18014461835265158,10.454885875520834,0.9409127259690807,0.40472762384275685,6.621865727292768,84.59907821144145,0.5298872281345567,0.3132635090763595,0.9677654711858674,11.296881311527125,2,54.82738161205605,0.31035811798122726,1.4355180662247193,0.9829808734121905,0.5918752524610851,0.6845423711353041,1,HIGH
46.14314787988484,0.4964686926797578,4.886341857585077,0.6426895203544293,0.6255816915657568,0.5673958456271846,46.073387219563315,0.28491800931772115,1.5425165146920734,0.9862817021090186,8.513535872797789,4,39.704347467840606,0.06979457927320132,-1.5675101043749176,0.8098618089912437,0.6205414349119116,0.39657080422749746,0,MEDIUM
11.909891207209979,0.9919681101845761,13.510532311633265,0.15973525451832213,0.8080771703121039,4.182505976897505,10.379954249923559,0.1665853803871658,1.2125809879956053,1.0330234593251841,31.79108935962649,11,12.337639244954376,0.2134297259565827,10.381629401151661,0.7838682996241322,1.0,0.5381426841273093,0,MEDIUM
32.83757554772042,0.6408224995857666,3.3481793329168066,0.45259438128124185,0.7309325753097722,4.4385642729541415,26.915243654873283,0.14636906753944598,0.8546716631497203,0.8165599874426932,13.55739636527214,11,23.50235143334673,0.19548790328042573,1.9572148497611788,0.7240123868282251,1.0,0.4936227365657705,0,MEDIUM
56.03890824617369,0.47025003631753737,2.8641664162988945,0.6003444797432835,0.8805382775397843,4.247373966678033,42.13296502237713,0.27146433766547146,1.3066697133248066,0.6252744150195687,10.60826827121823,11,54.22052629805284,0.22941427386596544,-4.21111337697967,0.4143176018490922,1.0,0.4778797567388904,0,MEDIUM
63.84564868522252,0.37284408435477184,3.7594101516249143,0.6083135649813057,0.7438655037840025,1.1549351416875195,60.7219731109064,0.3394935564417816,0.4832738752499019,1.0562942276365639,12.004745227125582,7,48.861674969889854,0.3143622100980663,-1.1234853880720528,0.5706237865013821,0.9701898090850234,0.4467245149354414,0,MEDIUM
31.920453261822193,0.510350148997202,5.378687270219585,0.31734466718563087,0.5308851507504778,4.82752939330129,28.85459988207535,0.30744626608897907,1.6627893760671846,1.166807162299327,12.676657131065241,6,24.215452660702084,0.5578901575560975,3.297537947897449,0.9588473483728843,0.9270662852426097,0.5659688929205019,1,HIGH
21.84526629619005,0.8430039143686385,9.668256020191311,0.25127461797987205,0.4166975179624858,2.1132039976049777,21.21351444575467,0.27046283314812225,0.21348394276542337,0.7998083122182418,20.31574525104938,11,22.898767930103723,0.2314662717665233,9.16921524131628,1.0,1.0,0.6836288428095887,1,HIGH
80.96907012794043,0.2075410191570988,3.217562293077613,1.049856978389845,0.9205125645692875,5.842953704794359,64.35852955942646,0.0551631306859659,0.9754773202140514,1.2146145534046997,11.718274168019581,10,78.35762925954212,0.2850770305546344,-7.444283565917713,0.22300166272461808,1.0,0.38915387397387075,0,MEDIUM
93.67418535980192,0.10391963757594797,1.8073482605101683,0.9133952697268676,0.8839136316077104,5.068599169102651,77.69877126952132,0.2558883220652197,0.22139495594031114,0.6707088330678365,7.908313312282419,6,66.68083868095945,0.6845306331689299,-6.5806976472381695,0.22608937137640836,0.7363325324912968,0.43234791225094993,0,MEDIUM
54.68366549572829,0.7672623615576232,14.320792732651391,0.6725356815972122,0.5384763450630256,0.1227599136397217,44.667703600946375,0.4063348890233464,0.03254258172657392,0.888242345452277,25.24433911442835,9,37.3786619295374,0.2959228119370697,10.782231813900731,1.0,1.0,0.6827666689959918,1,HIGH
24.592739297105798,0.587343571869055,2.6688385369005987,0.26112295196658136,0.7773772346002068,2.646298018696548,25.061495029754646,0.21251245324077644,0.2674290905056112,1.3412031644434985,4.811497751080285,2,15.686144852345228,0.16360721217807148,1.7265357943980917,0.6276059340342173,0.3324599100432114,0.23712052862124128,0,LOW
33.14612275414636,0.8065145044394251,2.763217957022556,0.3548627336647145,0.8026886838441321,4.441639550636965,25.47252771295455,0.1027783043114437,0.5432484176313509,1.0711872971742384,5.026478351028376,1,27.08753156137951,0.1994133437898732,-0.644639247185457,0.6992242264535145,0.271059134041135,0.362831239972384,0,MEDIUM
11.563207506534672,0.8613721233826248,2.998819270525535,0.14233832788916467,0.5809796980716799,4.625664918062506,10.908600995012147,0.16817769954170506,1.4834324025380679,0.9395044915232329,5.5336677987340765,2,8.67852338986641,0.3579607927133425,-0.7364106885983459,1.0,0.3613467119493631,0.4428658283036575,0,MEDIUM
87.71539855764242,0.14583232677581653,4.576935135780185,0.994253788071502,0.6804317772194833,4.050897513960502,63.20262926044731,0.057743637004430526,0.5688151291799813,1.0504571670596456,6.512984684233567,3,67.66100149482214,0.22400598634013014,-4.112101619948479,0.5522684975586832,0.4705193873693427,0.3753454347106396,0,MEDIUM
20.008842045661996,0.7962705999192806,8.373046843165422,0.26131880789083733,0.7680967966732725,2.3542410554781594,18.404353618344615,0.20300415872980718,0.15793249946093804,1.239268639850152,22.26022168878101,9,15.889705781932717,0.37585291733414283,7.2336251393685185,0.7459901049497316,1.0,0.4487116946577448,0,MEDIUM
59.00390041871155,0.376022089141041,3.6448501810009724,0.5770341048563008,0.9050300312345925,5.84493912263922,42.81119983737699,0.08380058921287574,3.943167309259864,0.7109680155275606,11.414989568061905,10,61.716285463728745,0.30599128416785415,-2.9980605646118184,0.33046599771863183,1.0,0.47483560841379635,0,MEDIUM
33.29469375841251,0.6214664281567742,2.390142560606538,0.4311576724601194,0.9182817355622543,5.104163602664601,25.648588522712625,0.09431081319125595,0.25184867437879527,1.2635719500557379,10.59340916119062,9,20.01985475812089,0.42664724347821975,-1.0689214989738265,0.4333106107350056,1.0,0.40685510821662685,0,MEDIUM
57.10513021384244,0.45530939670741627,4.710932559243817,0.5322869829477694,0.9421902186805089,6.742407221497952,42.55532098618073,0.14161236362152707,3.375639210175612,0.901992693780964,9.595094995620752,5,45.211788829264165,0.05,0.452986469134661,0.31436937033294476,0.7338037998248301,0.3238155922836103,0,MEDIUM
65.37073300990846,0.224918774167181,7.026780099205779,0.6517638190645372,0.7305034225401452,3.079041306927117,54.82578932152773,0.12026471333389749,2.203292252279731,1.1416769852592554,10.843388030526674,7,41.13373882469674,0.31337487520892393,0.8123848204577777,0.5167042532733727,0.923735521221067,0.3845770670656677,0,MEDIUM
80.52805331511213,0.2547658002506199,8.608920156258066,0.9889447757970418,0.6994000064243907,6.824064913698206,67.44164609307732,0.18347464378834138,0.6254804419782914,0.8771552881566875,17.472279241552794,3,72.70532949494493,0.2931164575178944,2.7797320256580877,0.5782828904887238,0.9088911696621118,0.5744229823205492,1,HIGH
27.54580809965127,0.691246366612667,3.3798354545785405,0.3656603632654731,0.8063562431564766,2.51103063256297,28.387820436472843,0.23709696477726794,0.07717619465902174,1.3367446643110634,11.38955589058915,10,17.152580768033832,0.310485105234066,0.9631050222781111,0.6360888185716187,1.0,0.5371632782525598,0,MEDIUM
10.934645435970841,0.800247998517063,5.690448983380411,0.11222661961485199,0.9111311281289634,3.6422326683621673,8.641376709257184,0.32340965299678126,0.951043572496695,0.993767399366782,9.500735423291681,2,10.334049724068707,0.29863270678100456,4.26047306546784,0.5334273070650865,0.5200294169316673,0.6428570150446685,1,HIGH
21.63527855584862,0.7476461858018487,8.205567878480313,0.23011191466885736,0.9263413026795815,3.056595997924492,15.892295477818895,0.21278563651203625,1.4951767908540365,0.7342366502854328,16.987307237242064,6,21.429814355790807,0.48523412218017614,7.443454613575205,0.48431113888155214,1.0,0.5535796810158337,1,HIGH
86.50158455708893,0.23555609177811654,2.0478041102436917,1.010823240140262,0.4831923944643563,3.219560916178233,81.4329996716857,0.31621524756145114,0.4714638675192344,1.0940152849910185,6.998643305889939,6,89.69009435910009,0.11634189017140122,-5.46708108479951,0.8929894541925237,0.6999457322355975,0.5026171297873907,0,MEDIUM
84.2806565928138,0.1143666271105642,0.8310091042924104,0.8476833845758378,0.7575990150255499,2.6717674959483744,82.17197814996078,0.2012681880673448,0.218540070847962,1.26024599635875,4.758615865290269,5,55.15257085225551,0.4214304784660373,-7.835264246374508,0.4207847910169572,0.5403446346116108,0.41434644192968234,0,MEDIUM
60.780113684476206,0.42087515261200764,3.573043874949891,0.7935318721361023,0.5169591623149267,3.1715568997106396,49.713844738594275,0.2626930532878773,1.2989275067463741,1.2376526350744737,3.1963817331486,1,63.24177909450769,0.27448962899447943,-0.6069831041591514,0.9349988328336138,0.19785526932594402,0.4527499822922941,0,MEDIUM
61.04393313686054,0.33108416657415674,1.3106098227582779,0.7855245163815286,0.8575703972154274,4.179980087643942,57.45001104105021,0.18935838104541178,0.6301031360821825,1.0187000740363594,10.282921521594584,10,47.953128453082144,0.152973187551194,-6.666805066285271,0.3791864874639373,1.0,0.3342883390296439,0,MEDIUM
66.5281173364317,0.3953525746295725,7.336831308970971,0.6470829763362381,0.6981286507065855,4.719069877422057,67.221515101924,0.16573134275863638,0.17614834949712968,1.162415064711329,11.126856127988512,2,58.854795451709904,0.5313824100600164,0.2451800653349256,0.650483311254908,0.5850742451195405,0.51555989979719,0,MEDIUM
24.906558682993214,0.8057750322732842,4.524728889362516,0.2819210403189787,0.724297620556092,4.219153766323165,20.897130147113632,0.32224061945618887,2.389237922611071,0.915686384192049,12.204719349136683,7,14.944468024031409,0.4861069161936443,5.582435926544749,0.816441085302504,0.9781887739654673,0.4848200190178762,0,MEDIUM
87.72501540362158,0.27063855262749703,2.608156820746841,1.129384027457246,0.8645825209257507,1.580325255134012,79.8421802627287,0.1590274594774386,2.3667218571826947,1.1182075309102026,11.032301885508204,10,67.2514415305102,0.528755429446045,-4.104372316874646,0.33844549492512244,1.0,0.4535094087988398,0,MEDIUM
45.59549461582621,0.5299999382018006,2.5108644408558964,0.48726298563836057,0.44865965875406977,3.1069168857502576,34.59117288716924,0.36283186530865985,0.3658906663786786,1.0725625832256556,3.8091834534612534,2,34.59801975942494,0.1549356521696045,-0.6089160796358581,1.0,0.2923673381384502,0.4327203758715129,0,MEDIUM
42.56677490120728,0.6278246353685597,4.843266172281544,0.5178475521660867,0.6972763364654115,1.1481359582585349,30.199369654160293,0.11752292444939175,0.05291449939415225,0.5,12.691218113253147,5,35.190490324891634,0.18615256353644088,-0.8045065080293572,0.7679978129861625,0.8576487245301259,0.4792595675106608,0,MEDIUM
54.10800494904119,0.46676535367270366,10.283373025453683,0.5005567036630365,0.5096540493157669,5.301562743299416,59.1155487594868,0.5151949588929637,0.7971085775892188,0.7998788984237475,26.907736377122557,11,35.69324259138339,0.5140856018467782,1.9622488785040364,0.9689016028627015,1.0,0.7623835772350239,1,CRITICAL
13.992107175879678,0.9637486707902444,13.242130924904862,0.168513156453315,0.6394767919909954,1.672442382405643,11.472021496964759,0.2064628947701661,0.3052739545348541,1.041568920219695,29.611060459641415,10,12.740983867019043,0.21083979379876797,11.438908914862091,1.0,1.0,0.7840848351239713,1,CRITICAL
24.13408634426675,0.701152545548634,2.193746420073065,0.23562747809862208,0.860185575679646,2.0633004599895233,19.586278910472128,0.09354746935721762,0.05492742256548703,1.03299894635127,6.927953863849083,4,20.949983203058288,0.3887224943918628,0.4922430937496258,0.5602979092548479,0.5571181545539634,0.43080714303606377,0,MEDIUM
72.73285739624149,0.3322718510677676,0.09317048594133448,0.9566492092724007,0.883615890527256,5.100578392221576,79.22775997043473,0.1712712173984085,1.779066558216319,0.9941845017948038,8.120194484378684,10,50.59439552227415,0.16218869004972253,-5.388533351001303,0.3407120897429998,1.0,0.554678073377428,1,HIGH
17.037886773635748,0.814045348574308,5.484493830806887,0.1836215195338905,0.9317928595985954,2.5065736291914655,16.88954487060173,0.18031767158624684,5.0196200816469485,1.0178749237284603,6.511255029668392,1,17.764318395832863,0.2773680609977618,2.1214566202137455,0.5093333848892609,0.3304502011867357,0.34322140905244175,0,MEDIUM
61.267929304643,0.3821856527848902,3.160790500554886,0.6376624745271882,0.7964406776286408,4.880375231300109,57.231546361447855,0.40305991279820597,0.34512558242015107,1.2415335306840098,7.198033921323118,5,36.914960227018845,0.12167859992395799,-2.6418310612216933,0.4964318099494839,0.6379213568529247,0.38773998489860656,0,MEDIUM
30.85467432291228,0.698793455526747,4.110687909422962,0.4074188464970097,0.8133404119804745,3.3904735084003685,30.229230266838133,0.1233053891514169,1.0923977464009627,1.0708244437296697,7.8723140835274945,1,23.17689378494376,0.07400824780313726,0.5858937361283194,0.6293861097926619,0.3848925633410998,0.39218789455980607,0,MEDIUM
43.09012719356801,0.5892779597784541,3.091931851872142,0.3986147064029196,0.6430531916781764,3.627312359254624,42.399419458296784,0.24470432086582494,0.05442677315924869,0.533474763532235,7.812855568711409,3,30.92906707617333,0.5465540885462975,-0.9927252432069904,0.8300591923719625,0.5225142227484564,0.4539695116900324,0,MEDIUM
34.538967625509486,0.6453120002951485,1.9590311687636508,0.379343001030591,0.42385445695953533,3.1533359803808465,34.723210640588285,0.3561387117366588,0.36925441008989685,1.389541928494848,9.410927264944279,9,29.427811128734024,0.6243745799920293,-0.792187435291509,1.0,1.0,0.5575697192094732,1,HIGH
40.23218089952068,0.6148552456584353,20.344092375137592,0.43651987498507505,0.7178770623436856,2.196145860822321,29.243794354858863,0.23684881090924043,0.09210583103837484,0.6186907792031158,32.6272911346849,7,40.22332334078568,0.2807804496226725,15.883986221495825,0.7306120293136892,1.0,0.7001404342587774,1,HIGH
71.11890194066086,0.41506042519836617,11.535869301084883,0.7413435669105344,0.7540399867701428,1.4740856366880093,61.52727826308781,0.12346891673477112,0.0455525791556341,1.1916285251417449,19.668904540362796,2,63.72245213154402,0.20677157880204808,3.5028617142380023,0.5764702324439688,0.9267561816145119,0.42627935620928636,0,MEDIUM
35.255345827969876,0.7262825165695187,3.8134247680820743,0.47801918387603753,0.7221111776460739,2.2358162557629946,28.840710647387578,0.06410533402550175,0.7109230211474629,0.6871362323017267,9.502808854690723,5,21.908286976386865,0.18501785340832194,0.02901650033310066,0.7799744918156485,0.730112354187629,0.32695401286042247,0,MEDIUM
58.144394425236264,0.48808842314738904,4.605260257547643,0.741610933315853,0.8390026271799328,3.086621192456474,42.34236765621703,0.19893562329843223,1.2957158105424038,1.2846879953739643,10.769271243237508,4,57.47743271565829,0.3820255948077982,-0.4009889082466842,0.48554027080379536,0.7107708497295004,0.421567954566737,0,MEDIUM
50.46428418692347,0.45891399604885563,8.966776959441265,0.47030774130185804,0.7742584316186126,4.120175564567999,43.65360414368552,0.27577911076459616,0.4826016740461418,0.9444001907833699,17.5290314970386,7,36.29825436183872,0.4021044191508854,4.7217023664786115,0.5680693505965089,1.0,0.6663947727807966,1,HIGH
66.4120490558251,0.2647402431834831,4.15149729360115,0.8350277312597093,0.622367337849424,1.8709556672945677,62.85697183514022,0.4231387530046638,0.5941710224013708,1.0768555112232188,8.592703259834398,4,43.14431778635582,0.2259525818386152,-4.055209802914387,0.6988191148176056,0.623708130393376,0.5106343661798669,0,MEDIUM
89.63052784260442,0.18011876623297599,1.7824711875152353,1.0429852487498474,0.7952218880631231,1.3443183985723053,69.14090599973807,0.16542250214271026,0.2525690148150676,0.6027680143056047,9.073265232644797,9,71.22483505987154,0.11562662013112779,-9.021316456539925,0.3972265510218033,0.992930609305792,0.5888707962367808,1,HIGH
72.26862826287127,0.34739746077367084,1.016933808564298,0.9759400892381579,0.8393281534444507,2.5093590416242555,59.405585529716035,0.06499395509319779,1.0666193807208553,1.145912633058628,3.099583004658391,3,72.58806466631651,0.05,-4.740036458409488,0.4147065002201594,0.33398332018633564,0.3962276775358363,0,MEDIUM
28.269932180214326,0.8351143322579354,5.6792020408340225,0.2986641465145959,0.8462737270808228,4.4958810732715,27.01667884101795,0.08606493000889634,0.3583723921939068,1.083260442415334,8.58604325841697,6,17.401915620669044,0.3178978558801542,0.8641881616620557,0.6481465755077335,0.7634417303366788,0.552696071160812,1,HIGH
12.650566480209196,0.8251758851203698,2.1068804277582953,0.15017247105423712,0.8045349421465865,2.6753111331910935,11.78691057376722,0.17218997068645486,0.05590806150106375,1.1234646533581303,5.647793504285882,5,11.152076260495338,0.41656744144932356,-0.11096962624113527,0.7057855293403051,0.5759117401714353,0.592681255814425,1,HIGH
32.29244376548513,0.658711669916321,12.19808396901818,0.3714850516385829,0.8774824221741293,3.1015152022630126,33.826792921356514,0.5169774765369928,0.1447454209738611,1.1899233247209655,16.16451554805548,10,24.207176013157895,0.46732039938703523,8.678999358712673,0.5131322016969666,1.0,0.6498722302982888,1,HIGH
60.58162410952166,0.2630250259027487,3.9545196187384732,0.6935265909846828,0.5979032706581663,5.5067768703233195,61.58075975153392,0.17628714985596855,0.11000271268498879,1.035701773899727,11.312196972286829,8,53.321387694827784,0.18594836000479398,-2.0408731348405706,0.7346576069641249,1.0,0.35695320733587005,0,MEDIUM
14.37119414616128,0.8248903700535174,9.20032318328812,0.16211464355332308,0.7206174003099497,3.104611820544737,15.610629463145546,0.13059540740327932,0.45798749239625103,0.9578583859943328,18.775841806793515,11,10.345185946499148,0.05,7.690677442421318,0.8315190845618341,1.0,0.611760093187564,1,HIGH
52.19113101210509,0.557814330725305,3.4229221679051816,0.5233803535962246,0.5208567292798575,0.2837575423733361,49.00106942354555,0.2280244237224249,0.05394898801096331,0.8378186306800837,2.9616800625216078,1,54.02790720994106,0.344282792094692,-0.8023030166209418,0.9976220714428663,0.18846720250086432,0.4335622727423863,0,MEDIUM
60.73164215793558,0.3553639480823883,7.244553613551736,0.7760623023614663,0.848792373374029,2.9427747248038183,59.479777572917534,0.2984034320140241,1.3139173991616953,0.9113771579046166,12.537061783685473,10,39.54988036583778,0.1484411294941002,3.5019571948391923,0.4044934139801506,1.0,0.4685591419695568,0,MEDIUM
38.41073071944167,0.6671310764216491,3.0087695311377147,0.4323773105626247,0.8460251982837049,1.5192300015305142,40.108581179494855,0.3031836703878438,1.9088184934412575,1.241298923904397,5.293621778480626,2,25.77733732052122,0.08368330684509527,-0.9267274438022509,0.5645277407852671,0.35174487113922503,0.3036475110985855,0,MEDIUM
75.52753731839486,0.22948437833622642,4.137185541091495,1.0417197045182944,0.8098950628022415,5.008816301580239,78.24630041236047,0.17307765655618174,0.2284346135447419,0.8324420752202969,10.808451267312037,7,46.86864796850471,0.058325357130106996,-4.808281733580442,0.3998995949647509,0.9223380506924815,0.5142920621475325,0,MEDIUM
19.060851516370604,0.8353160470940189,4.51855473967868,0.19640381717203378,0.5506428937002152,4.642208650982929,18.82237466156507,0.06510230333338153,0.5316629500054405,0.6313808455253362,3.7133058479374235,1,18.255512008131653,0.21445348241582912,3.030754944685552,1.0,0.21853223391749696,0.45432627309564677,0,MEDIUM
16.386711447543746,0.7443175743393091,5.19759123212703,0.20342003449067572,0.8191484994015632,3.6645055954154313,14.749719674421968,0.2768753526868294,0.5856153027870031,0.8024934146535831,11.29734158484781,5,10.524866267633996,0.1591389912517902,3.13562947284834,0.6434360380673098,0.8018936633939124,0.48691404035506186,0,MEDIUM
71.89604427730629,0.28785631319764915,6.850574491719106,0.9852335825465146,0.8503724114899732,6.331359653978512,58.18422880735502,0.23613645356288987,3.3598289426919252,1.1212085359382071,11.545067016235265,8,52.08728801698679,0.2945159343158224,-1.0129768154301295,0.36836953936386474,1.0,0.6933099991117845,1,HIGH
52.11676187752687,0.2395415035526734,2.3284075629108076,0.6419373540792068,0.8291154177105271,1.9512076593797274,54.76879113949552,0.2015879301856017,0.054297296019426435,0.9394295512791799,10.77876998108478,10,36.09193104635694,0.12495653826159701,-1.7936575840840527,0.376097625210546,1.0,0.5331831597555788,0,MEDIUM
68.51420369635755,0.2999062703834656,4.792250567778581,0.9151006806052975,0.7302361984188884,1.0833301877005213,69.24471425598284,0.39337946748085234,0.8818128470340938,1.1208987312617291,7.788636531420726,5,52.00845892415272,0.37379857045552983,-3.8403817394426114,0.5545988375634001,0.6615454612568291,0.2949088794729219,0,LOW
46.96032378131843,0.39995890268960455,11.453654121280788,0.6169367829971915,0.6929721834663951,2.0676083701153374,48.611579351958035,0.25696286005995955,0.33943091135293635,0.599907783913723,11.409070239015943,5,44.358803716973206,0.3330039654386107,5.950457871998212,0.6605211761452097,0.8063628095606378,0.7644383145558933,1,CRITICAL
30.944172825324078,0.7870378330705045,10.474543711859948,0.3342152795556798,0.6241819121465421,8.36385672486787,23.4035645748095,0.2079807542248242,0.5574129162767342,0.5,16.154040537515872,9,31.797811543670385,0.3291219658300141,7.085623801210363,0.957246048315439,1.0,0.7012767324742375,1,HIGH
79.62369700230698,0.2659556181980911,1.880188390408314,0.9555337068086286,0.5747228992528236,1.5625505841829108,65.76321399176169,0.26322077202858296,0.19573338844524457,1.0528217139412994,10.975330825999356,11,79.26471412457678,0.36603094800363745,-4.851559797619949,0.7708934602198102,1.0,0.4915904633270531,0,MEDIUM
77.95034971236323,0.25783018143365416,4.61470066892585,0.7624562778353571,0.9076702513642553,5.321890649433234,67.81321971538567,0.17853718093464196,0.13971348602365993,1.2009385773469996,15.688322779188884,11,76.27633353533017,0.2964392877461835,-2.2592671332835756,0.2674097136704442,1.0,0.535437443994605,0,MEDIUM
69.04920002262628,0.4311884979464876,0.6486100110115074,0.8063309691613462,0.9428615199368303,4.054001870536544,71.48945322573627,0.2658904575164951,0.22331125305846397,0.6578009554805979,4.595858166868391,5,54.4012274820508,0.05,-4.785036617479196,0.30130196906799833,0.5338343266747356,0.5000718981922972,0,MEDIUM
33.13233666454683,0.5927633116885448,10.778380757491439,0.33636312170622806,0.5308797351802235,3.217047087230446,35.02600440265038,0.258316274048365,0.05914285211317665,1.1052086438679651,16.12769227503151,1,31.83415922314143,0.19508046735519022,6.424628548051971,1.0,0.7151076910012604,0.6452125783818257,1,HIGH
60.1696066838724,0.5380929889945206,19.360485971331887,0.7652782183148747,0.7292582038353386,3.2178726153187682,48.975477704247254,0.28339752922951844,0.26068417060734916,1.238052714715742,34.05889284558604,3,57.144153831850595,0.15605537176943254,15.918212687345722,0.6751591887442525,1.0,0.6415686492413856,1,HIGH
40.682781239902276,0.667747512741808,6.290658274845225,0.4735594574577471,0.8580353939300694,3.483469543271738,39.648285927356156,0.31889257949892214,0.9378525032794232,0.9991232916178259,9.810890951812862,5,28.94127542016629,0.35780271819801696,1.7454875452630523,0.5468206654757999,0.7424356380725146,0.5459671054374557,0,MEDIUM
17.784476232763904,0.8032308146948453,15.393913047793225,0.19662760237979987,0.8739556533465972,2.1327537608820757,13.002687322891394,0.3711502714494731,0.8432521715075888,1.1802181678672408,25.283270429165107,8,12.770640409933685,0.2592624510036625,14.50077411546308,0.5906819273275268,1.0,0.7379035303293497,1,HIGH
87.97165391429064,0.21113307263172915,0.7572181621633183,0.909977510814454,0.44611709506857605,4.052128334222879,75.99249299367524,0.18665653724148148,0.6468396119348994,1.0380815268302759,8.826368975466467,10,72.53678209893906,0.137184678153599,-7.740718424918976,0.9363908937130005,1.0,0.5253215259581646,0,MEDIUM
21.629583628111718,0.6952006827259521,2.4194350236458333,0.3026734143142771,0.7830419694757572,5.255435455247984,19.35128860581337,0.11944046151474629,0.0003099904273896951,0.9474131249452888,3.1314048925003855,2,22.355579152077073,0.2532532921225496,-0.840383504769828,0.6730373871493402,0.26525619570001546,0.3317191015869067,0,MEDIUM
90.7701750747682,0.05,1.9786256992082654,0.8494774583500546,0.8643578243647547,5.214213316403008,91.33777241288988,0.2431356523934814,0.10754040502941219,1.1642031082017756,5.3176200929191495,4,58.86952151740487,0.3500786210441902,-7.582200100834311,0.2284632634528679,0.492704803716766,0.4304612580705873,0,MEDIUM
47.91049070142624,0.47220791512656163,4.1228946180999,0.4416294842203998,0.5651511545164346,5.400229136418276,50.63127451456446,0.10742440195445152,1.4805425236936522,1.3825595171164966,7.539925658707796,4,50.05591797253874,0.2739033313469337,0.2187435980721173,0.8883772257886289,0.5815970263483119,0.48979344220445237,0,MEDIUM
25.73629895128267,0.7003187938420521,7.233965754103287,0.25958369760398725,0.8826163786098636,3.9315260757551034,21.487578141271538,0.09433989453445918,0.25367593052499343,0.888431771556422,12.138915322292576,3,17.282395669641026,0.35370804222559693,5.477723095964542,0.5262348290062306,0.695556612891703,0.4230226903894346,0,MEDIUM
56.061580527160444,0.3548595833075753,2.579022665829409,0.7767535089298,0.8182354885698254,2.893905333323893,51.07745687932918,0.16696087406679377,1.9461448958952443,0.9824536665967535,9.028868895066068,6,45.88778835211502,0.3327313844787572,-2.501814845111853,0.4500765587990495,0.7811547558026428,0.479567283878989,0,MEDIUM
84.2003960494947,0.255842684872679,3.232857775012316,1.1700647724420743,0.8054064124689803,1.0533192213195854,80.74643593260103,0.4108985927662114,1.6606536290950524,0.8018629090413498,12.546181356752713,10,62.03778488381281,0.2711626436893834,-3.452555145087149,0.4198117237328691,1.0,0.43951399747691167,0,MEDIUM
72.2391153448127,0.25690049452228647,6.80872813130751,0.8867090389769204,0.6637834186701395,3.379518482866104,60.065010599071215,0.38124931993594574,0.13466584417268093,1.0310427088892269,8.588886910606638,2,56.98865631257462,0.12738711415949047,1.4981357678453113,0.6327751192559341,0.48355547642426555,0.4240879761525926,0,MEDIUM
78.55769756822323,0.24262342178631807,4.560317591364206,1.0527150450648972,0.9200380038004007,7.650610917322564,85.95903345473775,0.3063978492982323,1.8274193504699356,0.9687201261099166,7.592581200759931,3,80.99495708840227,0.43565226735750245,-3.571713816452939,0.241254705192558,0.5137032480303974,0.3735311902780144,0,MEDIUM
65.99658617041098,0.2944060289827958,2.8240318924840833,0.664572994566723,0.8931154688459829,3.277168752933411,69.31685804214023,0.1457556239365504,0.7907340155082787,1.2316903886740376,6.300856943516788,2,58.36150754232577,0.106805375170748,-4.958904699975278,0.3075298112224235,0.3920342777406715,0.3031860131942055,0,MEDIUM
68.84350798401746,0.16591665611594403,6.180525528298375,0.9541855102124043,0.7944988130591043,4.656430486332143,56.35261979503794,0.18117450442723096,0.7960221787847519,1.2839496337329759,16.447558458281556,10,50.52289796225676,0.17792521911437514,-2.4200437099670062,0.3912101084693156,1.0,0.5627628141094163,1,HIGH
82.18163038305214,0.19978828484079236,2.1606793192441938,0.7983061323398152,0.35,5.741909729192475,74.22468103230779,0.2755820361991169,1.532117819941361,1.1575970906574153,8.707193983118636,8,72.5492992223697,0.4717669041433251,-5.354442606563619,1.0,0.9082877593247455,0.25857663312213885,0,LOW
31.221780753030806,0.5348017944361096,5.849113699851615,0.29678256904736083,0.5894511035139699,3.3060420069883087,24.738148533401823,0.14721744219189203,0.4154300798057888,1.2093528688762776,9.321984839486388,2,25.085744661258417,0.05,4.839310025505583,0.8832242419470999,0.5128793935794556,0.33976014417440736,0,MEDIUM
51.601121909666944,0.478498057216493,8.460981424670601,0.49336130376885207,0.7525148322746072,4.1526530418054195,46.740377113699815,0.20392583657010305,1.0632156146484457,0.8590327566642496,15.618609671559302,5,52.865967262044954,0.21554832957053177,3.6411156493125656,0.6104767801963357,0.9747443868623722,0.47679824199211046,0,MEDIUM
28.80280255466619,0.6025067713467133,4.840913107878818,0.34176367505492344,0.8702398711305761,3.1749525284183733,28.034716431131194,0.057080072158368876,0.8815286334512238,0.8090136163799599,8.90613175815942,4,21.854997357946818,0.0768756886020648,1.7088204021777582,0.4958935789774925,0.6362452703263768,0.5417384494525447,0,MEDIUM
93.951780679715,0.21946427314131461,0.791561418540624,1.2124357041811065,0.6126698429959292,3.0169149477045605,68.98019005723103,0.27612361743393854,1.1810266103344236,1.0873634751449033,2.096939321195551,1,81.08166253969662,0.5985337539313786,-7.061072059985873,0.6907273720767635,0.15387757284782205,0.3786696341061013,0,MEDIUM
90.24504387336212,0.17045857904035655,2.729629229895873,0.9776548726313498,0.7655866661280155,2.1319076779976105,94.58103684047327,0.10783065387612464,0.8634924391273474,1.0040040514522572,9.89989556749638,7,88.64227228581139,0.1853820494195752,-7.553098013905059,0.436849290328155,0.8859958226998552,0.44843942832313044,0,MEDIUM
13.351278966323001,0.8749475136384884,12.036124058683392,0.18544232136180983,0.8114234846644465,6.485635692658274,12.516801966318923,0.22346801613671463,0.06675294131550384,1.3998377762635297,19.59592304006923,6,13.77156577971792,0.09717469734095605,10.552499745530515,0.7203385298225745,1.0,0.5564648832885511,1,HIGH
69.97388966383352,0.4013576375740383,7.251336440606333,0.7817553410366982,0.8908779247927602,0.4068780753098739,76.68026837909824,0.3548943683213723,0.2770527443417515,0.6156711034142495,20.690017115152173,10,67.14873728829129,0.11084247954511661,-1.3241872824029701,0.3643619315978789,1.0,0.35933718991445746,0,MEDIUM
88.6461069803316,0.05,1.0529009170779962,0.8644983544573763,0.6576045142662374,5.005861518927798,62.959709882003075,0.3618831495763438,2.2496742421086804,1.1239161612407906,2.636110322337192,1,90.50684019016654,0.19848423693557782,-6.822664133267185,0.5385932286006438,0.1754444128934877,0.26634431975283746,0,LOW
25.34890433582335,0.789989306935374,9.487063379352561,0.2871988716396355,0.8759234351311518,1.649500699991595,26.175261898029927,0.1376493830260186,0.20228983739259443,1.1206101570297884,23.89036123398936,9,20.499631211582795,0.5066953682242094,5.258080259761233,0.5811095007709592,1.0,0.4967419652859334,0,MEDIUM
58.275344596973504,0.43323138872776207,3.4354330489406504,0.7223337254184854,0.801686968726241,5.63979898668476,59.253509035922775,0.17887904991248876,0.511321840518424,0.8476084407500508,6.170303280087619,4,55.01339769655009,0.2507432590721555,-0.901829488891358,0.5140852412745195,0.5268121312035048,0.28800511903173087,0,LOW
87.81650529498356,0.142956553556858,7.157709402901058,1.155764345956275,0.7631050668653075,5.3358094293213085,66.13821103729462,0.06214523475724651,0.3531988385554994,0.806484566999368,5.982532859869164,1,56.43021307924212,0.2883316352935733,-2.2240949614675936,0.4268206764804677,0.3093013143947666,0.4663875420804517,0,MEDIUM
12.8854081797929,0.9729341982106124,2.1166959406881953,0.14552575699831752,0.9460959749639083,6.90329618778375,10.748005715068784,0.0402732080685516,0.07220127337826629,0.9321476323522198,9.242542673131185,8,11.174432637493915,0.6780942970075905,3.7577476061771655,0.5673231366594438,0.9297017069252475,0.6590960501235863,1,HIGH
69.2807227159814,0.3657921410625702,5.895972919913072,0.8291540540329635,0.7751141390234781,1.10388634281439,73.01623406248959,0.22530939770070157,0.159921288925828,0.671697756950477,9.485251769986975,1,41.98940611404172,0.12867782102594905,-4.380162175637239,0.5202248619960679,0.44941007079947903,0.31257085679804136,0,MEDIUM
35.27466562666682,0.6703512367593337,3.9889131743741277,0.3646244672823066,0.5466698094128862,1.2918269911241378,32.00758669921998,0.18316872171047402,0.27024567752966633,1.2914665608270222,5.46284968015704,2,25.292673770802182,0.1917106006594539,0.865288706265999,1.0,0.35851398720628164,0.4623968984924661,0,MEDIUM
88.57367660700508,0.05,1.647363346570391,1.083219097087856,0.8727113941045589,4.1455417381689,76.21876430462403,0.25372290123737257,0.49788035490415705,1.540145789336108,6.0513202169222495,5,79.67218718753735,0.34376231141549535,-6.625092484704799,0.21593290884316166,0.59205280867689,0.46626764557955447,0,MEDIUM
92.53995083905626,0.05,4.857307643048887,1.2890685336607741,0.7859035891755587,1.6229160911290443,98.29580371751288,0.2372862426128003,1.6605125274581303,0.9317431343259559,7.490623192323409,1,62.668328357988685,0.42994312604929324,-5.0720673989215666,0.346144616236662,0.36962492769293637,0.3565565362423616,0,MEDIUM
90.26265157464188,0.08755676956592323,5.622887397847467,0.8345023918266942,0.7523511576985084,4.266868189615469,66.55406581795876,0.08098814444147644,0.5799023047583827,0.8721409641600852,7.3002626947448634,1,62.28701328095614,0.05,-0.28213168015972245,0.4152516482351991,0.36201050778979454,0.3794043927988503,0,MEDIUM
50.30820841588442,0.5043877057832878,0.5597912283611187,0.6757727244875067,0.5188357935440064,3.185201983085151,44.73652971853908,0.24567030393632214,0.8442237882354887,0.7378283299075792,5.499520511512083,6,31.582149466886072,0.6095698977998983,-2.1191478352505237,0.9739401625756343,0.6399808204604833,0.35667967875780093,0,MEDIUM
83.27362533409165,0.07684744868516959,5.802141517732583,0.9835791403437151,0.8272073374036059,5.139455815491974,80.02176021885035,0.15161338601772428,0.44403820222610374,0.7807726488966279,12.804830363214528,11,77.97114355725641,0.5139682387339949,-1.5716471759847916,0.297612718237176,1.0,0.34849517091629173,0,MEDIUM
81.78669887548098,0.3750671452914639,2.8667333025734076,0.8391718756619999,0.9480711997942564,0.9534962237796157,77.15892738322577,0.20782880522834615,1.632560459187654,0.8821111156660458,5.939826101450539,1,65.55819452956607,0.1521439696822576,-6.032462731636913,0.2654267729543474,0.30759304405802157,0.3444279572657589,0,MEDIUM
37.12354022567673,0.7500761221635186,5.312048253525351,0.5113562948341579,0.8007616326217363,2.261771020364028,29.91082919235279,0.3394704894517601,0.8692397579254222,1.241753588169527,9.601082079205396,5,37.107850125832925,0.16987806306692096,0.945868838274036,0.6738956121491548,0.7340432831682159,0.6614554179347818,1,HIGH
80.45781530280757,0.2435913126033229,0.9709770989251689,0.9185684939319191,0.6454663230822941,1.6526293700661432,74.44964096425,0.13995264861662096,0.07600280422966954,1.6386014570832614,8.821717526724774,10,61.390652211874176,0.23733539658156547,-8.456894928963376,0.6535961716782203,1.0,0.2655662786723214,0,LOW
13.145648950816874,0.8743064593945309,9.850548035514805,0.140112258601884,0.7922778952568349,5.052470542575212,12.9277559508818,0.23479242203449538,0.5193060845621188,0.8554348071749761,20.384425059656717,11,10.462170417769489,0.5011134462577627,9.293056839032259,0.7487363868120132,1.0,0.6919437239615644,1,HIGH
60.682939670974505,0.37619388569816287,16.596653215944247,0.6012155051726926,0.9883624988872421,4.1413511569283274,56.67508412457791,0.39910064119739813,1.4046547079784824,0.8195893205403477,20.280584226913174,5,49.924730058496934,0.19109481188962527,7.946284344324297,0.2055531945182182,1.0,0.535345454516079,0,MEDIUM
29.55075116945476,0.6283390115036736,3.581167757617133,0.3020754927156821,0.8572428703786379,3.7793945912106675,28.77607498851712,0.11522396550669785,1.058371313744958,0.7664013580175116,5.431235744373431,2,29.17869402466527,0.2713222307988447,0.7678269840183243,0.5283052001838799,0.35724942977493723,0.3620828534571996,0,MEDIUM
20.2481852910687,0.8037165885708221,13.787706532088542,0.2665520761877809,0.7636444276966027,1.0424859542884477,16.2477816094471,0.3656619133517006,1.8857272020064728,1.0901578858151661,26.385405285468,11,14.811221174835147,0.3302246109471094,11.96228442855792,0.756391652740507,1.0,0.5571507522060604,1,HIGH
16.541022138482777,0.8552099818265924,6.159093635758295,0.19968404707744825,0.6707125417669307,0.3221443055002304,17.089184666721025,0.4324602246213657,0.20667244887248706,1.06884418236759,8.153337247726935,3,10.308543731195094,0.2717235582732054,2.881035339063105,0.9215361782629001,0.5361334899090774,0.41499216188792515,0,MEDIUM
69.18454594964189,0.20881369446505121,2.420404037110305,0.9385733311707698,0.6451045820117924,4.326565634948056,60.873808738593254,0.07750690983195943,3.0238196952949643,1.0201851604628274,5.78802536074918,3,61.037105807708414,0.05,-3.7730923896322492,0.6367499742148369,0.4415210144299672,0.39479396687088303,0,MEDIUM
38.889371920285626,0.6378403941767354,1.3097458468396368,0.3951098843312562,0.82843511496051,2.616263821488798,42.57956644098261,0.13090635758255798,0.2684650948638589,0.9111392565862244,3.864400873519946,3,37.78356827387474,0.15114785052064253,-3.1777750552818382,0.5762675246476027,0.3645760349407978,0.21988842354411064,0,LOW
71.60517557994473,0.27152752029457283,8.841109579527206,0.687817324469276,0.677961214570905,5.267844216420727,50.79056269587786,0.2421193387951727,0.0411861257191774,1.2718409398327384,8.597394229048152,3,60.88701395623434,0.08474099024163832,1.7242061971048497,0.618821938290929,0.5538957691619262,0.4504526465834249,0,MEDIUM
15.555288967910101,0.6918225056907077,6.79688211033105,0.14047106722832295,0.9113338797870542,3.8668547077424504,13.255068477015111,0.27886773761540273,0.547623738050587,1.152852205861556,20.11207641681201,11,11.576481659041274,0.19203526399981616,5.112060292275505,0.4789104331647726,1.0,0.35408955452711927,0,MEDIUM
36.79967871560188,0.563172411981621,3.6188509754028635,0.4246429075210144,0.9324046070281803,2.9892471866918155,28.416344677325124,0.27314500647713624,0.09353159498732304,1.1441727639697534,7.444419321225824,4,32.520288804386794,0.0867025802136501,-0.846169474998504,0.3829792954485401,0.5777767728490331,0.36400522831581555,0,MEDIUM
55.85675985190366,0.40834395880723184,3.3965660753430074,0.781521791011322,0.8882037207281632,2.0987647373743767,51.513551064627215,0.17451154404814198,0.9148315106155863,1.0740477253991656,13.799699709117485,10,58.42345911480455,0.2845867732513011,-2.626099927648259,0.3718663983113711,1.0,0.3080660835443661,0,MEDIUM
77.2114690113119,0.37890032247409616,5.3126020361736055,0.9631996676884491,0.695482909244011,3.939132301803653,61.559317350966886,0.2093489640522095,1.8465306639679993,0.9621222355160136,6.414201687380579,1,66.27205508798085,0.32612509023178693,-1.5913798295584864,0.6462257973710316,0.3265680674952232,0.5726550290681172,1,HIGH
37.09396274922594,0.6735846224704413,3.6040467395299802,0.3910435522751227,0.8394334093705774,2.469271847430373,36.90816571579808,0.21072213192416026,2.0341296858255045,0.8569663471728666,7.709291230029831,4,27.518059364994897,0.4248606685365117,1.5630827909147258,0.5776421971793545,0.5883716492011932,0.45186403372587247,0,MEDIUM
63.20076699714577,0.2611538045005509,1.7305638034199802,0.8458975779507343,0.8089273980827686,4.89279770147891,66.53437645333426,0.048816262747334,0.7472323493670974,1.1039810031087058,6.052443609041318,4,44.848970437661485,0.2780354590236842,-3.3775626210131144,0.4171858051261226,0.5220977443616528,0.3482007224839804,0,MEDIUM
85.30810860007591,0.18580181715265182,2.609176700386491,1.1012092172106747,0.9383908204622691,2.508320193277288,66.91173415502894,0.4243794342042896,0.6130301203426912,1.0846325315209189,9.412708718122797,8,89.50543916603567,0.39670230111675386,-4.402398423516251,0.1853146778829223,0.936508348724912,0.29360957006438093,0,LOW
62.34837099549589,0.2527319709299718,3.543674284371981,0.5659408914269493,0.7948932121554828,2.18468984822281,47.651054799468405,0.2267872224124733,4.091653891744324,1.1134382273237637,13.618526171246748,11,61.26911203588332,0.11448236026211212,-4.929799317684182,0.4340261672317617,1.0,0.4126577967455549,0,MEDIUM
29.80155535405887,0.7885997307703773,4.871288647763531,0.3899325623234618,0.6633522373252032,3.1604580737849393,31.295890997865385,0.11532146771346335,0.6929073327272902,0.6871132030338201,7.566965209717593,4,21.629029793794754,0.36304354808495193,0.6404176783748154,0.8992715093973838,0.5826786083887038,0.4495120806241261,0,MEDIUM
12.074066432305731,0.8415693635315125,4.496398322177895,0.12680949804866667,0.541160041870472,5.296344991686665,10.196654943775984,0.0498286747965581,2.0988752306493823,1.0678556285941987,7.982680518679273,5,8.670396055349265,0.5250128746682682,1.7599824640511508,1.0,0.669307220747171,0.5189817346764384,0,MEDIUM
83.95840428157904,0.15292506208507597,6.84516289355781,0.8184573647828842,0.8801677721856341,2.3710766736055504,73.36566240432468,0.2989044029007282,1.9872381003071398,0.938266630531731,11.764518922216713,4,80.73873273260304,0.2523799811910894,-3.2488350257516427,0.2562108727640868,0.7505807568886685,0.4065708361710852,0,MEDIUM
11.807899922282907,0.9879847325805462,32.57214404530271,0.11963355882525431,0.7746573079907656,3.015410447404429,9.309204253890002,0.4923533239091019,0.2734445989884374,0.8242805587459481,47.51070179900398,5,12.357302692801808,0.1880790186473073,30.770686332328772,0.8320064043041246,1.0,0.8509936384591857,1,CRITICAL
84.34964217815696,0.053530492731690416,1.1372795281691963,0.9567694737581813,0.844786279994972,5.327525453371782,73.39481229797559,0.23353344248141739,0.011077197916442521,1.1456853888439977,3.97732896036236,3,68.28284417700249,0.19261058898773709,-9.119282018856506,0.2595858263733872,0.3690931584144944,0.35791966825169574,0,MEDIUM
54.95965639231302,0.3386339812678305,0.4315244943285618,0.6113898839496781,0.7266509019075708,2.007004800889686,43.55662849057256,0.19124844135475005,0.46266768854379736,1.0354540780597765,3.0569386056879733,3,38.59649083062963,0.057081592214560835,-5.56149018687054,0.5793406377725592,0.332277544227519,0.233595784367079,0,LOW
89.82075437359617,0.05510451015635782,2.182305931170283,0.9381271651560855,0.43447700598580336,5.05990286436964,86.80017009185345,0.12018772613625198,1.580758197811702,1.4708246772787554,10.12540362325432,8,63.202788542288474,0.3087272458583856,-7.755176661671448,0.8758367460994738,0.9650161449301728,0.17961761655272923,0,LOW
77.89657504076156,0.30410455767392974,0.37403324260611404,0.7681452626628249,0.8044329277947371,4.0579482867582835,70.0719080888615,0.0837217331776022,1.4469660664667379,1.0968964322198704,1.1322060668461096,1,74.6878790178607,0.05,-5.4601167048921955,0.44540288714485926,0.11528824267384438,0.22090260398815664,0,LOW
94.82439939533369,0.05,0.5504043855068719,1.214809978700251,0.9159791380481144,3.0577527168848952,96.26802296699425,0.15236743515390166,0.7404048251601798,0.9405558744167782,3.1393894025787645,3,82.71130484990438,0.5509316874456897,-9.16693824005027,0.15103129292782844,0.3355755761031506,0.21079935194915303,0,LOW
39.81050431339536,0.3753225090172008,3.308212589144671,0.5553783879011276,0.7465407366443758,1.4735043808093473,32.847298624823566,0.08711814885271252,0.13630655639135816,0.9783428995112203,5.344078502335581,2,35.23978327775231,0.07882537413417577,1.90048464666034,0.5678501495420367,0.35376314009342325,0.4821773949652275,0,MEDIUM
75.21100455914579,0.2117972457358222,5.444083159257456,0.9693914715373648,0.844451829004404,1.2273281115326808,67.85822679651048,0.1757363845774038,0.09106163925685301,0.7656197460734372,11.8493679877556,10,51.70354012480027,0.15303754388829377,0.23298868667217576,0.3392208793613052,1.0,0.5517771097123843,1,HIGH
44.16412765678558,0.6024979874250178,3.9847540035344085,0.46282613900411007,0.73919326132561,3.2853190119131748,35.49953782610005,0.42479482771605154,2.4752404931816425,1.2461696357039418,13.359634360522715,11,29.091488016556287,0.05,-0.7428115848118311,0.6924591017240939,1.0,0.5575150703170986,1,HIGH
50.789427725832255,0.5881266627207837,0.30270293410562193,0.5192733847938783,0.8965567812214946,5.371389401673495,54.53715786485686,0.09345962959883582,0.4377119041605858,1.062997057141191,5.268835350298152,6,30.71685563729977,0.3575614551822111,-4.932366682459282,0.44922815952814993,0.6307534140119262,0.3553145382119043,0,MEDIUM
63.337964373561455,0.32956744729755355,3.1860188603717945,0.6389742468800752,0.8433823887441332,0.4161831913147997,57.55991215423058,0.12077630999395984,0.8356653135532174,1.066425936058629,8.614110052121003,8,64.08795026164319,0.2576240867899343,-1.9857689010187587,0.39971014053257703,0.9045644020848402,0.2554692470981951,0,LOW
84.2625547058388,0.12446032437233182,2.5015063148504364,0.8159543733133049,0.8803441035177834,3.3342889517232708,64.83034552824797,0.18610938409540212,1.8904153134971258,0.7871563071620651,8.120653952383394,6,64.01808728512853,0.2557029818198444,-8.118374233618315,0.24171400690949085,0.7448261580953358,0.3956693180207746,0,MEDIUM
93.64709488194009,0.15584110992105882,2.136433922088069,1.1009763754291966,0.7882915911686356,3.331852745712375,75.77045104478867,0.0917301230028966,1.6315195562746139,1.1558002365517255,5.533168950813538,4,88.13027094271281,0.5398771441961377,-6.0035339231591145,0.39548316820757606,0.5013267580325416,0.263255095119193,0,LOW
75.30324017848405,0.09738826223952593,7.062995279449105,0.9056722096730876,0.7002524724826287,5.811375181144745,55.2093827312197,0.27780183063213526,0.6694351824986193,0.8129204063133074,12.181393228906323,3,75.15309426594867,0.39287824806150434,1.813952900761418,0.49831542239581994,0.6972557291562529,0.4688900236280308,0,MEDIUM
45.51017648422337,0.5138165731431255,8.997977725519233,0.570129341342353,0.779985698008441,4.258254645221722,32.363487886451246,0.18480118548775593,0.535396381516119,0.8892180977652986,17.467586187955064,4,39.56447193893771,0.34586264231678654,3.2238737779343927,0.5869297395589013,0.9787034475182026,0.49192896644084966,0,MEDIUM
45.81534519355097,0.5570804592584949,5.0449984724046315,0.5681591587149333,0.8442736960397486,3.0216213175236146,41.708857637985865,0.49639937636688447,1.0632032755216245,1.0250875800526538,12.706121296579502,8,36.23607501394676,0.18697150643240681,0.6223929791184477,0.5121296855696247,1.0,0.5912833850844665,1,HIGH
72.69449563505577,0.30899254135224496,12.44687559911401,0.7605055738208583,0.7640811935394167,4.258673227478464,60.688939272544985,0.6180014179731899,0.34419038081186254,0.88381090640759,19.208062991489506,9,44.88162312745414,0.3204566087624732,4.327671665088724,0.5083744803669974,1.0,0.6303539821974012,1,HIGH
30.296057390305698,0.6562548906416724,3.601998164391615,0.3227001223935134,0.6414245058061445,3.915990133355619,32.88665453794177,0.2508461162160688,0.7854971810177908,0.8415339378948842,8.95086595782793,8,22.773779069560288,0.35771413968106075,2.077184232781244,0.8659906866116194,0.9180346383131173,0.2637835785573415,0,LOW
19.390299616168548,0.8088522847747818,5.482963549629735,0.24058655172052118,0.8188050769528995,3.3849432081717876,14.902076574960267,0.25870647856247664,0.01873972898434793,0.9899729403135861,12.389301494851399,9,14.440583724757047,0.622238309320592,6.0749562541117434,0.6762185269580416,1.0,0.4446859620111964,0,MEDIUM
40.142883399466,0.39950497773230087,4.953795725801066,0.43142513008617234,0.6469944182044672,4.72830667435401,40.84799559889818,0.3503901541896523,1.3912390208825232,1.2020013607468127,11.539973897939056,8,34.316382331805514,0.14126333110217631,-1.0513014811992536,0.7292608615594496,1.0,0.48176789746406873,0,MEDIUM
34.415314290596946,0.6031869841073227,1.349731939379532,0.34632529809646173,0.6488170013534263,2.71659548027568,28.440422599386633,0.4104656359380465,4.984701869987657,1.1790152526645725,5.848496793936409,5,32.482213024318526,0.7398973272781324,-1.9581019062152942,0.8283679900235219,0.5839398717574564,0.4678078382467308,0,MEDIUM
35.18619023875915,0.6844187946167659,5.273988916730238,0.3825330277349267,0.8983604898630523,3.8420487261132497,27.776504763666026,0.0845855358597053,2.4756732607558467,1.1414831096555111,9.622189889567519,5,32.371135786383995,0.6349805947693723,2.300051388382042,0.49466866251380454,0.7348875955827008,0.3012445813439674,0,MEDIUM
29.856658839242346,0.6228498888672022,1.136256880824093,0.3093275488950228,0.9420455256263195,8.76186903758548,32.47970746862573,0.17175916181347853,0.3568982435731496,1.0972479667115609,2.0308415432288554,1,29.601799899388016,0.442880021498639,-0.7941137821539193,0.39835665599412184,0.15123366172915423,0.47799040561316325,0,MEDIUM
13.57792111909076,0.8689395265362602,3.604024940237944,0.12819680588440735,0.6145780552034534,2.3558022036677615,13.8634734832828,0.2864993955817377,0.6058947896343633,0.9048871881517272,9.818741151220369,8,8.432985953623923,0.4749391766659874,1.2645611361608045,1.0,0.9527496460488147,0.6036176080675818,1,HIGH
11.519284452340173,0.9205569555408141,7.04059102324154,0.15148659082245253,0.8735516520926118,3.9396447751867534,10.969219688696965,0.1284420427382017,0.21557721063416949,1.2241745165585245,16.090247283244068,11,10.047713586601935,0.3595842769443643,5.105720790357793,0.6499509996314894,1.0,0.5471077591304474,0,MEDIUM
93.95640312756268,0.05,0.7253273325090742,1.2463840161098316,0.686680468338562,1.7078198428398284,91.96907627013367,0.2159984258709528,0.28876143886162786,0.6528194926092993,2.2667449477378647,2,64.36514154719535,0.2794801862722239,-6.387545124275363,0.494979297492157,0.23066979790951458,0.3633094282782979,0,MEDIUM
46.3607163675483,0.5500299380042426,6.066406728733264,0.4681853539965362,0.7686439020347728,0.9798938480214358,50.83696360431978,0.25897978434165975,0.4890268401667851,1.0867578543275496,13.784073741353124,6,48.10584430181058,0.2599574710492044,-0.9006190684782416,0.622049115949962,0.9713629496541251,0.48647223078200114,0,MEDIUM
42.66776500857294,0.49630374469150157,2.427018431078964,0.3978283100193051,0.44160733318893214,3.928072832376198,39.991769234434955,0.3622866664177403,1.0997485050666933,1.1682589968231307,9.119009990402173,6,33.455805393795174,0.27412613509692013,-1.6491390436754545,1.0,0.784760399616087,0.5201658505638544,0,MEDIUM
67.77001902891094,0.30577090733520695,2.7519817100289155,0.8602819187020532,0.9198957351899333,2.26438237771857,50.20133151633457,0.19338732235256265,0.01443537029521682,0.9819416862197642,12.077268766666752,10,59.68742209671213,0.2575776698416747,-4.8140093281340794,0.27304185088270355,1.0,0.3294001741055199,0,MEDIUM
28.551580468530453,0.7633014888818332,8.101994127081996,0.28716160713045874,0.9562656158117884,3.5870241801287337,20.72691850244987,0.19342508350137383,0.4004021122153593,0.8555416470494666,8.777045887987722,4,21.648153861336095,0.23755120756317738,4.7319185377757496,0.44725232072323406,0.6310818355195089,0.5734871853023946,1,HIGH
90.74670063576916,0.10509083051978312,2.4272449985091358,0.9952351686189927,0.941958281841634,1.9693019140900594,87.71963671591698,0.18602948839815125,0.6504404229749179,0.9925881954560575,10.49923346128621,9,63.43914337497009,0.2181648960404783,-4.052892070212248,0.13960799249744058,1.0,0.4546897351271538,0,MEDIUM
76.83932622532193,0.1846842361816659,4.102666197839055,0.7161944838739553,0.8914609357730823,3.46682617935424,73.99937988740909,0.08209395179372783,0.1938438105195429,0.8484809938570418,8.322087317239792,3,69.88875251844391,0.18215687657015794,-3.531872945367836,0.2551507144312095,0.5428834926895917,0.22544445095935323,0,LOW
17.59993519654206,0.8419379603778429,8.482503228139999,0.17831106691236323,0.6527318426071906,7.015962740374429,17.587078746445616,0.09722273511720572,0.06538350846883227,1.1028521315366289,19.411256923920604,8,17.99886664638011,0.05,8.943426541663257,0.9418712162781355,1.0,0.4435653054853349,0,MEDIUM
45.49436594171891,0.6022251238337403,4.433001785871539,0.5898122255072257,0.7316096372118424,5.238984811865343,33.82558390315446,0.1174112453386231,0.6204822604397787,1.1891467315985949,8.316988796155712,2,28.514319677473395,0.19146469393730928,1.9951347558643748,0.7036981060991065,0.4726795518462285,0.4701065240753476,0,MEDIUM
84.725056142784,0.05,3.7740941138661492,1.1032881759147881,0.6614653698492597,4.267161412494645,91.3302986111793,0.322575082172546,0.8124690401082018,1.089337956393731,8.566903052079152,5,82.29837841243129,0.0901698382348322,-3.0336104287525507,0.5328019452261105,0.6926761220831661,0.43838542558311905,0,MEDIUM
90.30222189476987,0.18970370624877309,1.4624268335354502,0.9062210960931768,0.8568954752225377,4.395434602640048,83.1198870831903,0.037191745199090076,0.8195514163143095,1.077427110064529,6.1379847474548574,6,68.06229763408558,0.42525569559370036,-9.726314335580902,0.30950864029057995,0.6655193898981944,0.4115772234536144,0,MEDIUM
49.729128456238925,0.47580833634312497,6.557804076595874,0.5310856698738489,0.8096883797822506,0.3309885680413153,47.731121897096536,0.07476940579775837,0.35277151601702283,1.1520635113617976,6.483659429100486,2,32.543514911741525,0.1718099872518284,1.568264468021094,0.5233715984981866,0.39934637716401944,0.43577880159146043,0,MEDIUM
62.13996808291015,0.412639513830117,3.3141392104575313,0.6009675681361191,0.7863255063001502,3.8919366779596185,44.36426805432925,0.1888561344325665,0.21677722855770942,1.175177861317784,7.62178106970938,7,57.22925466171319,0.19140142464404186,-1.1426581383700452,0.5268314974648332,0.7948712427883753,0.445329196145972,0,MEDIUM
24.19788541782639,0.8538008997133543,13.897562818154503,0.2267550728043043,0.7918003955997147,7.1682313508206414,26.239937365411908,0.44614112080149193,0.19916553336204745,0.8443452580958999,17.163842185863984,11,15.416745557963667,0.17976751941445537,13.320157382251349,0.7391998564571051,1.0,0.6744686443443193,1,HIGH
94.249333221643,0.05,2.685593798324824,1.3158016116354718,0.6587595928070253,2.0132914027026727,87.18409590316953,0.06690632550489461,0.0330943315203422,0.6924013446745068,13.428481583962057,11,87.41450939785416,0.29671736037818125,-6.512278429758729,0.536860610789462,1.0,0.3352908320084217,0,MEDIUM
29.692094617592687,0.6463237736298695,3.507754748308277,0.36455863971375024,0.7176511550161154,3.2764474959079237,27.47543857435411,0.04158499960973465,0.16334297280103277,1.055577331450801,8.663717197389037,5,23.638139817219137,0.3033637554435311,0.9218851145821516,0.7466851542907615,0.6965486878955616,0.5055852067223664,0,MEDIUM
90.13220080148568,0.07559409631508676,3.794416246033558,1.0554915643176077,0.6350134838408699,4.993284763603141,97.11042745295434,0.22848462705421002,1.3656676149258045,1.1848771395521536,12.89113676647273,10,60.76100897008366,0.09886747323729697,-6.6528072733296035,0.5852768223962386,1.0,0.4942630724254825,0,MEDIUM
65.21996516435132,0.2851000666665325,9.407390301118038,0.8366086141281459,0.7492303521359098,1.9997967755861774,69.89885011369492,0.13261191992502697,0.0024447442907946032,0.6838203103311113,13.096470924362752,4,43.74541121042756,0.11976966821005841,-0.9099484459279825,0.5187045051294015,0.8038588369745101,0.5675448149571962,1,HIGH
61.65762756470303,0.5222186504199143,2.723406782981382,0.8139044712705236,0.7122212575461565,0.2471316347842646,48.593574706210525,0.10738158767483737,0.03590467855805483,1.0137664152699388,7.4436988807091184,4,57.754149083364645,0.5071421236729837,-4.615453679781567,0.6927774388907224,0.5777479552283648,0.2676709728368395,0,LOW
53.57852343640323,0.3956729981298242,2.5836788743841863,0.6983196414585143,0.6498802098066883,2.448894463163202,57.459726425919975,0.1163781034714342,0.10867313520088302,1.2256671359455902,3.8328558613162302,2,52.11711582727663,0.5891064663153517,-0.15775712399804087,0.7230161843548797,0.29331423445264926,0.4617078311186012,0,MEDIUM
29.606933996009488,0.6594869176809558,0.1891358945203607,0.268910817881364,0.8758182705712431,3.5604801753523767,29.448492955098995,0.4381019329671028,0.43611364736868774,0.976708380766005,7.480998619235489,9,26.89882746151425,0.05,-4.5904235546890195,0.5160160529836133,0.9292399447694197,0.5378358273820609,0,MEDIUM
25.004882720468203,0.7663022953235561,6.41161444520936,0.2483994924117667,0.9226861126969693,1.3429712339517546,17.692462092429196,0.07636836384113287,0.3248576350427905,1.3042268589479369,7.43830540858558,1,23.1140220717833,0.09048794577767183,4.338309900333396,0.49912197861632407,0.3675322163434232,0.28493441659166796,0,LOW
28.741327770964904,0.6164147602042639,4.302925949197904,0.35278618967424097,0.9220994528424068,1.859396280868764,22.876293660278982,0.3857228027857301,0.15665217423636357,1.2667677848290664,7.036271322155024,1,28.214365862119703,0.14078302004969043,2.560619500728815,0.42505820083852175,0.351450852886201,0.43169684519221335,0,MEDIUM
25.847252282261636,0.7098730202368826,8.297841437876626,0.2811870038408903,0.8096069050382185,2.156381920391493,22.36283740060938,0.20056445517878804,0.09408096844626582,0.9634574906485444,15.212573354463995,4,20.49296971141516,0.535520645626331,4.75239100869226,0.6405261525611134,0.8885029341785599,0.5708936403179212,1,HIGH
76.26468025317403,0.2627494583682737,4.8307599793918765,1.0610257484658967,0.6753657758338202,5.626021143854874,71.16478346262828,0.15970081419525486,2.235704365860018,0.926452059283549,7.1262555063386746,3,51.51354151979176,0.2411929700919097,-3.4207177070181465,0.6183260654334066,0.495050220253547,0.5477655660876174,0,MEDIUM
39.76064702917206,0.5757646973576785,1.3459885635362936,0.4901304487205938,0.8060821634186162,2.3675084558790638,38.9865824664305,0.2876838178192979,1.9375474752574886,0.9301328006673505,9.516592043248362,9,30.606613959078093,0.2081088863622216,-3.1725282904613747,0.578759103550915,1.0,0.4158892193194472,0,MEDIUM
14.916627507888691,0.8433627762091173,11.75737899415856,0.20559206639395314,0.6204768647124433,5.476647777594596,11.695891313498725,0.2488333405827985,1.1823720390538313,1.0269709858051816,19.816956050835785,7,15.523416264243664,0.29697306436868737,10.227712747457186,0.9909660910358937,1.0,0.6260715059542569,1,HIGH
92.37372356196896,0.05,1.2955890915470436,0.9244053200981197,0.9246458624773344,2.042892946121131,95.57726329724828,0.18592024787924552,0.23230534353014978,0.7652993074834807,9.978056482319506,11,74.06710085460927,0.25342953789831085,-7.127490645804787,0.13803120628399843,1.0,0.34538174706711383,0,MEDIUM
85.12180022189118,0.05,1.9564642282535993,1.1338040897345496,0.7519563002024664,3.3067565479500223,88.38078449319768,0.18255557313869172,0.31289248358378247,0.7283257870858503,4.355781346690813,2,86.46251469091254,0.35088486444034733,-5.6912344744746655,0.3970655496963004,0.3142312538676325,0.2903451454187183,0,LOW
88.8589440715931,0.13713801619120805,3.440293603440752,0.942505629492901,0.9038128114039535,0.23872586255461706,84.7713906765965,0.3387115915599367,0.8769201814575637,0.5457010469673751,8.364009512500942,4,81.4152646959067,0.5207135141416879,-6.964362563347972,0.21284979098967372,0.6145603805000377,0.4021819250051546,0,MEDIUM
94.567164924947,0.19472299648230942,0.883493126785817,1.319006176447264,0.8838522899143815,5.140308503458836,100.0,0.365021589265775,0.2759087890306515,0.9957694053574894,5.538003546391273,5,88.1351837291156,0.10857533233709499,-6.518944985686361,0.2715830633695825,0.571520141855651,0.42278937396873895,0,MEDIUM
24.78109618365642,0.7536611686261108,3.4366913701952333,0.24256835640149638,0.7824395975273548,2.27700096787102,25.405405615184147,0.21348441870845142,0.6050788780571899,1.4077769870310457,10.36419824167246,10,16.989810133426953,0.08044376205904352,0.8475407519401723,0.7031711880220232,1.0,0.46015689488226064,0,MEDIUM
43.68057160672599,0.581215413312544,1.6357821141743447,0.5058952366113912,0.7753286016827324,1.1717722241296509,34.448659372514655,0.13061212934793368,0.8427975963281238,0.6018964102113689,5.2413432968963924,4,33.45620963136182,0.4581932419750545,-6.248204790476453,0.6276148041321734,0.4896537318758557,0.3851469380954109,0,MEDIUM
74.45027043484777,0.3109151160608711,6.7174111220429005,0.9651898836984524,0.9229108467793903,2.9598541049886817,75.89987277913869,0.3270589756517582,0.5858369544245853,0.9631674245051446,11.18330829411645,4,69.20700270091928,0.3295340399416451,-2.475061673354929,0.2710912878613501,0.7273323317646581,0.5092332599058196,0,MEDIUM
69.16175253457234,0.20683603493054065,2.6670246660252728,0.7720673337085503,0.6561191345093379,2.913253147451658,74.78327728866552,0.10790728400510143,0.42657255513838194,0.9571585198351324,5.793138605793285,4,61.90004958863059,0.08358117503341479,-4.765641748058081,0.6192393157012634,0.5117255442317314,0.36820701841562853,0,MEDIUM
23.08115203888768,0.9053896522614917,1.785560023922534,0.26174996515084376,0.7140959336658617,2.8823049957296787,17.427252557286796,0.26261905049673334,0.3420385394983088,0.96958674989515,9.116507373359061,8,22.808175822539614,0.38592178584842196,-1.5979723361212455,0.8815509256319534,0.9246602949343625,0.4690309123939133,0,MEDIUM
79.34581562420252,0.22272814747179895,1.0242274715896185,1.1054283660681332,0.6399899612348541,1.0269145444793968,86.60430370431216,0.27741268851316747,1.2031616229011275,1.2513602498793386,6.453304534866685,7,55.10535919597668,0.40020818931488245,-8.6201830787476,0.6513791318836184,0.7481321813946675,0.5354568811045614,0,MEDIUM
29.077448606116157,0.8397740658659671,9.870176045015322,0.323531416865766,0.9148197728733686,5.686235450346267,20.64490472972347,0.22909625765334546,1.0745848168051693,0.822319424851338,13.004133341816175,4,27.237981558033468,0.47627824224405835,6.773078019311432,0.5476573736229307,0.8001653336726471,0.6015318402503756,1,HIGH
29.024497259922963,0.6511123877588512,2.658468481241001,0.3488849204824738,0.7891832423425175,5.44822043287168,26.379404788009225,0.2990734142006969,0.9531824560983188,0.6107493613998729,12.839230189733295,11,17.92986396995635,0.10558249929846804,1.733190868515089,0.6417813303656494,1.0,0.5381802739664809,0,MEDIUM
55.64282594594015,0.5890166943452244,2.8803107703630264,0.5159591377439516,0.9390202750973766,1.2618525946651045,56.17461865533294,0.20789560447528133,0.37558971500696703,0.8931433897008241,4.177809293590085,1,40.89248051413314,0.3049493227114789,-1.816290770759224,0.3859779345265473,0.2371123717436034,0.3592217251403825,0,MEDIUM
60.39989446154477,0.458013494907335,4.1833263703842585,0.7979460499496471,0.9505440998168172,2.8861847254172313,61.376877311952335,0.14721594297370405,1.1959473140628487,0.8664331327903305,7.993192749948541,6,53.3767246020701,0.05,-3.257149709010111,0.3031905977284417,0.7397277099979417,0.38366573469289855,0,MEDIUM
59.30732766621395,0.4511699302060492,3.192783261501394,0.7259715233139276,0.6678943678404091,3.0815747870592323,58.94371608064454,0.16805660329521135,2.5304432471948153,0.5538173983918461,9.341898685670092,5,61.74012032892129,0.22293285792839765,-0.0808923742858263,0.7237434133424109,0.7236759474268037,0.43288151189889,0,MEDIUM
17.776381178809164,0.8409581445601602,0.901024640272483,0.19589750737123776,0.6242202962449817,3.1279952463786365,16.207447537000856,0.1944038062735462,0.9343172112322791,1.049097345900704,10.130785779232587,11,18.580194494495768,0.38611264501778714,0.38931778397610384,0.9841486279126076,1.0,0.5291371377185373,0,MEDIUM
84.58417332358233,0.13427597731822072,4.497127594712361,0.7680959957626194,0.9037255079084802,1.0622976583978978,81.23343294469588,0.16841768348742162,0.41926277965941616,0.76279747455854,9.735144299799341,5,67.46575485864288,0.05971540482811374,-5.5235298028334645,0.21154972679639011,0.7394057719919737,0.36655179276152217,0,MEDIUM
32.57600362004001,0.7702824964775098,4.455763553353422,0.38955506078795404,0.8133643145337132,2.66666214934219,31.923599899475352,0.22164551592818177,1.2735977630221937,0.9833800970220394,14.731470972330461,11,30.755146512313996,0.3972317270095842,-0.2461838677025847,0.6650947764381852,1.0,0.5885049677663706,1,HIGH
21.008768309038356,0.8011411064974603,7.450114930357792,0.19040854171094174,0.35,5.420190754882393,18.862001808823372,0.1496597855968958,0.7518564724867662,0.9274319882363663,14.86647325014457,6,18.28233264267134,0.3079945112518401,5.188039722189271,1.0,1.0,0.5846142939695275,1,HIGH
85.54358678886307,0.05,4.656888965793383,0.7704070883541995,0.7470319341705243,1.5545641606505574,80.26332249990479,0.2511750879685004,1.6808724483786976,0.7851968057220637,11.984322431524154,8,78.62253111599627,0.1452120859547278,-3.1781394417048245,0.4044520987442136,1.0,0.5690039700664092,1,HIGH
91.23037734952904,0.05,0.2774520142854159,1.1021079176927007,0.7330634355254967,0.13650541846758468,94.74705490207865,0.5582040729626023,0.9991274114525552,1.1781254352380368,5.214427091428431,6,84.7873658737752,0.18069239800195858,-7.2071844960594476,0.425404846711755,0.6285770836571373,0.3373892558144511,0,MEDIUM
83.2808474675633,0.1523238651489472,4.868751211018537,0.8282351349753455,0.8620681175645573,2.056144273492378,68.71932524163277,0.14552009074854036,1.1754627504542465,0.9437080192516986,11.900536586250627,6,70.4800217335114,0.21828222285072232,-5.687772404682913,0.2830597562276377,0.8960214634500252,0.3992366600867239,0,MEDIUM
78.80886635161464,0.23671125513709804,14.108948046973392,0.7848919984658926,0.5684528059638078,4.086526190506527,71.65952544468631,0.40475122533144664,0.8807394790634409,1.0108543134057755,14.112607269926116,7,76.15080119610312,0.6606017163714364,6.18320322397174,0.7656764186228374,1.0,0.5401428419877646,0,MEDIUM
65.69556835431685,0.33851723734483985,5.120000245310025,0.8058453492243347,0.9724951690152557,1.2094436284500851,46.209729884924506,0.1355061121108675,0.07722674576021561,1.1172812513005557,12.551224406160337,11,56.69672294233112,0.30308555200788423,-1.0972939857056492,0.2105158651495364,1.0,0.43233487974889895,0,MEDIUM
56.82287650177684,0.5292888981657247,10.221197885542274,0.5266620319098504,0.8595104837707452,1.3243140600487615,55.400859010180916,0.19112338253877964,0.531052812610182,1.0577003291432285,12.843170183574596,8,36.66649713050496,0.1444067994703513,4.950078813853274,0.4753787234267445,1.0,0.6341369489573977,1,HIGH
17.393874592469864,0.6699731049522114,11.944235689118193,0.18380155649658395,0.9841110656922658,9.35607510321288,13.53511632220971,0.2336437408701258,0.04651854621206176,1.0290000225166356,12.787473852069176,4,18.179064898439286,0.05153112077500046,9.438884477524944,0.358819953937707,0.791498954082767,0.6017107518420818,1,HIGH
44.71852311100939,0.5643018038103189,7.756002718400784,0.43587857784638434,0.844755085710598,1.5393276758668053,39.90683244995604,0.23311272941500494,0.4747126514363316,0.8351616072622452,10.92634038132351,7,32.945639807980754,0.153761815045511,3.741299895181854,0.5150182733392625,0.9270536152529405,0.5413511765951443,0,MEDIUM
41.67852394604669,0.43777642250856075,9.890515555530733,0.49601118912189657,0.35,1.6965700930026912,32.6793840183643,0.11912624402707972,1.0082285225078012,0.7775509468691307,14.634364109767738,8,43.090779476863105,0.4424444362464269,6.729921800010641,1.0,1.0,0.5478624242258108,0,MEDIUM
32.079071619627726,0.7399862674424562,12.095973026257068,0.39485570354602034,0.7407099342569025,4.468358364455916,22.757326019915137,0.33375730091699163,0.43751530235413344,1.0315695023178355,19.87417465843347,6,23.471571366650096,0.4061746893797235,6.416214540861954,0.7589282323358744,1.0,0.409286706130623,0,MEDIUM
71.49070966352971,0.2775362062093426,8.049493215801462,0.9011889566598219,0.7676632458233119,3.0117437815656336,63.861808830428224,0.12974438372780792,0.0013052657928748664,0.8076168978805592,18.49855970484899,9,70.34102619710337,0.40416601045166817,0.8738361682446745,0.48727323436970343,1.0,0.666632515728104,1,HIGH
52.14943748169552,0.5120744229449742,1.4511332774972028,0.5358957592856187,0.49754222080114363,4.841500444505541,45.366539680414185,0.255632495936192,0.3687210640870213,1.1588882217985457,7.27026502706655,6,47.47234623884794,0.28263318578412533,-6.942397542458739,1.0,0.710810601082662,0.4936758012194118,0,MEDIUM
16.888928352150074,0.7620000796313179,12.809440997977694,0.15953701847353793,0.5186001935351309,2.666375673954078,14.694377715650942,0.13472075495756075,0.05613111680089718,0.9740920517695748,22.24961347870751,4,12.845576108351501,0.05,8.912841398599836,1.0,1.0,0.8142293623052009,1,CRITICAL
28.715572165733963,0.8152014728752803,4.556924215024308,0.2697373806375003,0.8145332398749164,4.581916972045752,22.49929585764868,0.10909379339907314,1.2134738163760126,1.1297224049967753,7.706392617769934,6,29.35023860599829,0.3739171737236648,-0.44928096265298745,0.6858008766252655,0.7282557047107974,0.44559498874720693,0,MEDIUM
68.07699491106565,0.40256802401405156,8.634922445374293,0.7577485381757043,0.4818548665228103,3.5936253997065952,73.44703325215589,0.11394772837178783,1.2250619120299229,0.8028455727456107,11.637677878401774,2,58.71068252419155,0.05,0.2982022409977936,0.9785017122228103,0.605507115136071,0.4610634652732944,0,MEDIUM
16.471123056675516,0.8819723136741958,8.871144886329885,0.22613570578078218,0.8938093082871115,3.513103864174746,11.552892831293816,0.1761817316487566,1.3134804145301613,0.7717603738011651,21.315090333425836,11,16.03287921894513,0.4818541163353036,7.873844977355827,0.6002721944064306,1.0,0.6058873929775831,1,HIGH
82.35258769414534,0.16611274330947134,0.9596981608023079,0.8308260361792563,0.8185449028778653,3.4800892351276786,87.01524132759059,0.08225004859932403,0.024637260060112666,1.3357746245002875,7.338733202043486,8,78.94510183605333,0.261970363268536,-8.040982212211295,0.3552390173379377,0.8535493280817394,0.35308448448002033,0,MEDIUM
52.08745479618782,0.5255140348617324,11.434407530046471,0.5356521759365844,0.827737841596508,6.652017641424699,51.81455660163214,0.23995854486382442,0.026241153657175338,0.9701062611195773,20.722374142997268,11,32.3396872229066,0.16137157792405718,7.538432624094964,0.5211502550361042,1.0,0.5901689581937676,1,HIGH
50.84985907276508,0.4349500038333613,2.3477282483104465,0.4832996385004008,0.7588902527524763,3.1533292343768746,39.094836813147936,0.21284683463006282,1.8701501020151712,1.182643251742723,8.470349667880377,6,36.662114013019334,0.23145937200054115,-2.5311574109150663,0.5791396227879662,0.7588139867152152,0.3667198280523806,0,MEDIUM
60.354661696059,0.464897835761067,3.1764245896739522,0.7259369003348207,0.8481270599899489,3.971363883365286,53.64785822281776,0.11894517220316175,0.10562270870721313,0.7176159182851516,5.285138183228707,4,49.03798468555429,0.14089019884815976,-2.545647748755044,0.4602583278956102,0.49140552732914833,0.33618278936647517,0,MEDIUM
80.09788210363767,0.3309796505095369,9.216937787379678,0.9931628254471497,0.6065906486062616,4.418117952288155,87.75043637127523,0.18460144896045444,0.8871488699978717,0.9433943451139263,17.099047461923796,7,81.68855751082,0.36334278735788245,2.74094692507845,0.7556038523453761,1.0,0.5185721501395553,0,MEDIUM
39.56378267168641,0.6900110180814708,5.665728651989359,0.4832579970077631,0.8407015779496121,4.822877413865447,37.88150273185842,0.42757644325255495,1.2695714458554002,1.2604721769803997,15.269083196796492,8,24.85031090978256,0.34464982056582066,-0.03904189522886092,0.5839531421163173,1.0,0.6246435384149964,1,HIGH
67.6313729675204,0.26531807274020314,2.7985087770442783,0.8998794599125491,0.9703969585726011,2.1733619419862884,50.787826163648745,0.19204960041753227,0.4751682797213083,0.6870754307435971,6.756988668195116,3,46.22872532225322,0.32891545273005635,-3.6927106669543255,0.1770635985111999,0.48027954672780465,0.4461463279482785,0,MEDIUM
58.08721693964224,0.44804121598542584,3.93859032495582,0.6640605674778104,0.857154777974883,1.3845094136119536,51.29431746142842,0.19795922708113278,0.632558779004092,1.4550630878861979,10.93303343729024,10,51.176903198864686,0.277034396187831,-1.7631581154848583,0.43828844103038833,1.0,0.3789966229054742,0,MEDIUM
32.69740296440081,0.5695746468553001,4.008035694675865,0.3162586068964151,0.4487889567891048,3.81632066194428,29.01179220220917,0.19628713175927168,0.20637510319298433,1.0405077567602112,8.868320020990348,3,29.22215461748048,0.05458747956034249,0.535693855326286,1.0,0.564732800839614,0.46283662830431616,0,MEDIUM
84.68354884018842,0.1989557364921698,5.087678552177308,0.8846912071647371,0.6505441578492277,1.0183348823067482,86.45388664129152,0.16416459290680616,2.057417596539973,0.8362130298445496,11.524390864756908,10,57.059074180996944,0.2481402021898242,-1.4823108858699623,0.6236616314722434,1.0,0.3181382771962941,0,MEDIUM
77.7812118365889,0.25823615466311417,2.444886218402936,0.9576539369772605,0.9164472942989941,0.5750987667207608,82.95095354760493,0.10955880543309615,0.2874010110872322,1.07038974528212,6.578011730330614,3,79.86070279855909,0.10085017435804304,-4.6098018109481105,0.254447135883066,0.4731204692132246,0.32242205922874634,0,MEDIUM
65.96840594596617,0.1907306333777652,3.6730371562519015,0.7959490498045716,0.8574814593121914,2.4097795080217943,48.348021567493916,0.30509576731466714,0.19652729741562402,1.221827140474571,5.557191693899288,3,44.83054271798431,0.4921245860070246,-3.8364033305333214,0.30914312772059543,0.43228766775597155,0.34932961886393715,0,MEDIUM
82.29944697301056,0.0840628227569053,4.555409549758225,0.959201342351013,0.9097435912062444,1.1794066147879294,67.94765089915649,0.3790981466453626,0.5962322900575695,0.8348879151206972,4.963189507204818,2,56.1327231592243,0.48623038530347734,-4.848564283617599,0.1774160245690861,0.33852758028819274,0.43221283860161985,0,MEDIUM
83.7200070815832,0.1401488174446666,4.103416852408872,1.0393689935796802,0.6461713395356867,4.066737149852005,68.59810179560274,0.08374624713296656,0.16908436666034732,0.8635942326315997,6.826210002085595,5,74.17562754819294,0.5300800814054589,-4.477021421244211,0.6008173994188032,0.6230484000834239,0.5439198762665499,0,MEDIUM
70.21085302077796,0.2738226900209543,1.9992330505172338,0.8556564537487438,0.5922516847228745,4.808066554310224,77.12095251466884,0.20144738210449686,0.9284538910297058,1.049826010296447,6.823401635728783,6,55.44260763900634,0.2790736736365705,-3.425993947621018,0.7485338179261654,0.6929360654291514,0.3890444086287353,0,MEDIUM
81.14613291091213,0.09178051605737429,5.43701504231869,1.0878957292892986,0.7924245061996621,0.9604356068417756,74.95394021300909,0.4112696287118784,0.5790755655537162,1.0926041596001446,6.336448004812967,1,49.637515224771946,0.23434133586105235,-1.754112027711702,0.357253498729194,0.3234579201925187,0.32653963273848213,0,MEDIUM
69.2850742418891,0.3382675559292836,2.36382428155436,0.8265766092797354,0.6907818400637615,3.194287632553733,72.88322818093258,0.6031468486084265,0.12795141153242517,0.960312489122016,7.710764923160916,6,70.27093102124574,0.44905217264611547,-4.115809697966492,0.6329610178689995,0.7284305969264366,0.5325638238945355,0,MEDIUM
67.81196559962554,0.3419982327189856,1.4753553226351361,0.8743001331567489,0.7124683606877655,1.6414704217711857,59.024425892083016,0.31497012974863875,0.05569138160946122,1.0804679460313442,7.782841328768979,7,42.98016206206918,0.2367596858281201,-6.395761291110836,0.6022965753278445,0.8013136531507592,0.4597234068479968,0,MEDIUM
62.581967148290666,0.3586387979588118,0.6509688015080596,0.6410606196558075,0.9595326480000074,3.0733231851958864,61.89915158628394,0.18196396572208717,0.117829361159277,1.1707098446606028,2.388780134571094,2,41.95136917982344,0.2041775044496102,-6.230845416788912,0.24002042697939485,0.23555120538284377,0.24059996265309871,0,LOW
73.9809143623995,0.1997275363633359,2.95686641388194,0.9166910678243686,0.7876762878439916,0.4066447080353362,60.26738719799817,0.2729403911736776,0.11752460171690689,1.0346615472972167,6.047659093298305,1,74.25440728210124,0.12069701929768871,-7.822423207421128,0.4183493364156806,0.31190636373193226,0.281038228109906,0,LOW
23.481433949911263,0.8490822306142124,1.2166777746524662,0.3172569635532075,0.7673630781986761,1.4719194984905104,25.001021079743758,0.380478047734896,0.3001627473403632,0.8617049639654976,6.637079813555644,7,16.997981706814556,0.451156256704691,0.09280284315109255,0.773496498009092,0.7554831925422258,0.49395825431599333,0,MEDIUM
84.87401453190891,0.2836924237279745,1.4107488959328833,0.9275593868051678,0.9618378198079826,4.169470285092381,74.86384564099015,0.026541890604971266,1.4331067480682078,0.9958126102526066,6.002900919981626,6,82.1542717681978,0.23703800671685207,-6.292210877693253,0.19908948215201341,0.6601160367992651,0.41475087587902437,0,MEDIUM
84.10669985834473,0.12024808270882978,2.8750461666462126,1.0845997089394581,0.8353131995708768,3.8033600619195216,85.91416956934651,0.14733849377870523,0.04720066994516556,1.3512479160593862,6.5570947780130195,3,56.92521911113115,0.48431471342754445,-1.5782050736600937,0.3071542419980997,0.4722837911205208,0.41066227562478325,0,MEDIUM
12.486019057937527,0.8261664560482391,14.003196064153695,0.1576228366600149,0.7370199939125205,2.7113246984153108,10.017867132859248,0.14493291691927074,0.10965428341475421,1.0666140433161957,15.281300586304225,2,7.762344418483134,0.1362900538860486,13.12543156419876,0.8075532371553389,0.751252023452169,0.5138114015244872,0,MEDIUM
80.19442379800482,0.23735237525291147,2.475374086432796,0.7456181594771554,0.5379176482673355,6.814228572265253,78.38537687629115,0.3009533217503498,0.2886601873179457,1.2480471406549818,3.594960827031211,2,56.58749639850545,0.37135793994096744,-3.8502498309589828,0.8117997152254526,0.28379843308124847,0.5532239054036389,1,HIGH
20.953938735242843,0.7618182622678126,1.5517403356904054,0.2495098960866728,0.7487975112670587,6.149794610940047,18.06362286821683,0.08384009378742292,0.6447538631741095,0.8971322379766573,4.006648034010015,2,19.56903267685652,0.32691334593532884,0.12143368826949796,0.7577128642333182,0.3002659213604006,0.4003221375166582,0,MEDIUM
38.48510261202706,0.6039971978266706,4.71143842816205,0.3714176758231731,0.904279414170358,2.0159572589929655,27.42355159611429,0.3777628495338914,1.151360732700137,1.0525281940425755,10.505854170596457,8,34.566047948527746,0.19415981125729206,0.8679209406029186,0.4455794776577984,0.9802341668238583,0.5718848803336993,1,HIGH
73.19820178478666,0.3271902342901071,7.339397005325381,1.012813935859218,0.7083382425244155,2.0692676190729973,63.33132584832598,0.1439228784597654,2.032587054236782,1.158863008490309,11.79955477907593,1,54.150473478147745,0.15392828038126005,0.7007706249900729,0.6010877533584303,0.5419821911630371,0.5532357693581722,1,HIGH
23.6645911641062,0.6106056013583546,4.581762230129857,0.3089894545714529,0.5739464942915615,2.1762348963829954,21.771628728295344,0.3371782254431344,0.42494268562599347,1.2995515357462817,6.285466670214818,3,20.944723998408477,0.5886887052433706,2.945234108032831,0.944383059241835,0.4614186668085928,0.5320640505593714,0,MEDIUM
79.5271970501203,0.31019221548701065,7.669337619912681,0.7593749052654224,0.6675091166980476,5.030498190809647,60.496708244811146,0.3644325539723093,0.08949179963045717,1.2455177459478985,19.64723928598229,8,71.51421440028014,0.32070331413519326,-0.26643326809305684,0.653832432696434,1.0,0.4820239359215206,0,MEDIUM
80.73140512640806,0.1985003906822667,3.0237803133386265,0.7757286953728936,0.8785325262684308,4.073401244509243,62.45100894982993,0.26556934282898803,0.19214585550185365,0.7761465393769136,7.685053727891223,6,68.9532711581872,0.15542731101089746,-4.212839436247446,0.2814514059384871,0.7274021491156489,0.535812135343754,0,MEDIUM
53.13475736967108,0.43573297473831474,7.305567611485778,0.636148936544015,0.8122768477084281,2.004792677905488,47.07447895840467,0.506968417357936,0.27089698115857813,1.2303704751713604,16.555936051181753,7,54.249838063230506,0.4146990217051759,4.209112008709113,0.4994512158065152,1.0,0.7008357286792796,1,HIGH
10.542799095930855,0.8874332767029756,7.647996551813727,0.11306567823172459,0.8148636044257171,3.236737916049186,8.825291568108222,0.09979527393276366,1.2337885206204555,1.3372000489626858,13.911188495319267,2,10.090822560044336,0.05,6.8199934575042,0.7214212317129121,0.6964475398127707,0.5791386616063765,1,HIGH
34.39824131986759,0.6530119352029655,12.61338080677487,0.31558767269817883,0.8048679652036029,1.1618208730625696,30.143048678182485,0.4509061190633829,0.9283305414953991,0.8850211034326767,16.624277595741642,9,33.26958035977009,0.29125308793397214,10.874279746904124,0.6192040197960784,1.0,0.4854121000583909,0,MEDIUM
62.43878806193809,0.23711601510502509,14.859484169289672,0.7310462891231256,0.8727635523957594,3.1574549512084893,55.216543131173665,0.2233853787638374,0.18757123296358513,0.8211066040523247,15.728790752843121,7,49.42981993243333,0.41348710952149587,10.437074376621139,0.3094126789588734,1.0,0.45127021393695466,0,MEDIUM
93.400825132331,0.18558680687294898,1.6688286250257647,1.0217326878619253,0.6703413937389936,6.062757367784632,70.61386481787562,0.2053461761093481,1.4598171584957038,0.9951130766876003,4.599551062726489,3,84.78504197504152,0.2427655203852428,-7.086217470513835,0.5872813128279841,0.39398204250905955,0.4456122312497654,0,MEDIUM
63.704149796416814,0.36626455261748136,4.403207153326169,0.6055323082224807,0.9202182317954847,2.1825522989996644,49.21004340361397,0.21609349981494114,1.568081023161304,1.0358995406166112,13.118409872824799,9,43.47859641216924,0.12888378797726416,-0.5687646334396832,0.30280492861551367,1.0,0.3182777007406174,0,MEDIUM
32.083304390453584,0.7146071265312542,11.910660848361616,0.41739101972238535,0.8547058471881707,0.8805106145988695,33.343092470298096,0.2656659329148039,1.7126368135383938,0.9299861676983779,18.447304143934318,3,23.522827719187642,0.3577386563439245,5.850050285034704,0.5752447924833711,0.9478921657573727,0.5755938291864862,1,HIGH
63.890484763466965,0.43721913401125373,4.7108358822191825,0.8673378535184437,0.7693611899322329,2.3893263490065655,48.88180971047599,0.17577530589979928,0.2572715213596388,0.7626530355244868,13.405242900865648,10,52.779213286091476,0.5108654042210399,-2.3084299696445,0.5645677821072775,1.0,0.49290651958756737,0,MEDIUM
55.898757275847714,0.3593194306366989,0.6633036865672968,0.7145521188518024,0.7020179907780872,4.567472164944735,54.018643560028124,0.14094332622494632,0.11484713875617827,1.2944812028156356,7.541976817928683,8,54.07156095047799,0.05,-5.002159317280975,0.6266327291512186,0.8616790727171474,0.29921116392561453,0,LOW
76.2868585878472,0.2750091660443462,2.6107614010706164,1.0002817996091367,0.5461164111361472,2.093658014700168,66.17207697902202,0.09220105645239643,0.08781386422773707,0.828007860812903,9.334751413043538,7,57.33868738971381,0.28570120474970584,-4.802028906265758,0.8183299663179524,0.8633900565217416,0.5085948558015891,0,MEDIUM
19.093354300291466,0.7876551697251819,7.298778696757579,0.19250784422003847,0.9250832910473873,10.293590731299389,20.76010244690739,0.09772452162890889,0.40877751215618024,0.8986144851196505,7.429296501837415,3,15.234909429957561,0.05433865797845979,6.58566728999457,0.5062026482915101,0.5071718600734967,0.43725421047189034,0,MEDIUM
74.68737171267239,0.3208679448905956,9.477563196486777,0.770614200207369,0.6119303950849907,3.4068459601976944,54.25602461814099,0.28581796424894884,0.44874806064200823,1.0218250905530724,18.614490544708516,5,76.98801355028121,0.26649291180359913,1.0079875069683388,0.7425383798178117,1.0,0.6221363961394341,1,HIGH
56.00765918746937,0.26974521449718664,4.629707304405268,0.5624646297286152,0.7532619638120261,0.9714154537311724,57.808616071916596,0.4113837333497464,1.6212364135637882,0.7055039805813148,9.9083619190897,7,40.764843861772235,0.23466890711818816,-2.997850205995659,0.5049796615305541,0.8863344767635881,0.454306456287456,0,MEDIUM
91.85432032801454,0.0735292527005531,1.1698351782580925,1.1780607904316434,0.7786597091541233,2.88616702909247,82.35471826907283,0.1291257635488751,0.24931323879657163,0.6902211796608406,4.116896816075077,3,80.65997702718218,0.3994474240602626,-8.030627327142206,0.3687750626190916,0.3746758726430031,0.3685752846856913,0,MEDIUM
39.059134113288316,0.5611830064043999,6.24058432646422,0.5366563085914899,0.6988283851009449,3.701813367785594,27.42501746786518,0.07941541825588823,0.7887101892918111,0.9136628600136872,5.787754240417726,2,25.20269760696145,0.16339695182021036,0.5773959303952081,0.7323489255507826,0.3715101696167091,0.44216887170774927,0,MEDIUM
63.77286091638559,0.39685242688687655,10.238087027352524,0.8025295456711279,0.8191526802852646,4.297634672576114,51.366749230116284,0.2143098549023068,1.2417382849847334,1.1651260369218177,22.76220395143635,9,50.07790846756289,0.4942100531904975,3.025601792210402,0.46969719301554147,1.0,0.574470920727213,1,HIGH
89.22238896835148,0.14537964530594133,1.5744819302158022,1.1962343535089541,0.9256642327691007,1.2566879298782851,77.00594714157546,0.1988706935759375,0.25084079920111957,1.0376007026096787,3.5701801460917753,2,66.78657013023602,0.19618037304014138,-9.284113973869392,0.1841934734993196,0.28280720584367103,0.46045679556741953,0,MEDIUM
18.713326879207735,0.7562566596221605,4.007604655342737,0.22818086661288423,0.9819139295745603,0.797469251564161,15.451180465454142,0.08314201672154606,0.24864003283239855,0.5881208080958482,8.270747351246715,3,11.338076499040804,0.3511983548921298,4.320176781225146,0.40525743544923987,0.5408298940498686,0.2504347604651061,0,LOW
89.66442141509835,0.05,1.5826910256936522,0.9807762961830816,0.9814472021231914,1.0727866457832012,75.76462358377758,0.2363291334513993,0.8848848673662215,1.2778967015032718,2.6883169307377646,1,77.41131014680387,0.2901391621977493,-7.124221450194492,0.052829196815212955,0.1775326772295106,0.39976831225817194,0,MEDIUM
68.47028639556913,0.3064439065597223,1.089791173952004,0.7619926761127124,0.7140304290234972,2.0773895957305504,73.03511573665672,0.17058961717388824,1.0360997359794826,1.1594818736743815,2.5015312414274318,1,51.2938287067634,0.24555242221896395,-6.5143664075515275,0.5821763097446153,0.1700612496570973,0.17348141478314624,0,LOW
15.766150023939613,0.7706071215753871,6.520094939748759,0.14783299521330298,0.740548859799589,0.8228313618537948,13.312521058134895,0.1345281766804283,2.570367514376167,1.0382027650921846,12.121701423537452,1,11.245258274837523,0.1613717002901968,3.6905106493767423,0.7744802710883101,0.5548680569414981,0.5622893089602286,1,HIGH
35.58190319047938,0.7115396637313763,5.030524622146911,0.325833663093755,0.9982612141912861,3.5233820024552225,30.868430805830204,0.05544909487807062,1.5173796273103757,1.0328388131222586,15.500428949127329,10,35.641276050558595,0.2980820155575893,0.7191170786255598,0.358378010578759,1.0,0.43053763572641274,0,MEDIUM
70.19462753484893,0.268517148615715,0.6322031075503457,0.8758449027917719,0.5179265362850198,7.456574049080929,70.50717763776888,0.21421846185089968,1.3810084449460953,1.1346832454836524,3.3438795281827964,3,49.36992800292128,0.08710263117027095,-4.112696342799051,0.8573687698803277,0.34375518112731185,0.4682639319353182,0,MEDIUM
15.724801124845595,0.6101929312058127,3.085263790882725,0.17599424579492143,0.7746040329358778,2.0108873533890974,16.000510766440012,0.24371717730212106,0.9429409788665417,1.4652637715680548,7.453440884451114,6,12.304161895441407,0.3038914953599189,-0.718353332453026,0.6431904161990898,0.7181376353780446,0.38145565660848774,0,MEDIUM
59.484489114983226,0.3751693443204232,4.735486979386739,0.6996015580589757,0.656360885413433,2.1136102464667705,43.6399543710436,0.18215744764936823,0.10089209116451459,1.1761048396614722,12.855585201092447,10,61.10502728104589,0.15715356240033274,-1.6323376662893594,0.7030433440400622,1.0,0.4280331286295119,0,MEDIUM
39.40005984100132,0.522915895922469,8.270220326517835,0.4644599712056652,0.4106448848214993,0.8748553905104053,38.67620248637926,0.354929246923433,1.3253964874075839,1.0592335119746172,8.603082959867283,3,25.063881179891133,0.1448719762313259,4.624858610374494,1.0,0.5541233183946914,0.5079915815400604,0,MEDIUM
62.777819010235554,0.2417197446607688,7.684113296606804,0.6520656141283945,0.8493402994222368,7.887009414767183,56.06239921409945,0.3664389705826549,2.190663942191278,0.7545797973823692,12.71996325285161,4,64.17748890762881,0.36668095504441867,-0.1247000593102312,0.34684942319702927,0.7887985301140644,0.5948369404953795,1,HIGH
13.888072874063592,0.7621251402015583,10.879266730405838,0.15803880521967764,0.737442022905425,4.088924604035457,10.465240061349188,0.1759928774908816,0.39637901046005025,1.0329038064124263,13.957427170754903,2,10.7715427601791,0.15613138010090954,8.091513933005082,0.7748995357426416,0.6982970868301961,0.486290579240154,0,MEDIUM
84.08062852295198,0.16794639251711777,2.9088814551680757,0.9546347333136908,0.9590650659468716,3.970280285525165,67.75925220339403,0.08540187435985329,0.30110800047724695,1.154662434830625,8.3740283827137,7,80.37413652220785,0.3042758146092743,-7.052589114636625,0.1453755973382515,0.824961135308548,0.24810033824282113,0,LOW
92.74656238007874,0.17882564245907104,0.6186204660459272,1.014845508939359,0.7288613543855208,3.132003011414316,66.59334869015788,0.28922947319108855,0.5913221395179725,0.9769631752508262,3.6225352026076023,4,70.50163530222854,0.1847778102519898,-8.515995144135928,0.49612078965125433,0.4249014081043041,0.17793458020725528,0,LOW
92.35461769928378,0.10150858091636059,2.0974658105466943,1.210157365739649,0.6417014102469097,1.2238001137907337,77.95605953101135,0.14599820294398327,2.507179346044231,0.8954428982253699,12.402758544819083,11,72.68286927457069,0.6066592180503818,-6.297891524695465,0.5882021750878156,1.0,0.4226185448872328,0,MEDIUM
73.7204056981486,0.21427567196125488,0.1963182716216428,0.8297836182245901,0.8800689560585705,3.075393462327323,59.13575054844171,0.1833883207076711,0.04173580515642791,1.1107291568472935,1.060415029434599,1,58.755190570463256,0.27709998453138074,-5.717253491714579,0.2870344018927717,0.11241660117738397,0.54055671145859,0,MEDIUM
21.057330411103717,0.8258990315026191,6.913316168915821,0.25307168471681435,0.8708318399201582,4.048681741867269,17.95856228370712,0.5040251339469771,0.9872175412566737,0.8023884862898254,10.04414225935314,4,21.60616435680712,0.35714837367868035,4.248335423297036,0.6067017558710722,0.6817656903741256,0.40931579366791476,0,MEDIUM
74.45237165396692,0.21874905864281147,1.9400869423269482,1.0034393290166945,0.5777295812826846,5.946947857462461,69.39975221002747,0.27815478135248534,1.3484866124529336,1.1735927374827146,5.173584818317102,4,63.10690851007273,0.43000547390763616,-4.7771661192737325,0.7427801573973789,0.4869433927326841,0.5981353661336325,1,HIGH
12.089887898998128,0.8235330914769672,0.669224421075194,0.16117232806452012,0.8470435055670199,6.036859650831861,12.004482764548788,0.07753378801358218,1.2437672545989287,0.9128873124894521,9.519079089676854,11,8.43383632831064,0.24756813968043972,1.0098480784116708,0.6412012873879538,1.0,0.48572970573389057,0,MEDIUM
11.880501879964767,0.7888459677417136,8.465725545872708,0.1598178302494866,0.9182872151110996,7.344154667973637,11.193105481719696,0.13033649194834054,0.6691973455744021,0.5755073913189264,15.724688429251025,3,10.397577134318022,0.517329324585212,7.809611625698669,0.5169921612042074,0.838987537170041,0.62151900438438,1,HIGH
37.50686862771101,0.48478500918275236,13.480781680051688,0.38819702730559336,0.8493155234259755,4.246430640797219,36.432331381751624,0.3055250564485338,2.0262327909737397,0.909049206898062,17.892720548944155,8,37.5166963905247,0.20776370929823385,9.83622390831781,0.46841921945241294,1.0,0.6579468272368222,1,HIGH
51.534671184396586,0.4534593916312785,0.9473258282982211,0.47282609582040935,0.6112558788844928,4.082958681838239,53.9184408072535,0.2683147246445217,0.1155802843381369,0.9885750504284666,7.1420218072968975,7,35.89242640912443,0.21251686855727853,-5.149191243974326,0.8098458774889,0.775680872291876,0.3993800161314702,0,MEDIUM
75.48463051366242,0.25779797405698635,4.654890296813935,0.7778943292703777,0.889382070400753,5.371103416776514,79.22336745896324,0.1134219036933191,0.2249896124119904,1.1104987716679198,12.532306684375026,10,56.756874150017694,0.15484196543182502,-4.083732856621807,0.29482588142736366,1.0,0.3456124181010911,0,MEDIUM
68.08010701155294,0.31146903628327943,2.676348138760609,0.707593092677795,0.8432321211048616,1.7379966256852732,71.09522104536973,0.27859050227715243,0.29332978165471774,1.0874102397202094,12.403321647335918,10,58.355431174533095,0.17840704449068961,-2.025916637295139,0.39088633648434734,1.0,0.26004386050752754,0,LOW
47.90173004202361,0.48770534534397525,2.420094013127885,0.6489152347867414,0.7337356127766312,3.3479859643569996,36.46603344546845,0.270375833485892,0.006972222107193087,0.7419098870346956,6.453813114061616,3,50.022152117377196,0.20173636255711713,-2.77499857040811,0.6432492535070408,0.4681525245624647,0.4543451437426953,0,MEDIUM
33.2582666339416,0.5917576488048415,2.794397369410793,0.40728783929984513,0.7098598489264732,5.3188166771821965,26.620836319203185,0.3078584572606596,0.3704786698230149,1.024418806502692,7.2127486324343835,4,26.919624797952352,0.37669157721326463,-0.6582291344032175,0.7310890510127108,0.5685099452973754,0.47365466887749363,0,MEDIUM
94.75558251340544,0.10110387020074303,1.7356340760828004,0.8915097740494536,0.925981187125843,6.219442986716132,85.36815851123825,0.48088618249316234,0.14011137364221932,0.8931989920303478,9.304888599451727,8,81.76999900261266,0.3394192551394007,-3.918195784791851,0.16158015441160703,0.9321955439780691,0.4189354133284643,0,MEDIUM
46.2254106900577,0.4323753395036962,3.4356941155012604,0.4473183522068021,0.7991595734479066,5.4789678931677726,38.99093596166127,0.2527226853180903,1.03170052626267,0.9279557462199624,13.14159828902978,10,30.549857389902762,0.4085274759952143,-1.5953074412499775,0.5174483095799882,1.0,0.6034302100567442,1,HIGH
48.367897068022415,0.5784032624272539,4.50103913147789,0.47295970769301576,0.4826024189896674,2.1445938809399996,36.404948389542874,0.07292674233211004,0.42885021074156743,0.8003535809011705,5.881318504214879,3,45.5224037993118,0.07576440745125061,-0.880251035607643,1.0,0.4452527401685952,0.3897477054983247,0,MEDIUM
23.90802480129188,0.6807423904729432,2.7663843141413693,0.2905329171641089,0.6183111305894835,2.4915571488257853,19.487433259116106,0.10638450804817601,0.9751593733344613,0.9898185992768141,8.833979593085576,5,16.710319397629878,0.2955006110554738,0.6920082797060205,0.9129044993522464,0.7033591837234231,0.5237109122467495,0,MEDIUM
77.558811643744,0.16421706457431723,1.8278018820248232,0.9832184942160219,0.8558204202086956,6.701431229818164,84.5524063897871,0.1725959341559688,0.27811923416634526,1.6264869389715693,5.513654020596699,5,57.98023032022541,0.16456113778812909,-8.246766306128642,0.2983779019741152,0.570546160823868,0.23199882559262666,0,LOW
68.96298919142654,0.19302729283648035,5.443467226150805,0.9170849712868242,0.8056702924820669,2.6423688622215997,57.84413486980831,0.12754261201333328,0.11317504622104764,1.371288463116761,10.497074123427044,5,63.39796927220205,0.25545389585075073,-2.2498063389087406,0.38800820769513983,0.7698829649370817,0.4777344386205059,0,MEDIUM
28.765417087044632,0.6722336573787028,2.441312064371546,0.3941777673397048,0.3617765251435564,4.233465660049511,24.955887120196856,0.21639455892894788,0.11324073498229846,0.8002588628288938,6.588192966512138,5,26.484293801624318,0.2289262345772039,-1.4249223076162671,1.0,0.6135277186604855,0.62918666740447,1,HIGH
17.00238887734663,0.9080011079047721,7.4871934870673815,0.17016879651120648,0.7627446511758834,3.165931188339801,11.945207999656922,0.10633469197449105,0.18178526920187507,1.0131888672008016,14.82027766650578,9,12.6405954305284,0.37881616298756854,4.646369146203896,0.8098835771885609,1.0,0.5254265949964699,0,MEDIUM
67.8424406763506,0.3628258403120105,2.7995247304708135,0.7156605731774405,0.6633710965789557,7.531624951035643,67.01245299498561,0.1266857727178707,0.09792910732356191,0.9372028793121843,12.312224582930243,10,66.66486695018348,0.2469734595382037,-1.972654848890885,0.6863562752875718,1.0,0.47633416958812014,0,MEDIUM
65.6334532138965,0.42193923682327783,2.4167885348409626,0.6695671816730419,0.5115038722274676,6.094763490267002,56.80050480115816,0.0690791000798163,0.1993303857451641,1.0284053313931523,6.293895180274135,5,62.85173449638462,0.3127313424792472,-5.35172812769867,0.9437138100704374,0.6017558072109654,0.4957086117947309,0,MEDIUM
33.22705979484779,0.709500805726237,17.072981573045404,0.3586464984250835,0.7983440632588735,2.071253209302597,24.629758271218204,0.45175800657627535,0.6921632219508077,1.1832618213006918,30.059496368490702,11,29.143472416089644,0.12574454069418647,12.703651716346037,0.6572343079748082,1.0,0.7355001611054699,1,HIGH
90.82340279128488,0.05,0.7853950308831668,1.232775612474969,0.9220769271970616,1.8877624354096727,98.76342946160275,0.14856978355552072,0.2369327833452941,0.974135509514452,9.588488631341582,11,61.797501471175046,0.47250514514135905,-8.45102885732249,0.14188460920440762,1.0,0.30583430974236353,0,MEDIUM
22.839920801376522,0.7451376540400302,16.04511753251928,0.27123691461624555,0.8034476745769841,1.1982591884276828,23.090549762484805,0.4566029925998613,0.3359919413139212,0.8575537850676369,34.030181484471825,9,23.004276553242775,0.31927859333200775,12.587131840285602,0.6673973151545389,1.0,0.741770209715001,1,HIGH
46.74845808862116,0.4700994887843914,8.481838343337536,0.5932827876647608,0.6253792035203695,6.030977669099115,46.302479470792555,0.3031494194404044,0.04334025667881794,1.2312968110237268,13.867929454660349,9,39.14433843051841,0.27316016691382966,3.3479620114732658,0.7969809391116416,1.0,0.7471469623280357,1,HIGH
90.2073532142459,0.20437246018066424,1.534813353149087,1.032927974180138,0.7750319495272829,3.4079091382760547,97.70799846725889,0.1731046177213077,1.7820495765785809,0.75319354950887,10.0441062518346,11,69.40389963061173,0.05,-8.080327287814907,0.4396383057994077,1.0,0.33178721985058846,0,MEDIUM
45.676821938720394,0.44748868889869103,8.746382291390896,0.4176820862933695,0.549490305059087,2.3093880629485253,39.41873346272989,0.2804639058966181,0.11894943321138846,1.0378607717240884,14.415206565201517,10,46.465944282503386,0.3117096204411265,3.7166964114620553,0.899508886860715,1.0,0.5788322445988137,1,HIGH
64.27470555144727,0.42874875963665626,0.10560001535389643,0.5991030797642333,0.8158731200902475,3.5548119469440254,63.46570657846753,0.07234676734060144,0.34298596728551584,0.7027793900857117,3.3593882685093814,4,66.66814877478599,0.29159168504072275,-8.370719952695456,0.4905646996829569,0.41437553074037525,0.38151587190394237,0,MEDIUM
43.79552382683752,0.6334810713403264,2.6281801874759947,0.5119528191060244,0.9630392220052606,1.4678947202832546,34.2692598320769,0.1294671959375302,0.3817569877345921,0.7947853681252263,9.286225920471162,9,40.41173931023003,0.1937188111570623,-0.725082565127761,0.3721817026622723,1.0,0.4025881105819852,0,MEDIUM
33.30829219963695,0.8132866941409174,2.375215169004485,0.4194828058051347,0.6997947844290551,4.320352251917554,32.6037624969083,0.35340661705340043,1.1831708919654735,1.1489577566728424,11.744615672978926,11,31.846694333245466,0.1407658648805318,-0.43657931096292435,0.8569511704268761,1.0,0.5996266388486546,1,HIGH
93.6381000765854,0.05,3.2549333498116986,0.943558608120665,0.8313454264040465,6.016372289426809,66.07400583090987,0.30995797307839634,0.528610370009701,0.8641217129900096,6.547943770453662,2,66.5808226202783,0.26681664260987986,-6.603256739220151,0.27798186039393025,0.4019177508181465,0.6153215452624098,1,HIGH
44.79339053677866,0.6090518673986263,7.952355065533351,0.5648244022313919,0.8306546997864094,3.0149229285174304,33.618431868934195,0.1622993884257002,0.3862523303061156,0.6246876580393323,8.273828924368308,3,32.092581829007145,0.2632068633457608,3.7860404169997577,0.558543884019699,0.5409531569747323,0.6387085074978004,1,HIGH
85.99843231272642,0.3225478237958432,3.704676730780845,1.1225658190603671,0.9361161895995965,2.029751682115655,74.82754274964861,0.11706941214493938,0.9522523894461259,0.8554619086817509,7.159326105930341,1,73.62668560082278,0.3339346767393429,-5.58738808296868,0.2570996274985268,0.35637304423721367,0.4424218460179328,0,MEDIUM
29.546141500742326,0.6551272508378809,6.116728970518445,0.32676517940411043,0.8065999541383281,3.2476391868397685,20.825216039265072,0.4252544983734013,0.7270842559545594,0.8340458058775098,14.554856507084201,11,30.800121418399677,0.6878859891907743,3.019037423940979,0.6176636942114484,1.0,0.705548222759939,1,HIGH
28.11389984213208,0.5960577817760904,10.784624887307855,0.35794887634128997,0.9090619948078048,1.4683853953384824,24.874794605739638,0.16373237376148975,0.06508482838427596,0.74752684546018,22.32443684476357,7,26.27106112569577,0.1588593086877107,5.1473140712511185,0.434435898676338,1.0,0.4713598298890553,0,MEDIUM
12.646397045183466,0.7231352268355442,11.050377286108757,0.13936518925664848,0.5223524451671778,3.93610015714142,11.497050743877212,0.3278428523148389,0.2999878130830566,1.1100173428150863,25.153194050593445,10,11.833179536395432,0.20607313472101185,10.507164690143702,1.0,1.0,0.5178699327972723,0,MEDIUM
65.39168015695023,0.40310016073940425,2.196080308424467,0.8103175583904947,0.8482315935789279,6.262565777266012,62.033336035010976,0.23344208481546616,3.075795416159651,0.6906374636876071,11.035637636431995,11,46.81513745087195,0.2179447163616517,-5.933745994344401,0.42920269000131034,1.0,0.25768390387331475,0,LOW
41.324739216519696,0.43610059119011635,3.1530550544426243,0.5297825470752805,0.8618870647997595,1.437589980931632,30.58669875059346,0.08901523428459071,0.5282887812100693,0.8824125036246786,11.175045577904564,9,32.60116520300632,0.3018515034189105,-1.2456996184045612,0.4252196983954189,1.0,0.3729156254998733,0,MEDIUM
83.47045123636914,0.1355099634012747,4.891939935096472,1.1652168732450408,0.6890318495067184,4.057267850511981,64.47297429261315,0.18286368629890012,0.44158629209544814,1.0266815677527177,9.038385707821234,3,62.94826615147975,0.5389025446042377,-2.9930577062080843,0.5342072074405598,0.5715354283128494,0.6214508388296167,1,HIGH
50.222842068782356,0.5327566342752933,4.3804793244903815,0.5387395886685642,0.7119671631859319,4.216788986478419,47.47632299652373,0.23183972312509113,0.12993966601036108,0.9314420197954445,11.212672408409386,8,36.96481369589795,0.3867591857379337,2.0424824637172945,0.6984275723587487,1.0,0.5128054129974923,0,MEDIUM
92.29644137275135,0.09184962921887965,2.5448907936847798,1.020355978885335,0.906395277350407,8.281330910056468,88.90686240715527,0.2620931045940024,1.4614294972238713,0.9191618772774092,3.419859694584015,1,85.74299134277743,0.1909640756636243,-5.377410358894435,0.18633189858382926,0.2067943877833606,0.32412171318995364,0,MEDIUM
25.769668834765298,0.7763389007870808,6.409182585269846,0.253266889929859,0.9090126024098181,3.2019055763405246,18.305744305825176,0.09680877601820034,0.11445717755798301,0.8554587728594492,15.199270538876338,6,16.619744638804026,0.7138317056016291,0.7093723727415329,0.5246505467788133,1.0,0.7355860654586084,1,HIGH
83.83296927622692,0.1794534957017991,0.478030337980112,0.840036975661564,0.687521008428712,4.561604510761494,76.80331867978516,0.09841837363903763,0.08882010721209971,0.7562426753752194,5.202652533824568,6,56.541061535203056,0.27762520827690207,-8.896124198867827,0.5584452352078315,0.6281061013529827,0.30779815566206575,0,MEDIUM
76.01073248729804,0.34220194019209105,1.8257135493545338,0.9476239026383554,0.5214891065843492,1.1325812220913134,77.0743273164603,0.2577936664599344,0.46242799862476097,0.8726478330355865,6.837015183055662,5,59.708945681266314,0.43609291228216,-6.1646006357366065,0.8888673102195217,0.6234806073222265,0.32760145788916034,0,MEDIUM
75.52835679474443,0.16853112159345202,4.7034571057545005,1.026069943803871,0.8202827624199795,3.1450107302067485,54.957480057203206,0.37340759845520655,0.4590789079758196,1.1315118818742407,7.171930591141212,4,55.60605799109364,0.2320604397375326,-3.3946091131881895,0.35384141716675666,0.5668772236456485,0.3861280486066169,0,MEDIUM
81.80657438993545,0.12777464502396302,1.6578700219966995,0.8976655661729798,0.6039337695676185,7.119060609894928,70.7847047676317,0.2647674211128665,3.19064764386854,0.91319096648503,4.787569092000496,3,82.33970810389417,0.2553012602620459,-9.091897814049391,0.6579866681605538,0.40150276368001986,0.5192307373735139,0,MEDIUM
74.68703923015491,0.19131685207678503,2.786054115822306,0.739343599352052,0.8312047532907723,4.946094316179712,62.03539156426325,0.04182932140409644,0.10914480453474429,1.0333841765542675,5.833263247653339,4,51.54895881062563,0.2220800226883344,-3.4533096306633135,0.34885129610223414,0.5133305299061336,0.26427249858354207,0,LOW
63.22872733867031,0.4341280715623057,5.522669230556864,0.6591909386024265,0.9105513824489276,4.23568133270795,67.36807501870857,0.3001333927974542,0.5290507916259946,1.2234236108719545,15.059522702487989,7,45.01755126583596,0.38806447277921047,-0.2564309972203518,0.3512369621077614,1.0,0.511257560870737,0,MEDIUM
21.155814603002945,0.8604737410415757,11.872756805248994,0.2385372789355335,0.8166636084102052,7.030444644650923,16.38139061549007,0.21467837961200198,0.17976112340727346,1.1199608253011721,21.348684375537637,7,14.388877083812977,0.14187862610305668,8.770715077594216,0.70524145790548,1.0,0.5280490358603944,0,MEDIUM
12.764725256756414,0.9084507729779165,13.729228708172734,0.13343288531148118,0.7552942978038192,3.7260141631384087,10.56082096229619,0.12826409615806755,0.9678958372056963,0.7447440276309278,19.42727336475427,3,12.58930708144327,0.1806178364174565,11.585925023427837,0.8212839397832294,0.9870909345901708,0.6678217866886373,1,HIGH
88.27206706433338,0.21195882270786043,6.055802894629576,0.8975411460297948,0.8498704273204353,2.7861179051473455,93.51347685842144,0.24353462348235766,0.3976524198103633,1.0895919764694975,14.578653617943623,11,60.98951315634477,0.3524948289578342,-2.7175039935481986,0.33117377037327733,1.0,0.4838948305971088,0,MEDIUM
62.41527673426273,0.28160396326726217,3.5316808569335287,0.7914208682978545,0.5238529713084665,2.217453965735662,51.94582075431674,0.359454895033952,0.8363633750782621,1.2095339030137977,12.274737953769485,10,47.33794041508642,0.419757733111769,-1.4349170039995083,0.8550225246709313,1.0,0.4336548173837817,0,MEDIUM
77.70566973297498,0.35632123159434115,2.639372778873149,0.7023990018918002,0.8727832936931563,2.0085323814350593,70.90945230572478,0.38743133010300623,0.3304888314613558,0.8835601490462428,4.192239632794828,3,70.02758041542394,0.4348379033233979,-4.522732474421831,0.3689856752574361,0.37768958531179314,0.3529467235574249,0,MEDIUM
50.929399878566755,0.6125650909513132,1.5498530930386474,0.5956780346743515,0.8797976819288099,1.0440569447280938,36.323567874978636,0.24257920271438513,0.6650928666328313,0.6828751720637843,3.596511989276318,3,32.33682394085426,0.11754355634597023,-4.5173012661591585,0.4865860225824417,0.3538604795710527,0.22202135026957115,0,LOW
19.971196061803532,0.8591377991616245,15.760957422678082,0.2590031272089467,0.7853242237537601,8.031696981092743,21.847709105102307,0.3043548422839125,0.5066009984449853,0.9118608834708615,19.03660673266861,5,19.32197457361275,0.4897696667353158,13.380449053245224,0.7515825639501721,1.0,0.7260845385949172,1,HIGH
20.640792337216787,0.9361359893295169,4.7461289196420005,0.21324294489581086,0.7268122521910569,0.02712344382317456,21.259576110627698,0.19130708977360172,0.37519048721085,1.0376111424424714,9.054046553141491,1,18.94438325563194,0.7547559032558825,3.4909750506549586,0.877849616378173,0.43216186212565966,0.42947882743845806,0,MEDIUM
68.27304941446258,0.18473964924115238,9.47258094629004,0.8204002003068633,0.9540899603799801,3.0514580876661244,65.11612940983244,0.4414250787751644,0.6169298633880911,1.1184815988118448,19.001934876140595,10,48.983655638933215,0.5572792655411779,3.076188663829711,0.1612348840506061,1.0,0.45116054490951224,0,MEDIUM
46.57600106645433,0.4922841384344445,5.859167972667784,0.5749574697613097,0.6710191522164426,2.3925203835809166,33.73509581221069,0.4042186136459942,0.38734523669542387,0.8958507389651909,15.130856000835124,11,36.15730144280608,0.21891878825928918,-0.516427891934861,0.7396133408925584,1.0,0.6913907707449928,1,HIGH
27.044601769528622,0.6707297054501576,11.66488569656605,0.3319758262431678,0.5579631284626213,2.7815637572132372,19.741152554600774,0.2851934672371333,1.31199513384522,0.5929023088525383,23.413079811260754,7,23.773060878163534,0.6110752743848873,7.635157128306766,0.9984201600311469,1.0,0.707742620947451,1,HIGH
51.785536473022134,0.5398629811703661,4.207013546296591,0.5815126407236055,0.8540552234473038,5.297313925883614,47.53857626477412,0.040573596920805005,0.5469339647798462,0.7447183154457531,12.426243650851266,8,53.127085085466966,0.08900768107474362,0.5211247585012213,0.4888486554142274,1.0,0.43849135807546946,0,MEDIUM
15.457759651386397,0.7614111443179644,9.422413475845431,0.16590643304770208,0.8488962964393993,3.6385359229089236,12.58301477196674,0.39313990665104004,1.8674857500585818,1.0719841866985322,18.76069933693966,7,13.651786444045936,0.58384886269266,9.282017642377806,0.6073611274998831,1.0,0.7294115559767884,1,HIGH
59.4675691627239,0.4659239203197599,8.627798381339264,0.7837599856023518,0.817632432755925,3.018140886552148,56.44160823119056,0.09771859516803985,0.20165041432333225,1.3981349378242889,17.847661675477372,8,42.45198793861911,0.42752853489824266,3.4744752309350493,0.5065133110259924,1.0,0.29614897987554106,0,LOW
32.8644393769833,0.780998497749904,3.5713042430805424,0.4204094602655503,0.7085945530523666,5.082164216005716,30.86881178606963,0.15503159222411717,0.09513843998729024,0.9956107175918406,9.899758029286348,9,26.85430706284656,0.20821840373769485,1.3483167597427108,0.827607419296402,1.0,0.3926372575897515,0,MEDIUM
77.792523554161,0.27769099646511,7.220519933083605,0.8250889652109383,0.7414572438871367,1.9364068320766359,80.55108994966163,0.21518483412019773,0.3836778213467687,1.262575458860058,10.916507559157345,4,62.4150139244171,0.1944691311586673,-2.714130993172101,0.5266596324018499,0.7166603023662939,0.35386357416791964,0,MEDIUM
36.38076650850377,0.6588924168078824,2.03701631066593,0.3461664848710142,0.8558814803352794,6.216116386584599,29.56122181460693,0.0438914933820546,0.16233904547216546,0.7886089666061356,5.825061938250873,3,30.547959316573692,0.31990020492299676,-4.388351947887141,0.5456239879010221,0.44300247753003497,0.26435628601547984,0,LOW
48.6937126719531,0.434033006008409,14.436339415192592,0.45572629397557735,0.9377030349057797,4.185002428547562,45.34092704043378,0.2309871954209134,0.3995385608121882,0.8704722402514417,30.886748285741472,7,40.589714811890715,0.22696744319252682,8.6283479486779,0.310461950645535,1.0,0.6264090340030133,1,HIGH
10.987745892188554,0.8223744637880852,7.232020579083935,0.10406911547415246,0.6615319903135135,1.538938326691535,11.108010369855451,0.12894203009018199,0.1859603252148866,0.5319431089883693,15.294185912182098,9,8.392699197141148,0.20195545691403866,7.3612375029772394,0.9188892464237723,1.0,0.3615448506631983,0,MEDIUM
16.157985462537503,0.9383896577983583,3.4806520901851625,0.19251184248633527,0.7357905358814782,5.899350467044671,14.482550935137159,0.1673151071120133,1.6212747239060832,1.0739294871912597,9.29279814633736,9,16.033923576477992,0.2360786990332549,1.5318604491241332,0.8655090250769617,1.0,0.3744321320388147,0,MEDIUM
43.36195229456821,0.6287283973667446,8.65771199122679,0.40145843466976516,0.531811727843988,3.1436386859434435,44.760698995344875,0.3318150685669343,0.671286975437387,0.8212750561660883,16.782236374894858,8,32.458591229485435,0.11673679333275581,3.8596168882618316,1.0,1.0,0.6020631077750068,1,HIGH
50.7948009509555,0.48893042894024147,5.798375936607236,0.5427238763027286,0.9576796373719986,2.6079030374338026,38.22362007708377,0.294498900356185,0.5506698372668601,1.1198202026166155,7.459732844468639,3,42.590351245805266,0.21827217856244757,4.903024451405452,0.3079457584121229,0.5083893137787456,0.39442248566746846,0,MEDIUM
61.00174659014082,0.3565497704373206,0.702204576141158,0.7787482060509744,0.7432255164898351,2.9390013381425684,60.60884081012926,0.0984107228507472,1.239973872102011,0.8995367797996655,5.379798645313899,6,43.76194559562465,0.09987870780481056,-5.080958019104546,0.5634366104839076,0.635191945812556,0.3767658001414148,0,MEDIUM
34.79131919029078,0.49002217824818217,3.8508229032855095,0.36432567778418384,0.6728385382314551,5.478776131403213,37.476959807937284,0.34831851308914774,0.11174720844812523,1.4043626010270054,5.221894614092372,2,27.682087058590312,0.5196226504865357,0.07337351980348245,0.7357532817769084,0.34887578456369495,0.34683251291376627,0,MEDIUM
69.07346032075611,0.22359720329768382,1.4846953062306596,0.8852827937948766,0.7129127156673271,5.124385211713295,57.52115398603722,0.3503976920357456,1.5560108757791205,1.3586403292942615,5.909295490624547,6,62.623789829352596,0.26348335314251614,-6.074087175125908,0.5424295281478513,0.6563718196249819,0.37987807937104984,0,MEDIUM
83.1104037610824,0.3218094893603539,1.3090571988792685,1.0577739665295744,0.6024152953170251,4.698160214882896,70.35583048926044,0.24749759167456184,0.5282405582446795,0.5393258535295169,4.857479939773092,5,78.20981950946837,0.4076550657842188,-6.117612206370799,0.7572818017046394,0.5442991975909237,0.42018532953112403,0,MEDIUM
76.28733405593474,0.13469021376045537,1.4082751173190673,0.7803534894394264,0.9186626659679561,3.555937649060695,55.950646692804014,0.18066737592899365,0.11734724719480678,1.1182421635913937,4.796478253461261,4,73.44944517236625,0.24021935385184706,-5.612227296866153,0.18935110792829354,0.4718591301384505,0.20105697375499587,0,LOW
13.367600154610358,0.8814823841515829,9.25550030408925,0.1690214188279494,0.7601366267501682,2.579887793231109,12.787407699996988,0.18125280346130598,1.3692273032799096,0.8513403695597994,10.86935067357887,3,12.452869439200079,0.3209522273673369,8.001688916489618,0.800536251950539,0.6447740269431548,0.5890706309579888,1,HIGH
50.84309051691546,0.5721646126864613,8.445167245097405,0.647684191182755,0.6612510269628188,4.816570383187716,46.82548426167656,0.11974374594084077,0.4940981965483034,1.1293773111627923,14.063423349712211,8,41.18493228952153,0.05,1.720764316580535,0.7942057658990025,1.0,0.6257986748217406,1,HIGH
18.919065165544865,0.7104155349043679,3.1381326633431468,0.20786887008988433,0.8916934365267644,2.6848689819678775,13.54866723132581,0.3429550937366734,0.7422869921326987,0.7312506756192145,10.717204652998118,10,11.670429198042527,0.22700067561919235,1.9408751067762773,0.5176676126620374,1.0,0.6131436501237761,1,HIGH
30.573826348314835,0.7090385744993383,0.6838157649478072,0.30733123378504146,0.6719043612354985,3.112957832596615,30.60087839971431,0.14767086111853187,1.7925065753611673,1.2882467772887987,5.617822797072972,6,25.560374035871728,0.29290518144120015,-3.4692853877688763,0.8466627453964215,0.6447129118829189,0.23215579702879585,0,LOW
93.86632042770745,0.1363700387237779,8.779586064453907,1.089445746795976,0.8717129135072567,2.1599984920698487,96.84317798072814,0.5633598214230654,1.7708658630558838,1.2061384598194702,20.192659812836265,9,58.64934798911606,0.2866728577662833,-1.932763854512043,0.260615649101004,1.0,0.6051678227408515,1,HIGH
22.112121146628624,0.7798787342862937,6.68071362164848,0.30087936577001634,0.6072394136723027,3.047800194799439,23.5018202351369,0.15640289597723842,1.7865882184647888,0.7172495420226049,11.674755377536833,3,22.88388807093466,0.1381700595279241,4.275596030377485,0.9790802466346928,0.6769902151014733,0.47322318376010647,0,MEDIUM
52.40549304336527,0.7054173140196888,7.920322490809949,0.6392465884997296,0.7715525753267588,0.2173040600984429,48.123630672892844,0.53370186723748,0.4315412185793401,0.9637378758264865,18.02786735026733,5,40.356444151132756,0.19988483346015654,3.344534580044921,0.6953797940197062,1.0,0.7102502426763629,1,HIGH
62.543237417040125,0.24107968511934316,3.389905884100237,0.6169648008726079,0.7488083079427443,4.240682228435092,55.10259442115726,0.26726759277925904,1.1077753036552231,1.0324792118509567,8.952001360092545,4,51.70149834217309,0.2881133807985406,-2.2215501165518936,0.4973273806455551,0.6380800544037019,0.42500914774303256,0,MEDIUM
69.70952249624884,0.387603057428222,0.3325785087356121,0.8653589984871443,0.7576025009939035,5.050388130201851,73.22670682083552,0.13641376257847415,0.21249734541019474,1.1438636565867037,5.166104681554578,6,45.889509754482624,0.06679482969351569,-2.5363461596122816,0.5573977772232558,0.6266441872621832,0.45623478866096345,0,MEDIUM
57.5701380963877,0.41047448004440584,5.696409956794375,0.6411019292465397,0.7421148767269048,3.3426868796234412,49.4803090404087,0.27392262956298485,1.4231235057874858,0.9976103755191076,10.575126968057713,2,60.33783957236511,0.21718806635739027,0.6032462095116797,0.5920649249318457,0.5630050787223085,0.35049307025440574,0,MEDIUM
10.830522030630611,0.9534483920806279,18.778448778227865,0.12950752663322448,0.8932285962271401,1.9719658714682509,10.420881904512747,0.32372737263927454,0.33450272794904473,1.1572744373560144,20.223969718719864,6,8.897174453969635,0.6546767706979745,17.09003823250649,0.6368813016996038,1.0,0.6494420777748589,1,HIGH
37.74921120073931,0.6578124601285466,3.034460311725714,0.47829459227142473,0.7728252929872914,5.488639062747472,35.71622375325434,0.14832204435253976,0.4987662512066111,0.9858468010781496,4.99376543756604,3,27.716621671629074,0.5164539213378738,-1.7362364786665025,0.6696682905833362,0.40975061750264163,0.6868261000052192,1,HIGH
54.00548968770047,0.4012926073541956,0.3415996709705294,0.6250993265989143,0.7098419240206338,0.24444524596551806,45.84333975675509,0.07447498901489591,1.7760055761169928,1.1223544570150734,6.892282060012628,8,37.0948533304869,0.19383025803668105,-5.471420983624534,0.635883417646147,0.8356912824005052,0.22568050719907223,0,LOW
17.468652427310836,0.8436331871236389,2.0951008068581354,0.22831388751190823,0.666045117735175,4.598495377995354,12.835196746626398,0.04425469278846421,1.3108460494619307,0.7264269731291526,9.801892107040619,10,15.590227904754594,0.07438417124322375,-0.19907109872205964,0.9227489169590568,1.0,0.4951076729721597,0,MEDIUM
39.803289152780366,0.45333499236033337,9.31534161271236,0.50195043905919,0.9489224055999331,1.723255483759015,28.203265958174995,0.3950485457636041,2.4378091947492506,0.9948016905563276,18.63280589312489,10,31.696738681438955,0.31346331908464553,7.750615509597759,0.303283887780267,1.0,0.6298480216047726,1,HIGH
12.822264247266158,0.9200371575730499,8.114875111320513,0.15483354271122507,0.8726173107652075,2.6560438636779224,11.171975961005087,0.33968295945833543,0.36138274113759916,1.230024526076911,16.804957261507905,11,9.524358623297655,0.24266327295558804,5.43157616384526,0.6510926126387137,1.0,0.495588402947602,0,MEDIUM
16.679172258176763,0.8570609546974743,13.924654706647338,0.16268804707640744,0.6195005063571812,6.547827633076853,14.885838163677615,0.22914060379346232,0.13103722649462024,1.2822174623013995,17.04208095962927,6,10.079877085802572,0.33359526793716593,11.63916234414599,0.9992797178129653,1.0,0.5594555063710547,1,HIGH
43.738478477135665,0.6137080287200916,4.907077856286622,0.5764620172721526,0.8146115824504775,0.48439466669336967,45.010013224727295,0.1739818407914715,1.930013035811808,1.034607926989134,10.253720791441939,8,26.95946479195398,0.6806239614348437,3.0685888355040936,0.5849366406843295,0.9701488316576776,0.5505997215045968,1,HIGH
21.28083909366013,0.8718410750703707,9.720131717132427,0.2911118326831852,0.6752167774065826,2.9250073470220594,18.424198421683784,0.4262353818132572,0.5436390662621563,0.9801729742264705,18.568784034574293,7,19.410804696331198,0.4016318011658976,8.945664128553425,0.9230953714253114,1.0,0.6569116891344893,1,HIGH
58.24097210223244,0.44699986619445253,2.9512740743984582,0.5640536586938717,0.9468316268848221,4.982997897702297,47.318690239810365,0.3343647493618131,1.7614738741097835,1.2736068605236475,6.769759228116188,6,47.53879801265158,0.05,-3.7775536870861854,0.30325249276999305,0.6907903691246475,0.573937670267221,1,HIGH
68.60452237666759,0.32580192981718625,1.3467743525152218,0.7849184488371345,0.7798943154492735,1.2648385965690856,60.703928657363676,0.06745808660738567,1.0536343487453876,0.9798143248525968,9.143479893215053,9,67.36968807136516,0.4113335692822049,-2.7520533953908637,0.49305949173468294,0.9957391957286023,0.3264987686266312,0,MEDIUM
78.04986942427205,0.1490158388243762,5.2339071745556005,0.8034799873495081,0.8692581570953698,2.0996432154441727,62.06495896551628,0.316458275661041,1.6622928221043543,1.2289054310878607,17.559850433453597,11,73.29568104489485,0.3872087467667567,-5.420084272558626,0.2706206837691334,1.0,0.48835814573742253,0,MEDIUM
27.01277076080886,0.6728946312999874,10.5776719938359,0.34502376253315015,0.7407958757395356,5.713996901284174,19.89610083041249,0.3614672671214523,0.850726479468484,0.9786713353730256,17.906361746639647,9,23.17825947491082,0.21348231651820335,7.54634254224981,0.7252535020406903,1.0,0.5421659421237703,0,MEDIUM
24.23601949202093,0.8525785746939771,3.4902978518553343,0.30557132504933776,0.4736289509645161,2.5549462195966166,18.06109891155612,0.24729210751441855,1.33863525835427,1.0079997146505772,11.824884922751107,10,20.65989532342168,0.13513754883535217,0.8890964473580533,1.0,1.0,0.5975762010425075,1,HIGH
18.88826642842402,0.926024168172238,16.595881441120476,0.18329977632148786,0.7785817427226025,5.0022227905798,15.63309628803799,0.1757704386013978,0.10257220903150191,0.7790563253672778,29.719017067606153,10,17.668183122134824,0.3106218066401453,15.477730967721305,0.7951394700022152,1.0,0.6522993187811714,1,HIGH
64.09657121120912,0.33998545298294447,10.795655653766534,0.8579413456338517,0.8759415144926566,0.6911847749958286,45.19260580814271,0.11466458980733842,2.761016863525959,0.7501434885605994,18.30837767841094,4,59.8356262390263,0.17549447755138928,3.1728106942547782,0.3560804547524874,1.0,0.5666238943753258,1,HIGH
70.0504367513866,0.30317585226639593,1.546963176431429,0.6938401416219578,0.8628801238798413,4.965744571064198,55.205440288415225,0.2014922531192434,0.1597166610169175,1.1956258915599645,8.33953994470329,8,52.57515486153907,0.2844138553609583,-6.416268021415977,0.3572677403134361,0.8935815977881316,0.36976349801903524,0,MEDIUM
12.684822310179573,0.8007826268987029,2.8672289535731563,0.16472884616928185,0.9089238310337155,2.4965032665720246,12.875212060278267,0.21652781661999732,0.019846365069819502,1.3445638150883714,6.4956050663937575,3,8.21207473892309,0.429560213085497,1.0256966905531844,0.5370055668987781,0.4698242026557503,0.3939831814251129,0,MEDIUM
89.57804093071364,0.19804013831425915,1.2406260847047892,1.010879395172871,0.5995538882165771,6.8636890566275,71.11124803812815,0.0947436210360092,0.6053935043611371,1.021142503906679,10.748119018474693,11,84.85931176602703,0.1798691970231011,-8.229901611566282,0.6996892368322639,1.0,0.4432974615186608,0,MEDIUM
14.417559110375155,0.9090577547915908,5.701707116835601,0.15342245797674173,0.7529700406620138,4.467113439376741,10.730871085532671,0.45198269938333957,0.9955921617917313,0.9667616986477823,14.194959436527867,5,10.098024840186254,0.30780608084970656,7.570190682538912,0.8250738164027747,0.9177983774611147,0.5964898894554356,1,HIGH
56.01018850059099,0.59519550991119,3.149547916554916,0.5484067511582051,0.990573688530167,4.815676950309702,60.47040437742994,0.35337727980293515,1.0082043898560447,1.204528315506783,5.774069738093946,3,53.549620988058656,0.4369999935820222,-0.13137320721414758,0.31173722216034444,0.4409627895237579,0.3999861640843698,0,MEDIUM
70.27014415332789,0.22703271229234193,1.044988597146398,0.6913226870878334,0.7391114208381108,5.032652485455654,66.68552683019637,0.07188676646473528,0.33148301052001244,1.0674729998295598,9.360175270735068,10,61.70711401876872,0.12015207065542158,-7.742590964488614,0.5048492248890049,1.0,0.2651764399393818,0,LOW
84.03237551841728,0.12943561289436983,1.403587629593888,1.0343925578893534,0.8180290038304364,3.244010848682338,60.84031211242306,0.06307530148130798,1.1213923077821657,0.5203354828745631,4.675765523241508,4,63.95553206105601,0.10275326971736849,-7.182842659746571,0.33767430070153026,0.46703062092966036,0.4255600688672424,0,MEDIUM
70.69738923125637,0.3115417814894821,0.3378778471580232,0.8308464599883524,0.9365389375941553,2.25599991164145,51.24836683251443,0.17669614804863853,1.4789689528277785,1.1987344688923924,4.299195739776155,5,69.53252731270486,0.21827711106081732,-9.687540057397669,0.2509624843535081,0.5219678295910463,0.2739698766530951,0,LOW
78.1468870609323,0.27025029240873866,0.38301474163231897,0.7510249618362166,0.8861047351271464,1.2077042126723978,73.83699639245694,0.27198320116125463,0.7533109191692304,0.7326191473583376,7.08831370803153,8,71.19383395635325,0.20325207910002652,-8.261169970741495,0.30596804351364976,0.8435325483212612,0.39652183154761067,0,MEDIUM
38.85326636613851,0.5942139253348043,1.2038975297881342,0.3715727972477674,0.7132346287390697,5.611032025353462,35.59159374375749,0.2788919915779308,0.39019786669030326,0.997655933277441,8.74239528920226,10,32.8426163689471,0.22184524434780445,-3.0576806098219613,0.7272550195587976,1.0,0.5228289546356436,0,MEDIUM
79.26013466845355,0.13756176607916853,10.928962588354024,0.7419979414883056,0.6472486714958517,1.5397905687890874,57.64985173503461,0.3735279101966068,0.7606531222716506,0.9117027170369292,13.805891594318009,8,58.2882975808925,0.16826851388896266,1.791127672010297,0.5979078757958066,1.0,0.4528793898676602,0,MEDIUM
16.809761942697385,0.9024149828869118,19.78101793824493,0.2138006177347804,0.81292054071083,4.48410787827895,13.275109253634115,0.3352778086943761,1.5857380454957046,0.8718682847725326,28.10845378944412,3,17.546471147194886,0.17768754407764958,16.38998745256135,0.7318266803772109,1.0,0.6398471436099411,1,HIGH
86.05941576514485,0.197096671352198,4.787913606522834,1.0808555236288322,0.7688633734858368,4.043361769933304,92.22274721215227,0.3716033650756604,1.8458510915207538,1.0093875102509613,13.351164681659611,8,84.10958746728488,0.5192234577323479,-4.342258426218368,0.44525327544734383,1.0,0.5112381935027954,0,MEDIUM
56.54535197306758,0.3612445522242262,2.5716754094800702,0.5254281724776434,0.6588198399149178,8.620401945820287,52.51956742556683,0.43598138224831207,0.025619171361121768,1.1787255074991194,11.79220272705922,10,37.40243660191119,0.3391918190769507,-4.869309663932759,0.6923925162397365,1.0,0.5444110072931867,0,MEDIUM
79.47031044681196,0.31373231962032,0.7255843767168665,0.937856978230059,0.5207803533428729,3.1471487306180466,69.62633574813803,0.20799272156963344,0.10445018187118645,1.006264222602214,4.247726356688769,4,76.51424886676567,0.49213092553661286,-6.781216794181598,0.8756956297958507,0.4499090542675508,0.39996846510213446,0,MEDIUM
48.44705418405551,0.6091453548951733,4.600826009405675,0.45653503906220005,0.8130534494674513,6.194285481864698,38.76065504713514,0.3248291823641119,0.003619413605407656,1.2819789520107259,15.914352307703911,11,31.68848515738338,0.11068684275725299,-0.048350965088697684,0.5849925032464097,1.0,0.4771710162377643,0,MEDIUM
64.70410409170462,0.36370267886277724,5.331905138933438,0.8747172388949354,0.862329978240349,1.6488465373669805,48.753197682576186,0.07886992886911397,0.5425157185365784,1.3068001756361516,9.563662872960611,2,46.036095174526366,0.47169857798154075,-3.9307144088212698,0.38835637207086515,0.5225465149184245,0.3589714652572511,0,MEDIUM
54.74422617956962,0.4589255671943867,2.2732100218669964,0.7409952414512497,0.5895312288261915,2.503502405559903,47.13766231850519,0.6140613535620755,0.4587155213141159,1.3049741942518907,5.253270836318375,3,56.43568008412693,0.11875436872849633,-2.659116559478498,0.8451659403579062,0.42013083345273505,0.3748787830454872,0,MEDIUM
72.1851093492032,0.32247352819724057,4.6421785373341296,0.9016761077472382,0.8848653721101212,3.6658672956590115,77.16202892259355,0.3027870907305842,0.6313770464318208,0.9888305174374847,11.804129617222682,8,71.56844104780129,0.1374183776985733,-4.203669997101674,0.33393870593343855,1.0,0.4368007064238809,0,MEDIUM
16.938548472600115,0.7616782696534983,2.08418210706484,0.23088841595633772,0.8649522995983933,3.8138528483367184,12.187024065560896,0.09120706922776682,0.9207166024070651,0.9043564262121796,7.051921559423482,5,14.7822974169089,0.14973714764524634,0.43343440349242834,0.5834106854291592,0.6320768623769393,0.3733755967909017,0,MEDIUM
15.129927139197923,0.8511032469411474,3.857141231338377,0.19755547038798377,0.9046518500879217,4.0711593981190735,16.58832391012023,0.2320563025819845,0.3642922253298633,0.9932604951590595,7.303919508378778,2,13.837947491578374,0.3579972403679521,0.5894588670467669,0.5685738483386911,0.43215678033515115,0.2881098897275158,0,LOW
31.00377489086245,0.517771567522641,4.466613977198935,0.4074730914999519,0.6550774831391065,0.3429261529862323,24.27983394224405,0.17665560697163118,0.18713842210177126,1.225064434489132,10.062415170201266,7,19.852469257692974,0.09112722311062009,3.1782673869678613,0.7762695590526607,0.8924966068080507,0.4177157710135819,0,MEDIUM
23.56129780962101,0.8345034735440248,19.09946212789656,0.2791669619453754,0.7148080164169994,0.18984020591229134,20.345344272020203,0.516662504354544,0.401783975828519,1.2130726883677854,15.527400817473673,5,17.66080042724015,0.43030181966919734,16.983922703662774,0.8450397121465132,0.9710960326989471,0.6345954834990981,1,HIGH
84.10160316033715,0.05,1.3833753424628072,0.8856147746027734,0.8556032471056937,2.5448069633331474,60.38667710871889,0.3063609135226455,0.007241476244727034,0.5,6.1517919635894,6,62.663354142266755,0.43292342865978256,-6.351702509822184,0.24159512934145946,0.6660716785435761,0.6150214742797261,1,HIGH
28.633188925433767,0.8339416970199823,7.729379801235905,0.28888011638350786,0.9618439491781341,2.6008251467616907,26.740903968533097,0.08743666223994864,1.414965828350652,1.0611698547916737,11.197461515344031,2,17.600849676379987,0.07818939215928562,2.5236737656391823,0.47420492474279,0.5878984606137613,0.34562360578070017,0,MEDIUM
92.94854674462616,0.05,1.019784483631432,0.988600753418276,0.7200804454195604,2.919532003874248,83.04228639713197,0.3576367318199821,0.3872512764290157,0.5263975100945955,10.055693539721247,11,85.21949009030887,0.26093666554531186,-8.482539592916268,0.4448793318706594,1.0,0.44300068176806917,0,MEDIUM
38.63614230054408,0.596705218440065,1.8386678179684484,0.46913847506571,0.8548143176699134,3.3092499336710914,37.34889475709555,0.2581126142759131,0.779959058567318,0.996186348246534,7.541338940848574,7,28.528904590162476,0.3364599844508211,-0.902549181038732,0.5161311327151623,0.791653557633943,0.5267809437934717,0,MEDIUM
25.480022833539437,0.6949810591778453,3.006543571421125,0.2513166678787016,0.9441926160925566,3.4589048272050986,23.36699641333726,0.18124756026936786,0.314108948421338,0.894199263894275,5.967643675540243,1,22.547060692191554,0.19157671927364536,4.470013557358554,0.4312016054500878,0.30870574702160974,0.43062287659911175,0,MEDIUM
77.12437310711073,0.20571315901512655,3.30747684434897,0.7938566885186377,0.9106666297850722,2.1036511391184733,66.27074598541084,0.3133015742975491,0.7632198093383525,0.8326160342988762,11.875124527262248,10,47.21946115048958,0.5455328999888925,-3.017229165425987,0.236856634829955,1.0,0.5195327232969708,0,MEDIUM
65.99016091757447,0.4535808984360982,11.259051757421656,0.7483485065336275,0.45525671949425517,3.8220114550874618,65.66698592494635,0.35589124737942357,0.6219805964175269,1.1698511278300616,16.634110944784926,10,39.64290078876644,0.21496331412371533,6.672643629278486,1.0,1.0,0.5984622008940559,1,HIGH
52.346635898516816,0.2775089484920255,2.644412231371768,0.5321166663545589,0.6314102124534386,1.9769213076379852,37.16655387537543,0.16778832255665732,0.18712028901191027,0.8705427813192166,6.200856130023949,5,35.412660881991535,0.2569148005764112,-1.6223941823738572,0.6916391555658548,0.5980342452009579,0.42361010524296483,0,MEDIUM
57.205901829698654,0.5300982125900684,7.889550991025661,0.6832225763795408,0.6032721340353241,2.2317196978859895,52.42415250285709,0.3009783308376716,0.7853549542274694,0.9980990703643203,12.829213170536587,9,52.41770924824312,0.44196486861053613,0.4774259831537908,0.8601409052420481,1.0,0.5112581739736947,0,MEDIUM
71.13215115314242,0.31572036695671246,11.935557012413229,0.9685268443638486,0.35,3.7487652146517996,53.03260954460415,0.4051622174582293,0.09288772664736479,0.8135264295947773,16.603805493889567,7,62.01849752514125,0.35421433245043227,4.587556040460577,1.0,1.0,0.6855963215353289,1,HIGH
29.41865301316039,0.6092517380398188,6.75272192801707,0.37480678448072113,0.7914261736926936,3.9556349781973057,25.72376825397171,0.1717490616323463,0.5248134541158425,1.0147443781369847,13.720913979671778,9,20.31086851294874,0.11231708808537777,6.219877846257303,0.617486608480869,1.0,0.5975522291813138,1,HIGH
94.68838286482307,0.05,5.058659563303065,1.1677097377426076,0.6521171177259946,3.037673969183622,96.24601876405869,0.1519429093856124,1.0180242136059117,1.1919460825836534,12.263698717739604,9,79.11387318943402,0.4329773614306982,-4.474945249063734,0.5468243234110082,1.0,0.5530119300218189,1,HIGH
92.85741878247657,0.2055372543518905,1.2345795214832056,1.1062668296871323,0.870156021043329,3.6886443450838566,70.29160801796004,0.150324665812915,0.6371416175605331,0.8244246625038449,2.779535678596398,1,81.58910078868642,0.09622223449467988,-6.3540691385299874,0.29753459561095175,0.18118142714385593,0.23052375593106975,0,LOW
65.27768333948964,0.27158261620968505,5.1719129412765,0.7467596955886503,0.8038331999161962,6.403447044341663,70.12939098283782,0.1737627557481498,1.0971910212188285,1.1279873027664509,14.253935126981643,8,66.74807573659623,0.05,-2.1209292218963793,0.43004150823054826,1.0,0.3713247241106639,0,MEDIUM
26.961108328977335,0.6381208758625498,9.161885180986681,0.26779981711020695,0.4823015272284658,6.183933543224595,28.454804335231874,0.29628787910870574,0.25524197472544535,1.0112972488417789,16.55150047050942,7,25.426794465490435,0.15129926239580058,5.865175770328607,1.0,1.0,0.7229179875287426,1,HIGH
67.81940060665977,0.4127911573225806,1.0270782161324925,0.9137682394777459,0.9661873943797502,0.481000780695997,58.72902571059911,0.2287377243816095,0.04004033155308066,1.009463947608801,9.963903395529067,11,44.837102717391204,0.22701416032240984,-8.03787216655607,0.25711448709166496,1.0,0.4583818954598733,0,MEDIUM
16.136864763229948,0.8657155824705736,2.814798456157611,0.16528474213544447,0.8343877025735124,1.272604167903258,11.334371412971475,0.12722837068802154,0.04607818696518982,0.9299184299056054,4.565999088794291,2,11.644418455996792,0.1314366216195518,3.7496081456580277,0.6812762373750183,0.32263996355177166,0.3935310881606165,0,MEDIUM
12.605462687493516,0.798911327002153,5.011499906251039,0.11920411743418373,0.4230707275822702,3.0737129307719844,12.805863459359967,0.0891998497982501,0.25037308532531233,1.154681442541723,5.488475765300231,3,9.852036450216563,0.05,2.116194695116606,1.0,0.42953903061200926,0.4506664099306711,0,MEDIUM
31.903045523453162,0.698299542797838,2.915077265901592,0.40676625174214814,0.8741377838393866,3.1807557878665853,33.57343543348958,0.2450588924904035,0.4189491662453142,1.1341835618875846,9.766336522159557,6,20.653418175600603,0.4594647293297568,-0.5007702074866922,0.5379430956398392,0.8106534608863823,0.4884632214905643,0,MEDIUM
49.32295132284189,0.42471027208035894,3.960876387357963,0.48721594416233194,0.9616714147590658,6.9175483224697,37.97350529538662,0.211129044776882,0.6168959815676494,0.9733130327562115,12.562013757352705,11,41.92009438611842,0.14942180421017,-1.5976548464571108,0.26984801390158075,1.0,0.5289929553816817,0,MEDIUM
83.80316295971234,0.250034082276685,0.6934651934827263,0.9100587719054826,0.7757315545965968,1.5221678644622978,89.37413606294774,0.33354295428394687,1.1339351382749028,1.0405356579561778,9.916670702476832,11,84.48966025916076,0.09247472549468162,-8.072266589790603,0.4614197092434473,1.0,0.30002305417243513,0,MEDIUM
71.80937093013618,0.3668159678884888,11.060980655225173,0.656439952908122,0.5897010269040728,7.289542787595051,76.5228598316883,0.11105143707686492,1.4641149674527592,1.148595232244218,18.86981241110957,3,52.98597809140546,0.1712737816050546,2.0033018268322964,0.7988564435881352,0.9647924964443828,0.41618494877190415,0,MEDIUM
73.13005430199838,0.31125995288577163,6.907812301524948,0.7082894191232162,0.939414384008901,0.18701578572896224,64.97724822266503,0.21102107250690533,0.9465025209317354,1.1083038433775272,11.493079231852974,8,76.28127600859028,0.16654528931583976,-2.023462796471621,0.24650840042953434,1.0,0.2971489157993326,0,LOW
46.1669334280864,0.5672635506188973,33.20002042595663,0.45548380330675625,0.5921435057819824,0.5540130375414823,47.05398139302029,0.2530476481120395,0.49771710011036413,0.9386726651892505,35.599155385020964,4,32.87976048989703,0.5235448212416345,27.57931557599055,0.8954165166364751,1.0,0.7863033430782304,1,CRITICAL
39.40447436649185,0.7468503063244714,1.5894035245560867,0.36536028171947377,0.7972416801074973,4.231922236230677,34.59630853824066,0.044984178513289994,0.2457496685000228,1.2331415682204894,7.478014642683556,7,32.01691862689697,0.2948898725127137,-1.0187317158582856,0.6775626330009897,0.7891205857073422,0.3734268475789333,0,MEDIUM
41.53829485369123,0.5845919576541457,6.925623043008925,0.5102267050928574,0.6621084292023759,2.0955556864998575,38.44861443952429,0.3231266401333983,0.44661660913491463,1.1728275637291696,9.534120672757808,4,31.335067826707153,0.2240333155048445,3.3359356695332263,0.799133335023509,0.6613648269103123,0.41276980000132246,0,MEDIUM
93.95021291756491,0.05,1.3124365283652586,1.238737219404907,0.6414559551899625,2.9013634103081887,77.78472627068359,0.2270006236995759,0.2554990905523094,1.42224780376011,3.0207542577231843,2,69.39647990881443,0.05515281207139311,-9.521553831162315,0.5628160672150563,0.2608301703089274,0.4987339210222571,0,MEDIUM
13.409281270061012,0.9018651003259744,2.2659101668235357,0.14571298786258927,0.8375321457753346,8.515430610251226,10.241844611186478,0.11253799306985714,0.7835177993132123,0.6860861157825597,7.727498968991917,7,10.32570789881801,0.46094722918784903,4.660974152488364,0.6946343314999852,0.7990999587596768,0.4494156917328806,0,MEDIUM
83.69767717040813,0.32990699225888787,5.649594745302911,1.1192791925796377,0.936687460927235,4.989419698928991,83.58172521447216,0.16916887274149395,1.3639086675571528,1.1403971278632312,14.099623433498689,8,51.43937179464814,0.5584999983796132,-3.6413962791872665,0.25992230473859146,1.0,0.37291157996254376,0,MEDIUM
59.18740972865344,0.3269451432585974,4.300994368004676,0.5958238431713555,0.9398494092389617,4.870851230421096,41.46416235375437,0.1767984358284469,0.5841622606497858,1.2304179100500192,5.242036997245138,1,49.68218712602059,0.2465551628532021,-3.754424045691297,0.2536984577708562,0.2796814798898055,0.3714519255951975,0,MEDIUM
47.28231063111519,0.49825987235332925,3.4870512521461388,0.5024668510961,0.7927681437153953,2.9374867522054675,44.05865356140943,0.0696884407649723,0.03753868490606402,1.2010334223185715,7.541296088937821,5,44.14438798065263,0.5889903675164442,-2.6843567714608545,0.5599777206035716,0.6516518435575129,0.2952004511362507,0,LOW
71.64690113528661,0.3168466716952501,4.360207643408688,0.698821302403252,0.7825573964734232,2.0560786676748535,74.93366049270128,0.15827493338222276,2.247383946960356,0.9494573886237498,12.037056781970847,10,70.83776543282995,0.24704014609338237,-2.290360801086793,0.4845872411374903,1.0,0.5131183671023065,0,MEDIUM
51.36686002109974,0.4820190118685435,2.120910554004408,0.6216826268193675,0.8585764855875588,1.2490039527513384,40.50332978104769,0.10455333643644182,0.2788339243460765,0.7273686804369248,9.712503542427005,8,38.31761468043849,0.40795266999528174,-4.2856732621463385,0.4531447775529335,0.9485001416970802,0.4120618382147952,0,MEDIUM
84.24097523694115,0.07900596120040332,1.326496726975186,0.9350198961687209,0.7372218318376149,3.3118496109119664,70.18619262446349,0.3411719371770367,1.967487862959493,1.307930922166833,2.624094036986314,1,71.4095505414941,0.32848940870598065,-5.713465288672788,0.43367023284377926,0.17496376147945258,0.5347281633149021,0,MEDIUM
86.55965844095698,0.2241520440888679,1.555015730557466,1.0444649111194213,0.779083982782649,4.8343429847976545,80.93279081380678,0.27156801954381676,1.3416095864032913,0.9036511779236818,4.678343390200461,3,86.71184870634652,0.2482140685274605,-10.014419670411732,0.44345004787046044,0.39713373560801846,0.5247460172048175,0,MEDIUM
45.84627878424371,0.7271404699189437,10.49193452590663,0.5872163093365144,0.618121572699612,3.7464077027198392,36.61962800737124,0.29236881079471627,0.4263548976735332,0.9409110228035866,12.854060556530698,2,44.009791700972364,0.11128580118317621,6.913514292185622,0.9363878759100539,0.6541624222612279,0.5303873430119588,0,MEDIUM
33.53036276497939,0.6803868890721188,11.1555417833892,0.39326136533245515,0.8505469090519983,2.302047914231362,34.83787064142697,0.1832609982415802,0.04669992556547824,1.4133097588968924,20.331056087711367,3,27.120489144934307,0.4627584184466441,6.485187955440308,0.564373080958062,1.0,0.44983186510410306,0,MEDIUM
60.34977793043579,0.3241767575167621,1.2118442434857766,0.7325347640775396,0.890255806286341,5.852075077926799,51.09461244083991,0.1620060480182431,2.3606668520430465,0.745377159954955,3.7326037757087707,3,40.68666247987656,0.07683073523739417,-3.1543288752526877,0.3267046693288695,0.35930415102835084,0.4447240993942541,0,MEDIUM
87.55088437741873,0.05,8.401768728561374,1.197367920094182,0.84197671018819,4.1731538134157065,81.65393727870162,0.16812441379935808,0.8608241567021491,1.1637775920570417,9.22052708801531,3,74.52647804444221,0.10095886417088804,-2.036760289086666,0.26203493471771505,0.5788210835206125,0.5409226460082665,0,MEDIUM
27.90628606548166,0.7415752178428778,5.5067828275063,0.29288544546893575,0.6360529222232847,5.23354787585524,22.05848081798057,0.08046770796145805,0.22977665783720985,0.8492424690057909,7.478600569667396,1,29.17220694657611,0.3431188598786993,3.2130133157329963,0.9167082255865119,0.36914402278669584,0.3869362214159079,0,MEDIUM
62.95215960289604,0.4587885914363402,5.412043474576005,0.6796201643685112,0.585693570287859,2.2700746716861477,45.10865543868153,0.14738144461504663,0.6100598945706822,0.8448534353292073,8.536668965855123,3,59.23013055572691,0.22567867254149018,0.6022008693755001,0.8508539402863817,0.5514667586342049,0.2747706296123011,0,LOW
63.68261870786425,0.40118723264098805,2.11221057043269,0.8016697160162186,0.8846231681887555,3.885356320111537,49.00250821950599,0.3699626390944039,0.8070988270142115,1.033530545744874,3.0998546212560116,2,62.5115061635961,0.14180572665912528,-5.5789217098190145,0.3736588640373607,0.2639941848502405,0.3547617540286578,0,MEDIUM
72.31460690529889,0.27666162367350283,3.5419516773443154,0.8718630529721938,0.6605034665267577,1.9476521739512793,51.956568038758434,0.23008982846046783,0.20562848981899992,1.1352749597856513,12.141759029272492,9,49.53136481435174,0.20505409722589765,-4.442203641551044,0.6475756120466148,1.0,0.37026194165556303,0,MEDIUM
21.183253235817084,0.7410257354986846,2.1184525395119014,0.20955881776130744,0.8675990780119295,2.3652659263208626,18.79889929419125,0.11390921448276198,0.07856714154844589,1.1900401410450185,11.335280907943211,10,21.326262546964756,0.3327135990055813,-1.1924361133890717,0.5691142507314481,1.0,0.49941877707348376,0,MEDIUM
70.84512199797753,0.20417568940277747,1.8071023655738148,0.770847108316319,0.8485460642368066,2.168734453095888,66.21574440985006,0.2606059617594738,0.24899592223512093,1.216294634106053,8.256599004524526,8,42.9573064729759,0.05,-4.294246817799308,0.3292687483461789,0.8902639601809811,0.2710645028465709,0,LOW
87.26776425657948,0.19410246354019572,5.01130332558477,0.9895457655073862,0.7017346523704749,0.9767041603991145,62.64691717656876,0.4530119264722964,0.03901837279362291,0.8586824801558347,12.372359984810348,6,86.22013507853659,0.12891870774023245,-2.4985064896758273,0.5444492532143854,0.9148943993924139,0.5185235609880452,0,MEDIUM
25.273064253970567,0.8203710871711412,10.660136617382717,0.2804539098979222,0.8697209027686413,2.8824522393053726,18.605850177287465,0.400937695558765,0.0580449502615832,0.7712946118995784,19.49040306684846,7,17.883329918600364,0.38032997049921247,4.4406783663489335,0.6056041894326085,1.0,0.5737655893898809,1,HIGH
30.1911826185296,0.5744297908794453,7.858103251407702,0.29863228003843684,0.9489064760771196,1.412508133658417,26.997257733089835,0.17152645890402685,0.13623696339243732,0.9314712205345541,8.089163203720059,1,26.57491212325044,0.42228402021615485,5.02484519922187,0.3638551813240432,0.3935665281488024,0.362141860204736,0,MEDIUM
92.56858299353937,0.2015012883190611,1.7569930285617348,1.2609831653071375,0.8613672807564421,1.3508258938117763,94.38958964776445,0.15560377074047577,0.13796640537102212,1.0694957316096858,7.379433693774714,7,67.74848601890285,0.08368200377196296,-7.77092994741115,0.3086997230248674,0.7851773477509887,0.3587778988621795,0,MEDIUM
25.38304098030663,0.7920952878684537,1.688474669367663,0.32519721066343366,0.893194331841294,1.4265525868158124,24.14444177598521,0.26582218855414247,0.22796366029368104,0.9588723715377916,9.330095334294896,8,16.77522479870813,0.12195754460444747,-0.9188916659591524,0.5562561461722858,0.9332038133717959,0.3057935041696803,0,MEDIUM
82.62273293641422,0.28574024224752126,7.109290592453971,0.9424592682458907,0.8020002815447249,3.6731158313810806,61.29649087603201,0.3693594597543961,2.217165662251039,0.5,12.506508773356217,8,58.76079904747478,0.4860854723514843,0.507412093912716,0.43986969880667326,1.0,0.6713559883875266,1,HIGH
51.84361779808296,0.3741936021403611,8.706673075416816,0.6428766803373013,0.8381799932435255,8.681694730610358,54.69589342853005,0.1999298103729556,0.6860779515688864,0.6345640351027646,11.611253530630353,6,42.139411682685804,0.22794228536198688,3.9687309870476186,0.42982681120489225,0.8844501412252141,0.5986878712350101,1,HIGH
31.01464132427005,0.5805876543240643,0.7961067735947217,0.41827627313225946,0.9518803328600458,2.4420803516276584,33.09200491293757,0.04676243741810532,0.43924464497577653,0.951905379073924,6.149955012927149,7,31.444120532309306,0.3980423776514968,-3.8134945564572984,0.36247332787196346,0.735998200517086,0.28622055636218424,0,LOW
84.01374160816347,0.1479450391369815,5.451376455072579,0.8133261705238628,0.700816308975248,4.9087860304504325,69.72995471321566,0.22132529211968888,0.6637229323388272,1.171040170583912,17.7986030068221,11,65.11499937046369,0.05173394446102062,-3.0294798312822246,0.5227480561056187,1.0,0.6781546999331877,1,HIGH
47.85094667522657,0.5617132873993499,3.4648276957712736,0.49056145756850605,0.8405376661418519,7.704510638592305,45.286476476780955,0.21387451815125794,0.004582341179649611,0.8190706584160955,6.473435417185529,2,29.913602739371914,0.29552686764216124,1.3978276333822603,0.5200501444868971,0.39893741668742116,0.6373119247418259,1,HIGH
53.75947508402366,0.6061141149939204,7.2330371427705655,0.6297119466560238,0.7968418059657718,3.7468087756406216,48.218532224233925,0.1261373028862305,1.8011099563733357,1.146614228993013,8.552434198141228,4,32.830672984390354,0.07193327595221775,2.4471603658648693,0.6077943485483025,0.6220973679256492,0.262046241953343,0,LOW
40.53483639898008,0.6511379491154098,1.208834675006413,0.5267523010101016,0.6912846349663823,1.2285640424646858,43.64829721743026,0.3087093286758388,0.6079650494649145,0.7007792675048905,8.235963812926476,8,28.1490835843752,0.23496130814425764,-4.6946149245214475,0.7886420221081315,0.8894385525170592,0.4105393708043852,0,MEDIUM
60.40082237196883,0.376577274135349,2.3019349856721942,0.5545565288461095,0.5657918160721477,2.276707798474978,54.57210756863271,0.1227886774741399,0.48067417804676565,1.0511137042585483,11.919802558976238,11,37.65465731461047,0.11744494308945869,-5.05941463382371,0.8396009129594529,1.0,0.3740596242806644,0,MEDIUM
23.899529169726936,0.6788951716894593,6.276214234877002,0.3326836149483357,0.61981368321354,4.547461956014089,25.906762805509707,0.2278661226748341,2.272378078617461,1.0525704085346832,14.39335991125225,4,18.331135280789823,0.41428603736770336,4.271486696437449,0.9097270610244197,0.8557343964500901,0.47765690182238735,0,MEDIUM
43.24193061539966,0.6659807396635354,15.442255276132219,0.48753257433023584,0.728252461407911,2.356529206646981,33.71733412626935,0.29198353038516,1.0486767098807988,1.093747789669332,25.142271301697008,8,33.42228653344287,0.0652988680962569,9.851232708039024,0.7406116777199012,1.0,0.732062275743499,1,HIGH
92.40004739849944,0.05,2.7018743138908627,0.997565298688816,0.9092749904404095,1.5260329737716702,77.45107829455146,0.14911620846694454,0.32929219322488895,0.7983437049810866,11.295485198156271,10,95.8616631538069,0.2111933480691065,-8.157111553717204,0.16108751433938576,1.0,0.29083587761597235,0,LOW
31.94134177959584,0.8108640665858273,11.64818190468154,0.3342221325977637,0.634939205463701,2.1148691208484163,32.341825390425534,0.44045847266103444,2.2010687006050853,0.6904733884401004,13.673125527251688,4,23.566499532561068,0.6472109345953844,8.827498900907397,0.9530232250973621,0.8269250210900676,0.6048468253871965,1,HIGH
65.82261648600984,0.3190230631713809,4.52526509697694,0.6497866218714218,0.6650810751229368,8.19001550479113,66.70755510951982,0.3166601208668424,1.528421566404721,1.1452103849433624,10.95193611122993,9,57.234105194610706,0.05,-0.44754971329641413,0.6618899189012852,1.0,0.468322111517646,0,MEDIUM
37.64115545909907,0.7508350112184373,5.991484030718729,0.4877491819489011,0.6861279569264292,3.6690291081909923,37.372898597191934,0.12003798476408511,2.4726276251486503,0.694768257650358,9.668833121265523,1,36.4543549128323,0.45908609849638427,1.0285570825640475,0.8462255702195748,0.4567533248506209,0.2890019755200134,0,LOW
75.74521568336105,0.29686234637113174,4.899864009187508,1.0435472010284061,0.8321685233794844,2.2992372296228134,79.0662332963381,0.16797804754434192,0.08093893412204656,0.8458180611018805,9.931107186804256,6,62.93369187423745,0.12981649172534643,-4.290864933706455,0.4001783881163392,0.8172442874721704,0.4798233079367184,0,MEDIUM
21.124261161059735,0.777797749234006,5.706841876916687,0.23380804959582122,0.9440676406740972,1.3070068286377639,20.723290346729065,0.14544412749754282,2.4859550315653935,1.2783365250319942,9.18479070885615,1,19.296107127178715,0.6622013862180213,2.826290949691592,0.4727974136058572,0.437391628354246,0.5599594841263504,1,HIGH
92.4347888316763,0.05,4.477947526382522,1.2720971284773572,0.4270013641722764,4.650273253626664,88.22291058547631,0.13047057895184094,0.6262524406888023,1.033977789643326,11.64825810230643,6,95.99121540879266,0.5542766564539572,-4.749542671868993,0.8844979537415855,0.8859303240922572,0.3896128641652608,0,MEDIUM
48.57211101760934,0.4870062596362202,1.765950601978543,0.6372169453232457,0.913404321737564,3.0718796788735956,42.91686038591003,0.2677248174022213,0.892318092918195,1.0737507983632961,6.173770360460754,4,36.22840981370171,0.2718859069112177,-2.013599188372843,0.373396647211764,0.5269508144184302,0.4404479362251921,0,MEDIUM
30.064289384449438,0.7336224415455246,5.320348097383756,0.34289090598586347,0.7962323253972403,3.1213855149196412,26.662067002467538,0.25138762970795087,0.19084832582228195,1.1249471478473352,12.32115333655884,8,19.042563340585705,0.10900338673785324,3.4904740828743708,0.6724627326769018,1.0,0.49056576436854404,0,MEDIUM
16.247223523051076,0.8437002844669066,20.695531182653674,0.2009802816707114,0.86367573927156,3.1550005226619944,14.012655092753956,0.330800426426798,0.12103187811207111,1.1178239316422676,21.197501029457186,8,12.894472355902407,0.34760638618820994,18.171113374988778,0.6263365333261133,1.0,0.7317542809906795,1,HIGH
24.429421932440963,0.708200868030094,12.78645316552329,0.27299685762642734,0.8768507126614519,7.3179590734721875,23.16116164968595,0.35675690262126597,0.0661728535655289,0.9957433669727447,15.205166921276692,9,20.600967741833603,0.05,10.638739180399655,0.5388243650228692,1.0,0.7470924009131815,1,HIGH
54.1807856272615,0.44494163090197447,5.544306863263431,0.6389874366718394,0.8713802842228492,2.90139149832014,46.739898407928116,0.17548264874183658,0.4389785911869539,0.8197156579005994,10.868517996625672,7,46.649325294262304,0.44707379253020696,-2.5001567889385488,0.41540038911671345,0.9247407198650269,0.45228046729607296,0,MEDIUM
38.64526999665934,0.6198334624109386,10.214925961598194,0.3590235118019198,0.43853525883097577,4.397660592305927,29.33167203400098,0.3305504381274147,0.20015435751627533,1.536811563073523,26.359175659982416,11,36.031040064904666,0.18018547915686375,5.82741305336402,1.0,1.0,0.505882270070174,0,MEDIUM
80.4550861000218,0.05,8.528170086431832,1.0041854641682202,0.7062788206553551,3.3208893044689414,59.74690004772284,0.1775232299953302,0.06811775829565463,0.9414730574609093,19.16973677509223,8,80.78803010685122,0.4113017217592511,-0.9053872407487245,0.4655817690169674,1.0,0.7344405347036943,1,HIGH
46.625439511253504,0.5703990540705608,0.5779420057498857,0.43194381693177447,0.759887426572026,3.045171813798391,49.879378117561316,0.3301540640777146,2.482051914289987,1.0662093021941457,9.534551975676678,11,38.46945502871126,0.47271781386567824,-6.250811173971497,0.6453683871772413,1.0,0.42189871004901836,0,MEDIUM
31.14071316994854,0.6102151703231701,4.3916635785100295,0.40748945836707406,0.4299962527832302,1.1156130929306087,22.106654108474014,0.22000370574612696,1.057578720660183,1.0880278331024997,6.297773808530502,3,20.694018063819104,0.2555464656552197,2.9927979390115316,1.0,0.4619109523412201,0.3623953822561796,0,MEDIUM
62.45732386134255,0.2831601691301149,2.2384505499409255,0.8197358024607737,0.3975952052242623,1.2326879142380243,46.35500787388564,0.18616295169195915,0.5836074882179995,0.8934099083525452,11.25784270166329,10,48.81250927272902,0.34750019307203195,-5.903627576245518,1.0,1.0,0.43646850683071287,0,MEDIUM
70.0760634352629,0.16425181787851426,0.9328213389670731,0.7137517861266127,0.8603427582873143,6.52217660827145,61.535329462162395,0.24061138592042491,1.0880257457148623,0.9148622071189663,4.588986853811984,4,46.945092185102794,0.2047272335152453,-4.546838438574872,0.29161177150828566,0.4635594741524794,0.39939132568679037,0,MEDIUM
24.19856217158074,0.6145029784547613,21.266232147278473,0.25694792919183435,0.6151830504092135,5.144730860227334,19.483968566597426,0.23284431027531968,0.7562835602849693,1.2976465434995597,21.840600792832223,4,16.504300710462495,0.2810705206859488,21.914519969479013,0.8844769136135604,1.0,0.590435725989756,1,HIGH
24.247633384507,0.6490878659059469,8.896044850374397,0.27658188847776183,0.7422353990108566,7.19025072081514,20.90969350773751,0.18493977323750965,0.15684362930768175,0.852204498077608,17.697043691713887,6,14.567126436931082,0.521254788402844,4.885034159418886,0.7111908344366886,1.0,0.5516458070618518,1,HIGH
13.117071289351152,0.8121076104960492,12.381111104109898,0.1571859910338846,0.7701276824291458,3.2171765088585156,9.798176173391644,0.19906259565245776,0.8028666875010599,1.0824859691255295,14.815012052092289,7,13.358038125851403,0.24185700080859118,11.024376375381525,0.750862281604306,1.0,0.6516404420422637,1,HIGH
72.59417128057945,0.430319018196331,2.0362295245931517,0.757648546218216,0.8172092814570182,0.07589566674206236,54.61715213453131,0.09548494988859141,0.9140821098593425,1.179170780304145,8.670195190286915,9,67.90218928363078,0.3026496933423687,-4.860761307765985,0.4893455869126382,0.9768078076114768,0.3484137080457978,0,MEDIUM
66.42338484785344,0.2936957774498493,2.966197715550686,0.7945852259906179,0.9692851418330124,7.661080513796332,67.76933275458777,0.46724133713103755,0.21689162200319967,0.9571714822167219,9.976316471231938,10,42.851334392598254,0.5811690177784504,-1.8668827056777193,0.19292017597540606,1.0,0.5959950592489318,1,HIGH
50.34362443873418,0.5107837641141008,4.534755483320064,0.5280510228354359,0.7149514692125231,2.7318450849427487,50.52705131557188,0.24743718023625016,0.30870017602089017,0.9812232137117841,11.929716154832096,6,51.0508464601104,0.30273716570331044,0.4616160175267461,0.6829646782382658,0.8971886461932839,0.5117020730430247,0,MEDIUM
81.75448816238176,0.21449362929668864,4.059974490421043,0.7584734709560662,0.8618113996275037,3.6903030881028958,60.63739758437818,0.5167789511870902,0.3866989334459812,1.1913810294071856,5.354394878390199,2,81.07275806896942,0.3261305466775233,-4.032831745409938,0.3145297152070887,0.354175795135608,0.3216604965593225,0,MEDIUM
78.48196300075452,0.22566558488972271,5.541216247651192,0.7073295023687428,0.9151410887329564,4.546633462074739,75.90117515427353,0.14189839968200535,0.7381421474405201,0.9725301056266065,15.342174233520115,10,79.2236574199604,0.12678484891613592,-2.332829910397199,0.24012115934542674,1.0,0.41754252538261805,0,MEDIUM
59.75512097372393,0.39625331340468123,6.80668161883303,0.5680175572761946,0.6782116582151826,2.591969910320868,56.39237341671345,0.26928772208713136,0.10847983640233959,0.5845583460504431,13.264148612480328,10,38.46982546745603,0.26735622125963937,-0.4443198494101299,0.6808091693795667,1.0,0.6520812550554966,1,HIGH
83.80305884362699,0.06634591047579055,2.4277953779740846,1.0861926898163925,0.9263846979764917,3.119328453334038,82.5749324807874,0.16054445556612962,1.088433063622801,1.3007766690417832,8.345620014621515,7,53.29471399600635,0.1502219143192358,-4.548898809493307,0.1435959082731577,0.8238248005848606,0.34422653156862126,0,MEDIUM
27.4965028531253,0.8411091753310839,16.050659357654105,0.3796485197982898,0.7976912649784569,2.019355449997655,24.465826260373408,0.1997628156152647,0.3397480315780357,0.8049049040194608,18.163941118144955,10,17.336019004315773,0.16816925791992116,14.274122795309065,0.7240176901978566,1.0,0.6841422709854805,1,HIGH
19.51316764880687,0.9494440550029621,14.870967797292625,0.21727582397400338,0.6318983267710757,3.2368583911080324,15.766536645616625,0.2690938404910574,0.9415340165030547,1.043095351883886,31.468557833198275,9,20.19837283672576,0.5682474177256825,14.421784407296954,1.0,1.0,0.763426473168889,1,CRITICAL
32.92871697894412,0.5361001346807439,6.711907707575237,0.38076857682449367,0.9106815698945537,1.0807039559923746,31.791743298285613,0.21604430267371832,2.161106699689317,0.7364443373331666,14.774434828929198,8,29.544023539279205,0.0641644379756813,3.095576294180944,0.40202771249854136,1.0,0.3963021658135911,0,MEDIUM
14.852382767591763,0.769553885053172,6.435827090669997,0.14457667098731863,0.5934624537242542,10.782501082345224,12.602884994236147,0.6119936736128251,1.6314056299346094,0.8978241293421969,13.938900739306234,4,10.100985764983825,0.5192140481671242,5.497363406217604,0.9945832619402047,0.8375560295722494,0.800324467460539,1,CRITICAL
55.149409880087724,0.4261210738089623,3.365439281983582,0.6482899585494752,0.5381577046050957,0.3142035145476765,43.43463622900297,0.1986379743903997,1.070250647531113,0.9127028207223199,5.508419705860138,2,56.14881471399219,0.4120969787379427,-1.0495738631564755,0.9058239799968375,0.3603367882344055,0.5371669641267861,0,MEDIUM
89.61148384507173,0.05,3.5626188014455846,0.8713170566771887,0.5849875196059924,0.15204825079778486,77.37517959616346,0.41161014546865754,0.17186950161901263,1.034834218857833,9.889916164699368,8,71.6375948662984,0.4324223942912251,-7.218227088442124,0.6475187205910115,0.9555966465879748,0.42697708457013256,0,MEDIUM
13.34420095682332,0.9070352347082361,15.050321783494697,0.16087864292744766,0.8262625980470898,4.202275494229271,13.415031097992577,0.3879661498422751,1.0536366653318303,0.8245735461067246,21.06884073413467,6,12.723043607444085,0.22099415706989786,15.658013769003901,0.7141237202834834,1.0,0.7591371614469666,1,CRITICAL
20.379342690852276,0.7379447968989482,6.269959085198415,0.2785100752468625,0.8425473314378411,2.7241876801632423,18.144080924471506,0.08054959116266155,0.8080184188843678,1.3965669269829153,11.99668977816443,8,18.06189973505095,0.31871737667565636,5.233896930607427,0.6051514012927124,1.0,0.4374648056131626,0,MEDIUM
48.436917404092,0.6888353113836083,2.916169419818045,0.4833274265584419,0.7095684907434194,4.066222597733628,39.715642407009824,0.3068549200326315,1.1846487000108314,1.0049064291192433,13.648641029740503,11,43.222424483724886,0.7591498433661404,-3.9148662133819805,0.780064919576675,1.0,0.5235507417339139,0,MEDIUM
89.37937648987192,0.2014501226487685,2.72286430745553,1.1460955304424574,0.8681956058730267,4.1113711069805055,92.30632278868923,0.2910509820782124,1.624910809642232,1.1762083638202945,9.799626987258325,9,71.31384815343199,0.05,-8.102945489733964,0.2984316525148442,1.0,0.3515760202025274,0,MEDIUM
36.873268923023794,0.6482732332203393,6.562996312183804,0.3361924760918275,0.5535019634760324,4.0945017126422405,38.81492315775312,0.5522621837434356,0.2985630530238859,0.9982291182421815,8.639104951486019,3,28.677359161530042,0.3197900577923834,3.3011184672155833,0.993883671396121,0.5555641980594408,0.4596268348434699,0,MEDIUM
53.11495873851336,0.5510093136804449,1.5741988751227491,0.5777572310427377,0.8311771532918031,1.048097672485791,46.385302469810966,0.4071972734917087,0.8269432392990881,1.1994536179315385,8.53767141132738,8,35.739156137554616,0.090044763742757,-0.34121874659397156,0.5287389269025178,0.9015068564530953,0.33194442614337805,0,MEDIUM
13.533693019283328,0.9531351037557514,1.723992301199655,0.12929741871015898,0.6807925829971085,5.077212345508316,11.501950173706595,0.19050843639776927,0.25741939411622555,0.5798699961080422,9.288295911092167,10,8.551281749077965,0.2390951332466153,0.23616357546585823,0.9553786773822128,1.0,0.4221751542414966,0,MEDIUM
22.60917208177755,0.728792480137565,3.7883939822410686,0.24332843830418646,0.7022862558221531,3.887492387978078,21.367466828234562,0.16590473757431762,0.3400669674961801,0.8590508998116623,9.669442712817702,8,23.007007043137595,0.4169139152665539,2.817534215609366,0.8109668563355529,0.9467777085127081,0.6025850117906066,1,HIGH
93.86356045150198,0.05,6.897614693798646,0.9262160097989767,0.6822732655544921,2.087098793737107,67.88116748493108,0.22303810386040918,0.5882503023812622,0.8956408154944754,11.69692433553245,5,95.87981206615649,0.18249502387436464,-2.8463998205821985,0.5015901016682619,0.8178769734212981,0.43991574275917367,0,MEDIUM
92.03508919706387,0.08590055306693312,5.757477077425289,1.00010159309192,0.7697288341936788,2.7045462301133205,89.87495793667867,0.2946184784987489,0.4555599363411574,0.8940229001931095,9.516129681828133,6,81.78091539971737,0.367285391355343,-3.3303522463540634,0.3883570252429484,0.8006451872731254,0.5351198020840612,0,MEDIUM
10.419898379424817,0.9647319061655873,1.3627281503865725,0.11553181146848712,0.8305871906176782,6.701047218657724,10.55447180620317,0.10381557968257085,0.7342947856347681,1.103735567508576,5.238433561283336,5,8.07154065025009,0.3445682552811057,1.7930698422727394,0.7364851671562764,0.5595373424513335,0.25896112706492236,0,LOW
90.9040017609753,0.10208481428252035,1.1297274223519298,0.9547606956218285,0.35,4.7911311973794,78.08442589479125,0.39011026848975516,1.1375752684036657,1.117432994572901,6.426709771307057,6,55.568753030882455,0.30143165003417693,-6.181309645984639,1.0,0.6770683908522823,0.3636427469177258,0,MEDIUM
64.32519471431753,0.23058833428154488,6.657285949621807,0.7901134261966268,0.8217229839735778,4.510186732940802,49.52051572079501,0.5210812241943047,0.7431361684537009,0.9851897035845139,7.029950130358125,1,51.553122651260665,0.44107982428897957,-0.8810558631976946,0.38270969118040576,0.351198005214325,0.4749252492816913,0,MEDIUM
83.77305503420187,0.0980434941419139,2.085808714375099,1.1388327125998263,0.9083079868771685,2.664848458301349,59.606819854610045,0.08092047679235753,2.7999437856630087,0.9901407243713155,10.846368279133587,10,75.10580280592991,0.34380447062989783,-6.552679523131515,0.1865597667552042,1.0,0.4734044289587165,0,MEDIUM
48.65288772887802,0.5075532936236696,6.49392044688295,0.5353265983651607,0.8671378067533786,2.5637891592935276,46.458556853241596,0.1583467250007078,1.071895144188422,1.4881023324140512,15.749121143406628,10,35.766152738233856,0.6665388872503741,0.3498790168074535,0.4530699366817669,1.0,0.4602145598958585,0,MEDIUM
53.82566242923627,0.45569012736157094,0.9800426821126789,0.5361959509181178,0.7609860847998415,4.523168743757944,43.46946302095376,0.05015866881996988,3.3603950557229534,1.0649186888402438,9.490791300407977,10,40.58975806004163,0.4245086030830925,-3.876069784946475,0.5863659364810232,1.0,0.4061974043838432,0,MEDIUM
51.55195932183822,0.6422837809248025,4.536498368418259,0.5337490769866198,0.732661073363218,3.57132590031357,45.65213837532706,0.1503151092694501,1.0883164366112112,0.5549585462084721,8.408681215291638,2,41.88831433186587,0.39904861195048164,-0.3315215974406551,0.7221502804175743,0.47634724861166555,0.3255685121720062,0,MEDIUM
66.68346189141887,0.22228634569389144,3.4944913898977985,0.8848898138670721,0.9433712154041447,4.890422763011187,56.9838328059889,0.2699023601187131,0.5672893458248631,1.1540224797768128,9.325087974046172,8,54.86135029710585,0.22448605730991353,-4.616804895163892,0.19608634974072867,0.9330035189618469,0.5028016696969795,0,MEDIUM
21.870356654286596,0.821743572804004,11.592182158338142,0.2593430330169585,0.7738334349565339,3.1139078686018538,16.839166802313876,0.22576453982532396,0.4234711039342484,1.1118930440145816,20.87636198567201,1,20.433237220162855,0.26556924597440695,9.411354723973336,0.7501216339672012,0.9050544794268804,0.5891399831264044,1,HIGH
12.547755139177626,0.9936514972744869,8.57537118510046,0.14147663134765934,0.8104128657486197,3.832220196760625,11.334982826334214,0.25919959517882907,1.0644164812343158,1.2318689823288573,20.60029053043466,9,10.35054982294423,0.3066744228272799,8.877244967139855,0.7812064500143139,1.0,0.7383119242930011,1,HIGH
36.174045035251225,0.8199755292813115,5.843790576200175,0.35263123283121733,0.5918397827034095,4.2958559117790704,31.971974240489143,0.06410439431999526,0.9295596650540363,1.1196796456393545,12.841267144709118,7,35.46407951345838,0.4815313922336016,2.582466095218336,1.0,1.0,0.28412169441331386,0,LOW
69.89786483261497,0.2686695578191333,0.6136333635639935,0.786255676537292,0.8915847537325522,1.3879782397162455,66.37913985441187,0.11331267261684405,0.883941032933397,0.8190490765390306,1.5803634487254754,1,57.12399089280593,0.2985019008860979,-7.808288635276494,0.29695764831073834,0.13321453794901902,0.2965418194713861,0,LOW
27.157543430450612,0.7677389219131099,19.33441463659069,0.28223368425511264,0.7806458771903916,1.8952475194464786,21.746511472684027,0.1836611011527343,1.0234855429307692,1.1780009106868774,34.83073360089044,5,16.684518288648803,0.08323621039296505,17.09998396072065,0.7129006451709676,1.0,0.5953943951343773,1,HIGH
67.24175683261797,0.373163260249712,6.089772433126086,0.9222755399765932,0.5192919920685489,1.5943240586584817,52.84231330854441,0.09261886639906759,1.6456564437077768,1.0198611911493636,8.791917093112488,2,44.62383213588611,0.2905892862288495,-1.3833715086260443,0.9076436420220326,0.4916766837244995,0.336299017169989,0,MEDIUM
92.44252391911799,0.09121329933308335,1.3634653118176623,1.2406110764512668,0.9125244214090531,6.302163008756442,94.8218118093639,0.27235641089056806,0.20676823574952016,1.2092328628959086,10.400959929646922,11,85.34042423798752,0.406848667445428,-7.608572124427423,0.17682001755296203,1.0,0.34223562057260143,0,MEDIUM
17.981560842100563,0.8122767754798499,6.698638870900778,0.16937754088235824,0.9179133657783591,4.401590681312747,17.63769761973923,0.24927669612991354,0.6657338197040046,1.3095798093674258,9.884838432314204,1,14.44526710527029,0.41481471715536483,2.4326661014586364,0.5292683390723862,0.46539353729256816,0.6186410933172296,1,HIGH
67.17118004913573,0.3631662306686464,2.7294481345967787,0.7780617431931273,0.7886872846471757,2.4616989249946895,67.7678334750663,0.31612009443329503,0.7396623561865451,0.9756267474658257,2.726907548437653,1,54.24394169424042,0.28653050872496205,-3.007263752139914,0.4985521883635596,0.17907630193750612,0.37591841727602715,0,MEDIUM
47.71876864088855,0.32023262677353964,3.973286602071027,0.48316645336957587,0.5760971298968246,2.6044110111670484,35.75643324978874,0.26045704045522755,0.27721771287040314,1.175159393248086,9.159583502177043,5,49.63243735379361,0.22418159605529395,0.5932573579556717,0.795970618541533,0.7163833400870818,0.414721453154483,0,MEDIUM
83.79209162208795,0.216644642984131,6.5998791830223205,0.9262281822071614,0.9059669074516871,4.032177810202318,66.16356426371651,0.31300669598377134,3.534926919837655,1.2067306958983324,8.93324643404506,4,71.82303796682407,0.32365437961711885,-3.7897579442771168,0.2493719603145349,0.6373298573618025,0.40417759907261125,0,MEDIUM
25.057732103027803,0.7595169112626794,2.5193383747771607,0.33537870010355614,0.885531500502549,5.264185901734232,23.30901829207155,0.11968515933787302,1.2316978579375129,1.0317499735592612,5.864424157549829,5,16.353030664011705,0.3282368900192152,0.43985999018626365,0.5514612048775162,0.5845769663019932,0.45972291774583346,0,MEDIUM
68.873205939224,0.2934699488654989,6.138310710665539,0.8015169342740889,0.4389833125524895,8.424013255705844,71.82652611527999,0.31835484847200535,0.31002090542419647,1.3916180460489407,14.48930605435562,6,54.767248176277974,0.19111705452959948,-1.9971473945287286,0.9882600056040151,0.9995722421742248,0.5001665818950926,0,MEDIUM
81.23979962008937,0.35135097945667093,7.079466133320959,0.866916113897854,0.7988782063592209,1.1134439255645723,85.85794567372419,0.17408021972148294,0.3550750165821887,1.20910867167707,8.291350504345878,1,69.26475920575798,0.38433301823403676,0.13494394301382218,0.4773581801895041,0.40165402017383517,0.3782329032042334,0,MEDIUM
90.29220865529197,0.05,3.91155214974886,0.9064833711268959,0.6066315218893776,2.3846788576130677,93.25054121643957,0.3470324422269663,1.0134112389735856,0.8829223977152881,6.307072665601568,2,55.69760977067386,0.0872222489453539,-4.464675183202688,0.6150527171659336,0.39228290662406273,0.4228318155142775,0,MEDIUM
68.0760824046199,0.2869930968285986,3.2612325837212808,0.885099647038689,0.927010916958416,1.042243630419319,48.83500254476782,0.36492737061009956,0.009247985083197782,1.0520158703630116,4.70517729379249,2,52.01519417930956,0.3361505379763195,-1.7837807109611994,0.2529801729766753,0.3282070917516996,0.3811551766413658,0,MEDIUM
52.25985494071632,0.6367257147692156,2.2727618827909857,0.633524798920471,0.6668934613303343,3.1910001261361893,53.74150930408613,0.12868845259617084,0.49895710207891475,1.172033780600411,5.447947574594598,5,54.11602879677434,0.05,-0.9836920557934001,0.8180226653891063,0.567917902983784,0.38959602113112857,0,MEDIUM
62.517015417103174,0.3082649414409797,2.2786419729900014,0.7089634167823295,0.6872826569293639,2.299977826184111,66.24530959455899,0.30658261898805383,0.33619214565863786,1.384017884085292,10.576848273024877,10,58.646365032705994,0.3128420037928696,-4.471543354240419,0.6232084853264441,1.0,0.3199529172088962,0,MEDIUM
83.85692368069105,0.11742154055816635,3.2475985829477523,0.8459001574443803,0.41536058095750744,2.193642372014169,60.60336822523558,0.3012517179808859,1.5393351888460123,1.124171317926577,12.07241444611265,9,64.35756046652308,0.5533934459068184,-4.967994472506708,0.9356698988428221,1.0,0.4586716049922484,0,MEDIUM
58.50182846430052,0.4032196814825268,4.329328385830058,0.6242865764074792,0.7603450839469262,4.227810123018868,50.69255730129319,0.09138433912257996,1.2534664626177237,1.0578920240282532,12.137273429059466,7,42.00140506180242,0.33706955573679975,1.1818824374398411,0.561092214820874,0.9754909371623787,0.3236564836137612,0,MEDIUM
12.582900074231134,0.9414297578280526,11.697978119886825,0.17363417029587205,0.8633954853608345,7.46515118181996,11.508875682699097,0.1584198974731384,0.32288977268357283,1.2527628672943945,27.962072432461007,10,9.153035288529962,0.18501119341415484,7.362587142336981,0.6756216508727745,1.0,0.49985142284201123,0,MEDIUM
89.13063911809311,0.12531780940733395,0.6446456363018369,1.0339554947513239,0.8683922359578122,2.531085550323323,70.68952317869751,0.07692950114576969,1.600782207875852,0.9561091482377112,4.236902315109311,4,86.7050867982134,0.2000473338550904,-10.136914830361807,0.2600705507669486,0.4494760926043725,0.4270608182805795,0,MEDIUM
68.6097738376827,0.21049223385099203,8.193275896395043,0.7549473998542522,0.5680983055532396,0.5194951703645999,62.20671608873024,0.25576609423999785,1.9590141387185227,0.8020035789922948,18.574199400406442,5,53.565855578692855,0.7031078699880001,2.8097355654441243,0.7530986585956366,1.0,0.6190494820263405,1,HIGH
67.50363779106596,0.2823901370391653,18.26690234243208,0.7835221635343892,0.5136134250108523,7.39938911734256,71.17464189751502,0.21831698460479965,0.643189430602528,1.1407512716456305,32.2904001724906,11,66.11499830593134,0.5370501522333778,10.08999770985432,0.8707749310033042,1.0,0.8201482979246832,1,CRITICAL
28.33238795380596,0.6680877658049635,5.349642667719166,0.36534451438777044,0.7533615238910104,3.5918582508696018,29.657692137037408,0.08869119739558057,0.1387563754064199,0.9243663483484044,9.136774891579485,7,28.585527774524284,0.25291107381492245,4.953384503741077,0.7040015970659661,0.8554709956631794,0.5414422943651389,0,MEDIUM
66.00526496977587,0.33376966668439767,3.181270464153024,0.7062922870902855,0.8857597009450616,3.6263522376461723,71.01736898999263,0.23601447050477137,1.1768827484556867,1.5431537874240835,13.204796417149842,10,53.39097418348073,0.3763187910800961,-4.707123683545831,0.3382452819246064,1.0,0.3167202081271667,0,MEDIUM
43.478474480603474,0.5992827478843517,4.41991315104927,0.4301556179179116,0.8297863858107264,3.355337407720215,38.85427434254531,0.30804172460881185,0.3077588740808557,1.050593986812352,14.901440948333127,9,44.58163609547305,0.35038590351168053,0.9525390982953834,0.5549617952260862,1.0,0.2949727359198155,0,LOW
65.35480304852683,0.37990842998576946,4.1351224291517426,0.7793351514868327,0.6992599972163617,5.511869935376547,56.48137087313656,0.11554192090578425,0.5994039779704736,1.1419737975595659,12.784368032537218,10,48.034350658563085,0.3184489456694952,-2.013065282360336,0.6410642191683422,1.0,0.3953135209526572,0,MEDIUM
19.06040757617921,0.6673149839143357,4.777438453811738,0.23493897485409304,0.853823738107374,2.5046503236864543,18.418360179330286,0.25184797808096576,0.03732842496174848,0.8743349807575587,9.119652078029823,7,13.666488829886172,0.528914689254569,2.7031488077353876,0.5529218847961068,0.854786083121193,0.5285646942065124,0,MEDIUM
65.91685089125806,0.4259467700922879,0.4755872738594471,0.8281522896639921,0.7376653079045355,3.7898317354774345,57.13041356431342,0.22158381816082257,0.5546624337189116,1.252920084566345,9.099405290514923,11,42.73296426645734,0.05,-5.54315777620929,0.6064754231893406,1.0,0.39832065593131805,0,MEDIUM
94.95016669050666,0.07070384077466323,2.1190095085593823,1.273275844025572,0.8451966390767661,1.8776646446439864,68.05817523617362,0.2959928780035047,0.382770046806247,0.9946101887138283,4.4314463802509145,2,67.47271179136871,0.392996208815196,-7.005304593911951,0.2675569617721824,0.3172578552100366,0.3899587051362746,0,MEDIUM
14.098023303147261,0.9697823307760398,7.14790610667257,0.15304631674332692,0.39685413561450006,3.2851852308796534,13.92840407585696,0.42333008897637964,0.9268562039630229,0.9750927224339123,13.215277167066724,4,13.360614362769846,0.08307233826940802,6.580624854458911,1.0,0.808611086682669,0.5579148869070281,1,HIGH
93.05980565881197,0.10493780959513407,5.948708001300182,0.8726008109218107,0.940641936914515,4.5778629421672825,75.60118834877902,0.08455493764249529,0.033310928951465896,0.9798955777672439,11.684976756794866,10,72.74526241301622,0.13183856177052047,-1.0856564127250516,0.1415059994257945,1.0,0.2972364413935836,0,LOW
44.587176661444005,0.6422340700044209,2.080068917418881,0.6149348779609833,0.7251291744282966,1.6862231166661776,32.08645385882655,0.17958724289113756,0.7845470847559329,0.7417191400077343,6.817475165681097,4,29.725080033899452,0.3158206626421397,-1.324528430345913,0.7334232733597655,0.5526990066272439,0.5940712025118464,1,HIGH
84.01404327866703,0.19718319212933988,8.938994870142194,0.9388619440003453,0.8812188772379421,4.0070684764414715,59.50281430138053,0.1898983267189307,1.1825736070570703,0.9498946758969703,19.979861169000728,11,54.4548933689051,0.23557454180204343,2.237221236642435,0.27676328020775676,1.0,0.59874671892336,1,HIGH
76.50276614495324,0.3426703990466875,2.4378137409764515,0.9269295128576266,0.8539762732014362,2.894873314241889,82.05262163204229,0.028106450136961912,0.010288391487939877,1.1092331600582677,10.453819865043698,9,62.778839987121586,0.2329731257780011,-5.653951057869632,0.39037078972118944,1.0,0.3861634909180756,0,MEDIUM
58.19638218386676,0.4598162290427547,2.002177360486316,0.7176502358343955,0.6682024042094434,7.599781889881097,46.605432224082634,0.5241670116961716,1.1089182004446279,0.6909227521125164,8.956741918362313,8,49.04264347056569,0.281484331553418,-5.970814479625715,0.7276045082072122,0.9182696767344927,0.43692280453299187,0,MEDIUM
72.76818278636276,0.2644849524209401,5.652369983158027,0.8537576923273756,0.7971411623644116,1.2883045832587108,63.97485207500696,0.12127237626015733,0.1115972871564906,1.2043338047994172,10.341146681063693,6,69.67915534459402,0.5024454094189664,-3.0093105800184525,0.43653073266385267,0.8336458672425477,0.3631687162838084,0,MEDIUM
84.67382271061457,0.3350565505296048,1.9427612293016074,0.8489641028100694,0.9687193773186791,4.038606751402778,91.46725271568724,0.16570597125404185,0.9580112733575872,0.9463323091743753,9.66519497872525,8,78.04078355325123,0.5063751634674145,-4.032732003859044,0.2144492092867838,0.94660779914901,0.41109151018122697,0,MEDIUM
44.3519273403378,0.6276036963790134,4.678553440479903,0.5666275945146011,0.7642091079159986,4.645991195727487,39.340460767539255,0.12783457787200508,0.4859813804479678,1.048945346830252,8.42852130176498,7,29.946498216622583,0.4420299931092811,3.1210177517481075,0.6674881863155088,0.8271408520705992,0.641445851857852,1,HIGH
37.797818732875285,0.6679213663516002,5.255455279048766,0.4920807257505591,0.7614155255013303,5.741298264673127,27.646977497557284,0.1475680570739521,0.6423541129610766,0.5531971206919837,14.26548324084047,8,27.388270253543762,0.13612772271545848,-0.19500168961110997,0.6918373949238046,1.0,0.6642983403537202,1,HIGH
66.7454377729047,0.2304412689478862,5.8823166546695465,0.7852519277884549,0.921168011313388,3.0796533660304757,61.45749167948324,0.3814081316591773,0.32920334584833716,1.0449974121314765,11.676416315943012,7,60.88478100859654,0.3030721147590489,-1.9569600111028935,0.2334686175038611,0.9570566526377206,0.426600768086507,0,MEDIUM
78.66690506500699,0.11026633995284711,2.9965092466039938,0.9001701177759497,0.8207091729025584,5.781214736770693,57.842159584757844,0.1420186766157473,0.22532438187877968,0.7913706235484881,4.0819144019762135,2,53.59243911742769,0.24998111318033103,-5.335161144826017,0.32406941062258593,0.30327657607904857,0.49054877928199503,0,MEDIUM
74.79423645601234,0.27547487401122484,2.905803440327227,0.715757725155326,0.7640572855345933,2.4451540135289993,55.20077562287697,0.3572385683131404,0.05895801513957908,0.9297083270058164,12.064168715544124,11,71.9109894255736,0.18777032041235012,-4.572027728338803,0.4916515087037225,1.0,0.48214614263193045,0,MEDIUM
77.81416015298393,0.23350009429161991,2.3391874807700197,0.7329905815421218,0.7179355657816516,6.837696725404825,80.97270146207225,0.22359426482697248,1.6001493953497894,0.6865068914965844,6.759401446928231,6,69.70677485220827,0.31201731613066513,-3.4824819242202274,0.5398466984733326,0.6903760578771293,0.5187582082587034,0,MEDIUM
47.024581759099306,0.48062437720834167,6.861117823534355,0.5030607100454841,0.8546019971716076,1.0465113938845387,38.36117804288666,0.11510543529582379,0.7541677590588074,0.8236236873675815,14.470050783170368,4,39.564321898671274,0.5419156504145829,3.6136519131354676,0.4584091928467595,0.8588020313268148,0.4425346151722307,0,MEDIUM
79.51590837487684,0.21611953222019636,2.0194609229481917,0.8392292474779104,0.7035189805567956,2.20949840557611,77.24716684197372,0.3955837652348643,3.2502376157330475,0.9672883370451071,6.339710945254112,4,70.76240411794666,0.5273778601312905,-7.6552997543361245,0.5527812952749047,0.5335884378101645,0.41952480385956764,0,MEDIUM
20.21776970650172,0.9249124571784705,14.78353416138029,0.2783639598819913,0.9406914871017314,5.5409993114332545,18.268164798434942,0.6856909891033466,1.5201097611803973,0.9456495153224345,32.07345072862201,10,13.037874416877711,0.29931809913364904,10.980007848916484,0.5514189979366381,1.0,0.7207605739041777,1,HIGH
56.28157332667221,0.49281646469730184,4.378292914329322,0.7270517641364391,0.7343328948862684,2.028397152323393,44.4022597180696,0.2912910823863105,1.6299230229989192,1.1769060700975311,11.818600922287665,6,47.6485382151189,0.32470406368479954,-3.359384368750568,0.6449088900192483,0.8927440368915067,0.423436597790348,0,MEDIUM
10.489486142340333,0.8038244577963776,1.1768005761811389,0.1290167090316311,0.6484974447059818,2.067682126237223,9.515307838416375,0.41848675991756357,0.728743465285555,0.626385775135024,8.270849861925251,8,8.423947778715018,0.564753536444239,-1.1496772429445354,0.929166061839216,0.8908339944770101,0.6470434529046022,1,HIGH
37.589795541522975,0.6151813384133348,6.515612383362375,0.4355995890168661,0.8778355729174595,3.7460092946250607,27.350238042329455,0.11057845227157946,0.06752545043894491,0.98972614089982,12.455364730566234,5,31.230888955346085,0.3267627532281882,0.7134580188244675,0.49083730983047813,0.8482145892226494,0.4981403585706422,0,MEDIUM
41.14923046406882,0.524110376891107,7.077748678298976,0.40477829964698486,0.8965506649597477,2.1388242549630934,34.519469722143285,0.15445390600027512,1.95712984090693,0.9801834753132695,14.307319389617259,3,30.942169296286032,0.06259892379087317,4.134407119480038,0.417229191005932,0.7822927755846905,0.32836395857050416,0,MEDIUM
43.67467878678671,0.5322372188194481,12.073887118894591,0.6067410134032646,0.8773830050283978,4.618103233573498,39.70615682509714,0.21767654381838375,0.10034739605439875,0.9084385872563643,8.901331727143447,1,35.40617230874395,0.46876025639450153,5.774735989924074,0.4500441018671273,0.4260532690857379,0.4869999895069217,0,MEDIUM
69.11471256863828,0.27576362106324576,1.931124591534445,0.751636563419812,0.4473811338865139,5.092910765986228,54.69446240968449,0.04086686231162424,0.5824327742712693,0.8173588225937766,5.821146397862749,5,68.93932640430508,0.1824771191557985,-4.607852656016726,0.966810109701852,0.58284585591451,0.48376393437444337,0,MEDIUM
43.027438607979384,0.5315139673118857,2.2727514372942648,0.4102506214464146,0.4835476916155464,2.3492132624458475,41.48168872202365,0.08310572244941215,1.5551218662795874,1.2204354164359592,4.343377783241394,3,32.493638534496974,0.26898990367195563,-4.0488452550899074,1.0,0.38373511132965576,0.22870384639369656,0,LOW
48.138957922915104,0.4181995910129774,7.473522902739355,0.5521054426224471,0.9401257524859318,4.671214888914955,34.694939313418125,0.4759388557185857,0.5115456387237536,1.4095427131932639,7.969990462054063,3,29.856793979118166,0.20128760449874503,7.066425243025341,0.298911166777591,0.5287996184821626,0.552391698283416,1,HIGH
30.191251124317834,0.6878751142353664,12.197010375486888,0.40365672737268576,0.8518594771142634,3.4849298816784047,26.988682736689277,0.3789363944244906,0.14490135673097312,0.6571877618075437,10.611158026409637,4,21.59932550605275,0.3269952817259881,9.910679860116767,0.5661483414462882,0.7044463210563855,0.6848612751264698,1,HIGH
41.72640228849391,0.5378873661672761,2.5443714837711524,0.5606549270320532,0.6862580668062488,2.993784718470761,41.142162243808464,0.2965026298150572,0.37369819273873917,0.815163002256738,9.95599538084098,9,33.56737193665209,0.13442307472220896,-0.28920769550934455,0.7395565828742648,1.0,0.5045055639837506,0,MEDIUM
29.317918317367877,0.47246492162613984,6.83497615882472,0.26546875401240105,0.9232241690011153,3.2154791612482523,25.564592197105075,0.3744267170931752,3.5645289096114263,0.7991278924670571,13.239220569753247,4,24.629125709803517,0.5251803428284825,3.3846285627273835,0.35139620731139704,0.8095688227901299,0.48824270575048884,0,MEDIUM
16.22165352031771,1.0,5.939952965566098,0.2178807941223051,0.5960652968399724,1.3010230557899711,17.030052585374595,0.19249202979230814,6.0,0.9436956597271784,12.16068399701787,5,12.851063408750596,0.20993944959447025,5.396755266167359,1.0,0.8364273598807148,0.34451765465009276,0,MEDIUM
61.29313043741712,0.47417026796316253,2.1233506850642154,0.6348387617113488,0.7058109973818003,6.957350298280506,58.40482114706303,0.06261149973988156,0.9926062280939016,1.2511691346448397,10.93289010714531,10,59.575419134507776,0.4689386691379034,-4.5931782066200775,0.6783686379088808,1.0,0.32986050373741804,0,MEDIUM
66.79808787717639,0.3019150632342365,3.425670134570749,0.6141991878603076,0.907544873824033,3.6677888103789424,72.36885912864052,0.06023246150437775,1.7513501948531212,1.1055340944549519,9.706294252166355,5,67.58816317261287,0.633667418037384,-0.6626823058064515,0.28964022088106867,0.7382517700866542,0.506819237265518,0,MEDIUM
62.65667941081723,0.37493872987107557,8.296485407747754,0.8295087305860384,0.7555383302136126,1.5567965492352949,50.980527322236895,0.227446466414389,0.03617090573165744,0.9692294854124345,15.30908897883344,1,51.31960053165642,0.3039622953496319,0.43686895587612096,0.5541618696151189,0.6823635591533377,0.4861494225429598,0,MEDIUM
49.39699372304865,0.4122977149841085,4.737469527987204,0.6579350471229375,0.8299500130675975,8.473682286018333,53.127243879532855,0.17109547760737104,0.25833970103456755,1.0032725123247248,12.311619164470258,7,31.3249012567772,0.19630399841487828,-0.2433575995199469,0.46122383789065796,0.9824647665788104,0.6326459542732742,1,HIGH
42.281791315234535,0.7128399170725239,4.3272156609443035,0.5065847123048667,0.8789082667356388,4.615145002819819,39.86027236503105,0.20735816707158827,0.36830825032590214,0.9361974692032103,4.637310641135659,2,33.37911910940421,0.4892925720092426,-0.24234660860568574,0.5380575584328038,0.32549242564542635,0.4066123692578959,0,MEDIUM
83.38336021360514,0.31794949344579754,4.550340055844924,0.9899413264399306,0.5634941214792751,2.305233485919948,83.22256038019904,0.07732391714129895,0.009656160105619998,1.147729365992652,11.22527995214881,6,56.830556409969404,0.05,-5.786341479104193,0.813733564503986,0.8690111980859525,0.3227808985972101,0,MEDIUM
54.12195173657854,0.4713159808939366,9.743602448081692,0.707135846383457,0.9055723469239755,5.489724522649517,57.41605438970227,0.2151110096162282,0.3785176428691639,1.1720670257148,21.132769663087117,11,39.37769137652301,0.5280626874608509,5.8090785901419695,0.37729947006100506,1.0,0.562707861139732,1,HIGH
50.73045959852713,0.5745778555495562,1.91958984159607,0.6560233613652682,0.7309284018485434,0.10614924905900869,46.69631638946533,0.19268800375780787,0.0781181225064927,1.1182595830627755,4.500099245487502,4,49.45229162160666,0.33217653296258204,-4.5645444561591155,0.6908963250019631,0.4600039698195001,0.4578911708757183,0,MEDIUM
12.179575593547034,0.8922271863792436,8.098850895653642,0.16382171484205021,0.6695488406453356,4.49984388052772,12.726101367825002,0.16565055701663914,0.5828691206168107,0.5606917422742479,11.358129248885064,5,10.2415780145978,0.425172637002853,4.434814143848963,0.9417903322216183,0.8043251699554026,0.6376445904127646,1,HIGH
39.00606534822329,0.5030013114076927,3.812215096064435,0.45885710344411285,0.7769916881921105,4.17276303840562,35.756032233558,0.07173412892567774,0.003543282328262719,1.0026281514512392,7.374725951872007,5,37.94768532955267,0.3065837179517554,0.9212910847321005,0.5860131234156806,0.6449890380748803,0.32175741038266875,0,MEDIUM
42.31662759679785,0.5438878545149289,5.109535423867139,0.5855874567126725,0.7545733112008344,2.495693495165268,39.76407046831021,0.1734657235136479,0.252261776424179,0.9626928599284692,11.004136621273986,4,44.15874926968258,0.10384233026224522,-1.3840463366580118,0.640083960456213,0.7201654648509594,0.37818778075013315,0,MEDIUM
43.89993637623654,0.5715548735793912,7.941127776143254,0.6137533398829449,0.7620777094489533,5.353003428440718,38.54587507590514,0.18106102818944003,1.6096261309738287,1.1982607225148807,9.654275958678177,2,37.11093953988103,0.28812727668615595,4.505857282924699,0.6426608726162657,0.5261710383471271,0.3589112469755988,0,MEDIUM
59.31465138432324,0.3704896686572921,3.278152229048348,0.5683958770228631,0.8223242694727078,2.9141945979684385,44.97565594123162,0.16420550595744654,0.19168063950802644,1.047821309257904,10.336396348235324,8,59.938523986358625,0.27388979976654304,-1.0773700511343978,0.4517584301195844,0.973455853929413,0.5291335110732528,0,MEDIUM
55.35621647178467,0.42894557308735043,4.041465470659841,0.7333435895267207,0.7442153376331341,3.448696903082885,51.00528945148631,0.1449981202123864,0.05363304703323943,1.1113477085864787,7.035458065757186,1,50.239070472706516,0.16274246991832927,-3.1259641234229125,0.5981497800939741,0.35141832263028744,0.41456105650459757,0,MEDIUM
61.67193288744279,0.37596870652484293,7.928189234427938,0.7091724196645907,0.6670130917005141,4.222780781939365,67.28280168438022,0.1772665231633347,0.22985854623438887,0.9009405907659125,20.86674714903337,9,39.828864197332905,0.10024810415748285,2.8347270540642886,0.6874647157116502,1.0,0.5745300961547797,1,HIGH
75.01507723108091,0.24337894785995404,4.66391293059168,0.8205022890783739,0.6739299269505824,2.717740494228299,76.1308813677897,0.31097906401335057,1.4061587400737565,1.1878796757876189,10.610567990220886,6,59.115969787505584,0.43062211423067415,-4.435679668516798,0.6107945835041034,0.8444227196088355,0.4700337403230482,0,MEDIUM
79.10378779086794,0.21314280133111924,2.9064760399121976,0.954415799624909,0.9084685021228648,6.519402180094202,79.02463605838003,0.5522361000019064,0.7078091628749663,1.2467629459677614,6.880634056252038,4,70.91836094725413,0.3214567179424995,-5.585969578478647,0.24386864748126244,0.5552253622500816,0.44371846124361697,0,MEDIUM
71.04046147925203,0.20474697989575166,3.944297961726382,0.6592432483874506,0.7003848239562802,0.09543816687974688,68.00870472330762,0.2746134724982678,0.7056551658994659,0.6746017244999636,7.620328850951912,6,65.17022784223907,0.15953861868890473,-3.1836599037163418,0.5517962540134556,0.7248131540380766,0.32925840302767156,0,MEDIUM
91.21951415616945,0.05,2.697129614636344,1.0519713133701405,0.35,3.1638204376086057,76.54808397580815,0.25024757127380853,0.0004593411802160826,0.7407621959823893,12.018165221264239,11,90.06099810228885,0.577539197318786,-8.298914670155085,1.0,1.0,0.31774406800444377,0,MEDIUM
11.549769527490739,0.781735563469095,1.0699623942649847,0.15424085258478182,0.7189760991443169,4.115952395821659,8.868445231077834,0.1691538698853331,0.5111563409673833,1.1524907394238382,8.723369703648991,9,10.242117144971399,0.15875831935797896,-1.8892880699536965,0.8124036330180722,0.9789347881459598,0.457985133903053,0,MEDIUM
26.64112878310142,0.8118139561438819,6.426390584418185,0.26820443775638453,0.5543166030510063,5.008342396256024,21.04171340329683,0.44182869861350754,0.2469808030727134,0.9655215410543514,12.513740194662063,9,17.064767539851523,0.05,5.500455968965598,1.0,1.0,0.7679821547649304,1,CRITICAL
10.642844373142081,0.7251198009213532,1.9671973124221194,0.11847560581983582,0.932920459960587,0.4645017794863417,7.476905067245655,0.11090120905005632,0.3278303651942789,1.2057427373262062,3.8429665868344633,3,7.067906004450916,0.30227580454275804,-2.3138123283809744,0.46317921051979605,0.36371866347337856,0.26178200369321925,0,LOW
65.03535070314126,0.4419337204339414,8.397180842259383,0.8908155013854483,0.8809135068806089,1.3644738043070481,63.04475963812836,0.16982918956732984,0.7304101637209306,1.0483641588375296,20.137817265998386,8,48.6298557368414,0.12288205042988405,1.3710006939700552,0.3995965998960574,1.0,0.31634222097004877,0,MEDIUM
86.33259666074889,0.24758198517353852,0.8306508655409741,0.9619885147100493,0.7515629841598428,2.1892174116989827,88.46941678283069,0.2859615780447805,1.6593389139684724,1.138573542771206,1.412897295158666,1,63.22305916125741,0.2701256949971515,-7.4311008515388695,0.4964465163470051,0.12651589180634665,0.2884427844759081,0,LOW
30.695995208985437,0.6688656009515359,3.9475984568127918,0.33126621250652266,0.5942566283236095,2.3082773947308275,24.788997265496782,0.38214118956051796,0.16037887983979116,0.8505525240528797,13.89390921582143,9,21.47867580031635,0.23508528576325985,1.6355581866549014,0.9430478579903537,1.0,0.5795839445190669,1,HIGH
88.79793630768606,0.05,1.6323240621920367,0.9947751528754807,0.9429176201244552,2.6969358941902,65.42100579035926,0.4214837432089283,1.1695802912821183,1.0679587684053755,7.115429290013114,7,77.94534474948944,0.07901190314366785,-5.129190442487357,0.11062356981331714,0.7746171716005246,0.2958767719972536,0,LOW
15.122728174612671,0.8198678732964901,17.247977078371626,0.17538226850949176,0.6525181661563789,3.818388671852861,12.616753397241116,0.3236980372830433,0.040110687108804916,1.0685263793082909,25.178233205893637,10,11.997911795444935,0.09877208134415084,16.88675096632703,0.9311566874136767,1.0,0.643995726237348,1,HIGH
89.42706227846871,0.10059464431220741,5.6387637792578875,1.0874292069617084,0.9097134734296881,3.3344754763474334,73.04585698755827,0.13045883852685666,0.3164860817803135,0.8622212000681484,12.5396013763353,7,81.22167783521977,0.4919383787865904,-2.9000798727335066,0.18572711201157155,0.9915840550534121,0.3256223124860145,0,MEDIUM
39.887928415368926,0.5202728582519976,0.355734054206464,0.5186812413666593,0.8989874012603764,1.1716690368786553,35.11535949191194,0.13957270774562536,0.1976546739258209,1.2003386953550406,5.093738306899326,6,30.878682953894057,0.36140636487747296,-3.8511028611688665,0.4116553272354343,0.6237495322759731,0.337205380710823,0,MEDIUM
18.620770418183405,0.7725748243135065,6.038142308223724,0.2096793906591087,0.6019771130143686,2.3176307176140614,15.001652780921242,0.09477288820024185,1.9775985027804595,0.6209356720366372,9.411985840617708,1,13.46908925108757,0.1072671822821213,3.606034706383975,0.9833217426352003,0.4464794336247084,0.5331624395851902,0,MEDIUM
51.29909953083768,0.6094246206006914,1.617074444742146,0.6713720750462958,0.812194771390953,2.1063910186976145,42.880562417736535,0.34120028786889695,0.15680986954321408,1.0415414073190519,3.5868520877942,2,43.48686369996778,0.22964730610666528,-3.9861527843334703,0.5864201532139162,0.283474083511768,0.35682592831691257,0,MEDIUM
31.826008256243174,0.7349340904217075,6.159990902135113,0.371365065179783,0.7928570540308489,5.613132138729462,33.831744139595,0.20574857056692292,0.6913988188430537,0.7411845320993619,19.48965088189417,11,20.481374032596865,0.21501535455286566,2.608635586276747,0.6781814641645804,1.0,0.5020848248303972,0,MEDIUM
34.21419666676344,0.5838929041821176,8.569342175156512,0.3658319637488532,0.8067245855803844,3.060613130128707,28.532386712634462,0.29076433244999517,0.14405112488999552,0.7955396716489875,16.911842657467954,3,35.75028585238239,0.168069972851911,5.771505155309639,0.5818595737204821,0.8864737062987182,0.613778347903515,1,HIGH
36.119647018734355,0.5109955962450219,6.304213805334047,0.4439015815053952,0.800518270170175,5.368880149619566,36.63280674300587,0.35265620422203525,0.5131784141901424,1.1971973776592482,10.405452002231522,1,32.32829299944703,0.11011003289570975,1.9919487758900796,0.5547203928672485,0.4862180800892609,0.5659081106350471,1,HIGH
78.25720131577638,0.1912666014334545,5.353740178350792,0.9851494867333591,0.8597592328094427,0.2836738706117778,74.37043846850858,0.2785003449157016,0.4267295634335919,0.7800150326898482,8.399571714858697,5,51.25635838131362,0.10368566977185366,-1.2663025653715867,0.30599445150256327,0.6859828685943479,0.3827555408412017,0,MEDIUM
55.828708517396635,0.4246363724779986,3.4880784388162818,0.6582341446508219,0.8828543658235227,5.358069410778905,46.61781899426358,0.10469257792000179,0.03378938936517883,0.7715721990745765,11.787713990260382,11,49.133945870177335,0.25855963911590696,-1.775393318718011,0.3880366375037152,1.0,0.5008415656648765,0,MEDIUM
36.461154428260315,0.6750843907064621,6.433933097295391,0.3384716262464277,0.6314001441192557,4.001773523083697,37.449809857414685,0.1679437279404604,1.3983514507231847,1.1160644413421394,9.933170117079364,5,23.097940385652915,0.33755529168192244,1.1715102137945559,0.8904419791743475,0.7473268046831746,0.5580797840519558,1,HIGH
61.87837158142806,0.33839094718030666,6.520641407783656,0.6094657226054669,0.7011475261306234,0.9177355951649445,58.043795368477014,0.07486415595540344,1.2117121642886293,0.777843183195642,15.239372312347246,6,51.22301870661026,0.33496089014119773,0.3624749852531754,0.6174741843942183,1.0,0.37366798068589796,0,MEDIUM
70.87280730897146,0.3321918929392343,2.467874493263286,0.7389545177724525,0.942920852351848,6.476983254303915,49.855298484426164,0.05850603018327559,0.2604271990042984,1.2036419053781064,8.999582632697624,7,51.80011011993657,0.44979653856759466,-4.693167677798244,0.25171466794184516,0.849983305307905,0.28314596199692804,0,LOW
33.17304006235037,0.8230819225813146,2.552128741087788,0.34543511330552795,0.9281361891332651,3.7104103124747643,24.13309739731506,0.17789518202379448,0.7615242487052175,1.1289210364057292,10.06900122993315,10,30.36472097536849,0.41394434860744306,-1.2009157426190629,0.5193366775907596,1.0,0.5024705101347808,0,MEDIUM
45.15167362965488,0.6137233454989921,2.786729866723755,0.5583954436077325,0.9311678378426523,3.002971369749585,45.19934584042175,0.2145709517617846,0.3603736372488286,0.8444712275265401,10.404487513832045,9,36.98745626971841,0.18094095101995927,-1.14425401051285,0.41010991598551755,1.0,0.6142134132830086,1,HIGH
20.360317933640545,0.7925497400771327,5.478987492008122,0.18511078432942474,0.4003937124916407,2.2470155196249593,17.8888016584125,0.43299593859265767,1.1730570851706696,1.1960751364386115,15.29715239748003,7,19.416488943646698,0.2736419452306469,1.0035719301550188,1.0,1.0,0.3764473526962647,0,MEDIUM
25.397694710447826,0.7313710152112581,5.8327622858219295,0.32454212775279245,0.8566625931595554,4.556723999256369,21.8979715362776,0.280739390509254,0.9433837154715772,0.612286169795646,13.424911062013534,6,17.864513912513782,0.19511362592273646,2.72812238293999,0.580691617866296,0.9569964424805414,0.7029351646817821,1,HIGH
67.89501758702355,0.2925159733953749,4.749297649327859,0.7011323182512172,0.9282799080090519,4.017168971078718,51.48688800517268,0.28759437860942005,0.07585918180152164,1.0944982762931157,15.374219899197339,9,60.78509069602002,0.1425309006596437,-2.2365189645918258,0.2538381246841096,1.0,0.459149497606367,0,MEDIUM
25.42225955412829,0.8402286774548887,3.059925650854972,0.2682076151969336,0.7486542501302006,4.502162864155576,19.395339339239374,0.06992193487284284,1.4872849504252075,0.750753695150862,6.405935405737983,2,23.122245735033072,0.49851999089565346,-0.23770549398805785,0.7971329635321435,0.39623741622951936,0.5551710395030963,1,HIGH
54.63888761170011,0.4034260482068946,7.24095741758582,0.6359720172960011,0.928471111728566,1.5594328976040683,55.682543913289415,0.3756800498307835,0.15820104934768475,0.8953401174268983,15.444724273778,6,44.52428278465105,0.2907683748332465,2.1699313228778156,0.30900635651059827,1.0,0.37120053797287517,0,MEDIUM
70.26893224640678,0.3009284942559308,11.381950523192822,0.7082846973308824,0.7981532976793259,3.820720790969948,72.48991209946388,0.2314678761567786,0.15303466078628733,0.9082580133397947,22.164497689707172,5,69.30185934852317,0.17546950468535144,3.773242348869164,0.4532343006089766,1.0,0.4964931691481378,0,MEDIUM
19.084538463053228,0.8132504475199546,3.7174148439694696,0.2561594801844759,0.5807226169710135,5.649336886105863,17.6341329346282,0.21112005252553973,1.0586462594083574,1.2562794636036239,10.119932494319713,6,12.710138492564795,0.22878982165608314,1.2439714714007057,1.0,0.8247972997727886,0.5896613243918968,1,HIGH
58.2215386684568,0.37764187789050935,18.16482700780087,0.5488453564493141,0.7301598171312048,2.264595629364226,47.628195144215276,0.44078379144188673,0.1619388224250835,0.8997441482964209,31.26623838031526,10,54.80312483167731,0.49111788719672417,12.209399531852005,0.5935812132484475,1.0,0.7873655157585812,1,CRITICAL
31.80783661461592,0.5721243900231127,18.8582614694711,0.35694473740398985,0.5918371435630867,3.9155527984294225,34.132363704986815,0.20290641715101215,0.10444871894006208,0.9842761204529019,28.767996833112697,1,20.973911106774807,0.21744005667569996,14.347098850002475,0.8983064796669262,1.0,0.6833169788403962,1,HIGH
91.84878439519429,0.10735011633747063,2.558529807976242,1.2167310739949426,0.6103122812609917,1.3062236181636326,87.2182239251282,0.1456148187951514,0.32707604363185694,0.9123653053174396,11.039628456514906,11,61.59443750852637,0.38786005144126606,-8.450223666601683,0.6382066362772478,1.0,0.39933026710265057,0,MEDIUM
51.1013799711936,0.48410588253963327,4.020516679050771,0.6172647839995384,0.6006514479481555,2.2947258322459465,52.05477063870066,0.15279439560533759,1.4596533385454342,0.8034719706388319,8.778058065901426,5,35.29414858292093,0.30003585587120596,1.789827034294393,0.8410757693475834,0.7011223226360571,0.4041755730646631,0,MEDIUM
78.50936673088844,0.2549255702460412,1.8233561782960266,0.8213373264057579,0.9076775398051491,1.648177511006033,55.05965270876422,0.1312161075900811,0.15565338701698272,0.7939397509321127,9.575681776955218,8,70.46094191328093,0.3296565255361027,-6.771445631709962,0.2659464754152969,0.9430272710782088,0.27032566710877953,0,LOW
56.76925608328225,0.38961941465204414,7.807617823628455,0.630354524674125,0.42657598076251857,3.167550194874213,49.96420275486349,0.153590380704175,0.3312894988364277,1.0617456655061812,14.660574840529039,3,50.38587342713,0.1499316190395233,1.9236043318514513,1.0,0.7964229936211615,0.5200552206540329,0,MEDIUM
13.690065292659629,0.9607650509784476,6.727235361316225,0.17158404867815993,0.8237586218238043,4.0055367781078495,14.352385648182716,0.3246754348267608,0.2697824423892909,0.9947222092551938,13.914069527048676,3,10.960935340951226,0.25378934498003136,7.088892070247123,0.7447445927535172,0.7665627810819471,0.5349058046481334,0,MEDIUM
63.8178669254919,0.2916794282481335,4.476751330315134,0.8849179253484402,0.9350857692007473,1.410641307050215,53.30663751149154,0.10831616275114259,0.3521208542230252,1.1525033161079052,16.683282063692495,11,47.32151550893284,0.3088272618155783,-1.4483695476349154,0.24321106032294584,1.0,0.38689826496165836,0,MEDIUM
90.86928408756584,0.22827038184577292,1.2474207135015178,1.2236179364382187,0.8304916286363306,1.6752560947721942,90.01697297944114,0.1201925687119732,1.002171399947257,0.9515873114610566,7.227383269828968,7,79.57854380670301,0.2728480854502033,-8.938070406908368,0.36839774796839053,0.7790953307931587,0.22792692093876663,0,LOW
61.13700471243815,0.2488190320893576,7.562803760774504,0.6549096235107774,0.9103535289782875,4.221052474680652,58.87921085196348,0.34594729624667053,0.4159813350322019,0.9580682246804993,11.918049257934946,7,40.649078430325595,0.20157904799511617,-1.3014255785148063,0.2588792225772476,0.9667219703173979,0.4696185569892983,0,MEDIUM
79.63105305127716,0.23847107465177964,2.6130362884395235,1.114117218867713,0.9260271917745202,3.5192099781355966,60.590260658509195,0.06353374118811864,1.1402832652888735,1.1531505880155566,5.49149093657579,2,70.30598278093893,0.08610917815065737,-7.611464026018088,0.23019474966410952,0.35965963746303165,0.35412266793902236,0,MEDIUM
85.15754938461467,0.18645896075598314,1.102151546306512,0.7679101872501448,0.9109893373887692,3.0892142225631574,86.00584894432785,0.29425793451425947,0.8182173627808438,0.9255784817989807,7.070987231387962,8,51.55253480206492,0.2256783901924488,-8.900099620490277,0.22674547429483777,0.8428394892555185,0.41419526949264096,0,MEDIUM
29.386780615659262,0.6424876284081367,5.2863410644156765,0.26854077340296406,0.9728940583919491,2.984861050640851,21.893466471084086,0.28750666569336025,0.35840484097566055,0.7120819203157893,7.7372834450742065,5,19.54253305250869,0.6633064250563697,1.6193329470426436,0.3619027266161447,0.6594913378029683,0.5098867840960576,0,MEDIUM
28.023811392199264,0.7537134011068883,2.8854952416656796,0.3676500586018424,0.5110641389443416,4.095862240477652,27.776238915361564,0.2244440099087116,0.4528462891336868,1.1695093977780373,9.921995308663591,9,25.741742196746273,0.4391933988415367,0.95271413779178,1.0,1.0,0.3418368027425483,0,MEDIUM
61.9333840523343,0.48302765305746975,9.886144419880589,0.6191674524097182,0.6891048333130795,2.3168040542579744,67.90297787081106,0.28001024722889933,0.9728976118994975,0.8645717957604948,6.911860100935298,1,61.517595213380226,0.18036827100570574,2.321913253176977,0.7078565765591156,0.3464744040374119,0.4165069754093078,0,MEDIUM
44.9374199335699,0.3732802935159758,16.509145481254297,0.41809085006701757,0.8819994878383095,2.481851657498881,48.67587950945403,0.3402050845986351,0.6121536148124798,1.0133773120053569,32.24338033048868,11,28.491223741302957,0.20957066721684803,10.616040149171463,0.36364091500052365,1.0,0.7475966695113677,1,HIGH
81.38821074367122,0.22633747716255298,2.9522728694590907,0.8289991835031811,0.7202403090363427,3.958250094305177,83.02384497249237,0.0877344203490972,1.6220269304288195,0.8746972488004181,7.864299633457588,4,72.22757528680312,0.27191056521346524,-3.5394185889049035,0.5328082750267624,0.5945719853383036,0.32493304196942835,0,MEDIUM
86.50196548883095,0.05,5.829008387663474,0.9628101934716682,0.7567783134247197,2.0678192679511835,79.04609895574028,0.20369742447871297,2.1646432022775293,0.805499656330221,15.169873226781519,8,54.310920631583265,0.3344684200732059,-0.18489128104859542,0.3898325298629205,1.0,0.29267126326945436,0,LOW
40.04081724073104,0.522338643310833,10.361571047497183,0.5066297077499116,0.9024057067809005,3.3500190721468526,38.83678307250857,0.23747310241808867,1.0118487162488716,0.6202556547317009,15.213398281222307,9,39.86208872758885,0.2109782093429015,7.0588486789358775,0.4075607614840658,1.0,0.5068276672664069,0,MEDIUM
30.133997512830977,0.8289933340637659,0.07388608821320618,0.365274603636809,0.9342265653490127,3.5215815026612622,29.870124828461787,0.15054768068168553,3.6230948840413406,1.0678331310263027,7.315608571630895,9,23.391492104704195,0.17307395838214024,-3.180059541191534,0.5131568190083639,0.9226243428652359,0.3253486677427506,0,MEDIUM
76.34466879572825,0.19001074937135315,1.9099186346568393,0.7778075849289943,0.7338113022578228,2.7623701131959395,53.697832792370335,0.13627166437659452,0.7261359729857986,0.5,11.04476948507704,10,71.2699767024494,0.46742314881478775,-5.990489398224508,0.49428842129894246,1.0,0.5628679313147075,1,HIGH
33.35851302159157,0.5725044726313666,5.9039249958201365,0.384168386176052,0.9096776765722774,2.666470405743385,24.716873080966224,0.2787729593706508,0.032516599967381744,1.2596689552324538,13.02622932107371,11,22.608347411647355,0.47164755890177107,1.090301556015013,0.42173572145726723,1.0,0.5422991725250796,0,MEDIUM
79.92221707366267,0.18494281094459886,2.2094320145073323,1.0894253776047274,0.8990175621687689,5.2663159704561515,75.03286777549165,0.03322347107543047,0.5623189476458824,1.2064032187081752,3.43113404512249,1,78.93179419651787,0.4311880801262898,-4.322315606000576,0.24394506221914602,0.2072453618048996,0.5028453753611362,0,MEDIUM
46.01775156014484,0.7052549914516358,2.580856799110737,0.601683891045426,0.7763853510692097,2.6413646891400533,32.332708030043854,0.16686174369046017,0.2091014522859915,0.8180995595959006,4.479657071285996,1,36.49790635469036,0.1298153036723406,-1.9452845355715394,0.6880494691220034,0.24918628285143987,0.43622892237795474,0,MEDIUM
66.74174143977498,0.18604800582576808,8.054064002580551,0.7085269182340751,0.9424705834579874,5.344762003175074,70.98399738267257,0.10542437923590817,0.3248280328524521,1.3176505820135573,14.36300125377155,7,46.31781809187171,0.19970106252257686,-0.08775330042993579,0.17931812772590294,1.0,0.6662069246241248,1,HIGH
18.120501675946795,0.7346901903093844,4.199680230640614,0.25208014823486635,0.6586267856494055,2.478549387890745,16.23352477942023,0.28324135384470317,0.53878553588117,1.4121598385868428,15.801367712233404,11,15.540180990325094,0.42721885408541,1.47814893602021,0.879404916680584,1.0,0.6903549668850567,1,HIGH
63.02804259750871,0.4895141086792831,5.0628053109429425,0.7905671672980239,0.6699252772742628,3.7452233206094396,50.618251506846036,0.11509184839758918,0.2797036334084943,0.9453367057587644,11.052412106109308,6,45.989836407743,0.10313296241379734,0.19745343555951922,0.7398691384282474,0.8620964842443724,0.5162769897775216,0,MEDIUM
48.40025269266447,0.6646136605563738,9.380197050122712,0.4507150972078119,0.6926958116102713,6.003215553958752,41.50459453456292,0.1322598697841022,0.29641238565107914,1.0821940881038137,12.60272638454178,7,35.29213837002438,0.09131808353400708,3.3118688567450913,0.7932631128627801,0.9941090553816712,0.6034054642541057,1,HIGH
59.8617193699153,0.3931083083576243,10.536993152917551,0.5492793780878904,0.8037041929588548,4.371756611913468,62.27477905505099,0.286639486693927,0.41135347505306874,1.027253926905977,19.42921347635991,8,39.00262921133131,0.22451790966540613,3.5442960536664896,0.49099786474053,1.0,0.6429843203853526,1,HIGH
24.28120765831339,0.6580637072147347,2.253200505435459,0.23897661083093646,0.82117559033038,4.014200597154288,26.002190443689315,0.1946467089287782,0.2700104519631844,1.302723196269322,11.713224308535358,11,16.9058855467943,0.2850050572487709,3.7408181125510462,0.5972684681117973,1.0,0.503897120359672,0,MEDIUM
72.63426832025547,0.4413247969421781,1.4574381554920635,0.9180448069744332,0.7765479206139219,2.405829766482386,54.221044928254564,0.11868677791156698,0.14858283857695537,0.7214735310894742,7.342290863130982,6,69.65906524293406,0.25113919817189256,-7.060607536530011,0.5558405175502062,0.7136916345252393,0.3175696610186332,0,MEDIUM
83.33775159117442,0.2941778754281915,3.490490844531804,0.8266017091179971,0.8216922629467713,2.291939567177334,84.26982213794308,0.40446527484514844,1.1604453658945515,0.9545260854599286,11.86182998463795,10,69.63788833113404,0.25080700940672984,-4.399658848834091,0.41455054329393876,1.0,0.40523728753989385,0,MEDIUM
28.42288300771593,0.7700869289438192,0.6914315494594507,0.32849559007552975,0.9604237539796966,2.7842475514306018,26.469970798584022,0.14990872124887514,0.4023015221403099,1.1838795716121369,9.155824060978787,10,21.59351255490542,0.18497677833720716,-2.688673354620068,0.44440783350236474,1.0,0.3554050711123642,0,MEDIUM
18.135737219213745,0.753650439892869,2.6893808396671277,0.17167834013608296,0.7297037341740665,0.08200223293534382,16.942425715100867,0.06082823681036438,1.4258781617012413,1.1627067750390803,10.646254608118294,10,18.466132428629788,0.2822784584302928,4.67491916567578,0.7822696186853346,1.0,0.4837982327351433,0,MEDIUM
12.009279813938594,0.875984854593571,14.792394779620194,0.1633794160562755,0.8177996792362369,1.7584436030196975,12.150759323123077,0.13900914843605866,1.7145322975677122,0.9914383643557017,22.50422272702323,7,11.51479057290163,0.4825031521661325,15.411902362462193,0.7112929084424302,1.0,0.6622611508906994,1,HIGH
64.56757753767761,0.3414954181396374,6.090297606521051,0.6921517157764193,0.7732057484705102,3.361925558955428,50.95272091353904,0.0792540419963329,1.1121246010461987,1.2784622145938818,17.38929782050662,11,47.755631467055984,0.2745197135754374,0.06379602481119406,0.5109390863640535,1.0,0.47236755678632497,0,MEDIUM
61.602993067546365,0.4104381736937826,3.6513172905889464,0.834145201531523,0.9743484514762294,2.4830530272877898,56.20767893956915,0.12503175845497405,0.40423696741081794,1.0466956656621604,11.670704356117085,7,40.031451306382856,0.6596756569517058,-3.844105069977042,0.2436964096325472,0.9568281742446835,0.3118496196588741,0,MEDIUM
56.46928008069595,0.5513873142435474,6.018842017928408,0.7750057570486331,0.654242780278294,2.567168986043128,46.741940971044976,0.1617115699675682,1.0221589528792994,1.0227400366765054,14.802451222242418,7,38.56591030260681,0.3130861301684294,-0.9817220735681236,0.7943294867043327,1.0,0.44805464570128484,0,MEDIUM
29.71550316985791,0.7731983315924131,9.190645672741173,0.2683501077221043,0.9136030407799987,1.0846029353605389,21.924244973596668,0.3189870056953923,0.13494371008491765,1.1394086047711356,8.8289307007894,2,26.857640743531846,0.528800811753874,8.728629155341885,0.5161946046262086,0.493157228031576,0.41229662519475835,0,MEDIUM
43.22700965196875,0.48153981732153184,1.3133505341848517,0.48935896795200834,0.700274302427627,0.5907821144077051,32.075814839297664,0.18166785839275837,0.8656773618815463,0.9878209356148276,3.4932816833434304,3,36.88906598094429,0.103743459173256,-5.120982683599764,0.6903584550193254,0.3497312673337373,0.5468194402008852,0,MEDIUM
60.53048849082471,0.5048148310933159,2.7435288778404674,0.5522366118983985,0.7183193049241199,2.8616044437822543,45.67561585637794,0.47009930650578363,0.4167439526374036,1.0100523133031778,9.870703387303813,10,63.03342208817162,0.4745871964794796,-2.523637615884831,0.6749284581604782,1.0,0.4553804447856026,0,MEDIUM
52.2251830030294,0.5027987411707585,11.229559479721665,0.7073098770957559,0.5917674457549689,2.4561108087392785,49.4029309571567,0.11724689343006792,0.8528643825085285,0.8425416008402152,22.312456933374147,9,31.652236373220987,0.13684819186902278,6.780997164351977,0.8637482019529259,1.0,0.5084516957208767,0,MEDIUM
93.96176921826542,0.11534757148605917,2.917038636174452,1.0892083733611777,0.9214741442342189,5.369569977330923,69.75083552328661,0.14189394431968486,1.1245141660443827,1.58668059864221,4.09158237160342,1,93.45033208357133,0.1395146093797222,-3.2144935254095865,0.1754625693917012,0.2336632948641368,0.31981730457324004,0,MEDIUM
21.597378967322314,0.9013494790690652,7.45021096789678,0.2024693819238071,0.8158712833059095,2.2049619805429934,20.04326477278428,0.06699244549274648,0.6616839379361765,0.9053174247670824,18.70032461241696,8,13.097107266580117,0.4064274381023501,3.000860126272875,0.7268678145756683,1.0,0.5505980426637875,1,HIGH
69.08728709404548,0.22020070909846112,3.539378057634297,0.6598791837775855,0.7960215589696527,5.35798898119223,64.61864006225474,0.09751024750067257,0.8228480312592433,1.1458488900936672,11.925896384626089,7,54.65783058897356,0.12587207684409274,-2.605832372083387,0.4160680160947516,0.9670358553850436,0.3953471737212506,0,MEDIUM
44.36709528886483,0.5534630008148347,0.8115292075179164,0.4843797647688282,0.903565109390348,1.4280741741501985,47.09827174054551,0.07241548045149772,0.1921584565296923,1.3817447698851606,6.142487531731324,6,44.92012742431698,0.4361762511654949,-2.7924520970020863,0.4213838363218954,0.665699501269253,0.42932188108206376,0,MEDIUM
46.39696726867725,0.4935139632044902,2.8644197422978923,0.6356927807761684,0.79026406508693,6.207691415369782,44.102666863106215,0.23525782250958777,0.7185633368431645,0.7314360272308904,2.6789098312372857,1,41.584995542251654,0.15726326462146836,-1.0367043398876543,0.56136088397185,0.17715639324949145,0.5639428232304915,1,HIGH
70.99581008094498,0.16461314516131376,4.805953556210662,0.8849305233688857,0.869450965790937,4.0122360095740905,77.68610992438616,0.22034658972484872,0.49365187036008884,1.122234912448548,15.529825332623702,9,61.23281070210915,0.07278318379659122,-1.8620832875823712,0.27813012389425146,1.0,0.37152215173714126,0,MEDIUM
68.85707286257141,0.3391660695826795,2.518866354723557,0.918422133193776,0.9278243187154944,3.191120880082589,49.05357433787404,0.09947058279275531,0.44696696294869886,1.0046325402939216,3.422618238341694,2,51.028233757565395,0.16927270137757333,-2.130643718343621,0.2778465567180981,0.27690472953366774,0.28989246913758543,0,LOW
94.25675946468601,0.25835692947989375,0.9686878715953556,1.0210159150236888,0.7117582932502361,5.651533254199711,92.52794483717896,0.21881203365341814,0.4225344497929146,1.3589463217763145,9.101055163267525,10,97.53287742910038,0.6307796289114691,-8.403764457630333,0.5615410248645927,1.0,0.2533630284160863,0,LOW
20.913514603600646,0.6436586344035333,2.7051410240599867,0.19274038311547834,0.6368601424900374,1.7894828790923292,14.860976822147174,0.19406658420170877,0.2979229999005376,0.8181577772147061,6.588268474080342,5,14.13128378384247,0.28032665199677004,-0.40390419202310746,0.8665391034667106,0.6135307389632138,0.7683666390186257,1,CRITICAL
18.849320197654137,0.808924349139501,15.523850877795343,0.2614700073683263,0.7793826959308623,3.418030766837362,18.69383274249778,0.3285512872262857,0.29146006240243577,0.8495490517878191,19.428664827489307,9,13.59883046175855,0.1635817214123207,11.357367472372744,0.7353881306734571,1.0,0.5940622472660522,1,HIGH
71.56879945594301,0.33555544024655176,2.3198416838882294,0.6502644467273566,0.9247320621144302,2.937372513294385,61.14409411618301,0.3456202810445155,0.9623957674549107,0.9900183664919766,8.268597481566317,8,57.529153697412454,0.28567614788783435,-5.096220328819024,0.2806796269516306,0.8907438992626527,0.40039130754694585,0,MEDIUM
59.162887945544774,0.4182173766770468,9.152414734740823,0.8127950343231367,0.8374672515562579,5.346435871953558,55.8807146915466,0.23949061596142884,0.6527939667205958,0.9012971220180825,17.28970782680694,10,38.8602330236139,0.3611030641842336,2.4870079046591433,0.4529078110041366,1.0,0.5293577087228813,0,MEDIUM
33.3036566575835,0.6579131892229058,6.760608772063771,0.36112444162462304,0.8107339476443292,6.437618197371338,27.436059530420582,0.2384450726508936,0.02432786788133164,0.9081444760184303,7.4623805943303605,4,26.329746624827003,0.1719990482346528,4.822513761132743,0.6128556731449591,0.5784952237732144,0.3909063712724455,0,MEDIUM
16.75064636406386,0.7285562272836955,5.143358686532052,0.15160092130753333,0.7736533168092046,5.627499602531466,12.791497353079327,0.10076563935183674,0.03979368696616508,1.4056858645651642,9.88507669121007,8,10.346946939278752,0.6170375746530842,1.4356843356979012,0.703798138428041,0.9554030676484029,0.5989269318524195,1,HIGH
17.280951215696597,0.8458134272782472,3.19968924009992,0.21507502344814808,0.9332783378776547,2.066367624041631,17.097859662606293,0.13605882310239345,0.6753974841757804,1.0254085403645694,11.86238197981254,9,17.55491381682122,0.7389055460618932,4.770869839854319,0.5229892068226416,1.0,0.49623854230462033,0,MEDIUM
86.00622434645005,0.07939663837422534,4.530853672656496,1.1957188659643354,0.8500196206446324,2.909043397888399,91.32555039206706,0.23060313175061048,1.498116115465891,0.8430629133004408,14.923354536181247,11,64.07142146892211,0.2113476823056406,-4.065719360844783,0.264668888220164,1.0,0.4258282574972079,0,MEDIUM
26.308722601093148,0.5617190375907842,11.664110992052157,0.36380039980290974,0.7868056224255818,5.44068888871055,20.34803365505921,0.2504160124265209,0.035979324934089695,0.9219966498605419,12.38917051361167,5,23.288774898761112,0.5335032583789782,10.616341416165625,0.6006510851570194,0.8455668205444669,0.4237265934983639,0,MEDIUM
37.486582779819265,0.7207015498429058,8.887292820539802,0.3675441379822542,0.8208751545714165,1.5683199427230192,40.046211653972215,0.3776016132017438,0.56613275016172,1.0809783118700365,10.743221585673147,1,37.17683798084123,0.19020608118336396,6.585686351282758,0.6290380430643282,0.4997288634269259,0.45925082922799126,0,MEDIUM
29.26579418929398,0.7840129236944235,1.66242076596091,0.28991395265161163,0.7882610496865102,1.54922108197716,22.12707223530631,0.13858397673796483,1.5237743571750733,1.0674735169462255,11.009774793210713,11,28.33651136635943,0.33438736019901727,-2.7102827170762636,0.7096148873174464,1.0,0.45885840706810427,0,MEDIUM
40.17468599571467,0.6023860181909396,3.317586430588926,0.47517391552744265,0.5203382503033954,4.000785157433961,39.94427424917777,0.2832074642244231,0.0035663198282456852,0.8845472499167903,7.179280723587359,6,39.8945016688758,0.37173964377004315,-0.8037707140406817,1.0,0.7071712289434944,0.39057126302340084,0,MEDIUM
15.901026633417937,0.8593157087222768,4.515562413377478,0.19377824479397432,0.8071215249242863,2.8497199388128696,17.23318384879586,0.3221310857075061,0.2581434152762156,0.674393661727936,11.176271868501713,4,14.694757135599346,0.18270948521212205,4.8596391915068455,0.7189755669747089,0.7270508747400686,0.6094617895442052,1,HIGH
54.12008222720298,0.5447446187452151,0.5695655715536383,0.6871675314841444,0.8269093823023947,6.548364900804994,41.07434725445928,0.24127579044566333,2.01978549646224,0.9898919481099587,5.721673060139176,6,37.19049379519622,0.28900534859529264,-3.6725554618615113,0.5320082359190155,0.6488669224055671,0.562799243714852,1,HIGH
15.747067905338266,0.860476493488864,8.755978737798348,0.15597867275124877,0.9301298544861566,2.017100403514242,13.763504538214127,0.5388401688021731,0.06798424231958815,0.984481014925406,8.441307159444479,1,12.045669893032484,0.5479215785750617,7.628705012842163,0.5350434650151972,0.40765228637777917,0.5868186903293632,1,HIGH
78.03030316490073,0.2920183727318979,4.970421932544471,1.0764307970716918,0.8594721496093007,1.9701204366309621,65.15397607690653,0.09526809640834451,0.7471493632379295,0.8707739557800821,9.277016846418707,4,64.79747745673156,0.7891932458711803,-2.0432173819331303,0.35680096195199784,0.6510806738567483,0.33754304342094466,0,MEDIUM
29.865526962386806,0.677546154306224,8.389893160355882,0.3641711650646869,0.7576427892332619,4.116748670868933,25.546705962634984,0.15535637757107768,0.5664164610928832,1.2559559532131643,14.145236384800508,5,22.447756088508015,0.1475311597247834,4.482882804592279,0.7023088933032191,0.9158094553920204,0.4378562655523182,0,MEDIUM
55.9010127413834,0.5459485716720818,5.739345363032671,0.7398630176941127,0.6209936786568981,2.4677281795129797,55.971218580267426,0.10612915455668144,0.13159728412909397,1.1149155801700423,10.545388921680281,6,57.56995254264874,0.2617728678991217,-2.366274860615704,0.8414837678506937,0.8418155568672113,0.46528017893600493,0,MEDIUM
84.80672244272395,0.17759563364737524,2.235285959441021,0.9922665180691951,0.7874590424903051,7.996254554272623,81.79401222408286,0.22300671582056555,0.03473279314020563,1.0269636729803413,7.378775758437808,5,81.67537230983427,0.34481818505660355,-4.109719211768503,0.40760925308823004,0.6451510303375123,0.5400200608919775,0,MEDIUM
65.32457636901151,0.3622783917983548,1.9178643318349171,0.7232334851625968,0.4537337933123941,4.149748278987585,71.03882969339502,0.1203184208029283,0.5586678532760037,0.9278577414939855,4.2657224030541165,2,62.68077645814016,0.32708046954462733,-5.5626591430718815,1.0,0.3106288961221647,0.34852372239580537,0,MEDIUM
55.3014118568635,0.3453809943344024,3.3398770053666023,0.7679106785972557,0.6661844274766491,1.2516974266283651,42.81389966225245,0.17285437006256124,1.062813482333664,1.3466057246957421,7.867581717451064,3,42.16718225787686,0.22776024173203066,-3.89483671533203,0.6734138559522276,0.5247032686980426,0.3740558541340092,0,MEDIUM
37.568369014806926,0.6472727781960674,6.538505036342792,0.4474620734850866,0.4932831352337443,1.7749375892211494,34.46162823442064,0.10477473142644411,0.15607528999777867,0.769105431829164,7.963121068535475,5,35.30214448092069,0.14261087613898454,5.3572232413616465,1.0,0.668524842741419,0.39907302844155307,0,MEDIUM
38.30516260994682,0.5503919805009757,12.120907611526546,0.51077513124647,0.8019837607140073,2.2690326619379433,33.69515384002455,0.6406736680808767,0.9403596662714178,0.9006807872123199,24.857818560090326,11,33.567721579367145,0.13139770811202398,8.667139459469627,0.5722203491794768,1.0,0.652485702104574,1,HIGH
66.90639119184615,0.2798734699592589,3.9786439772813007,0.9210642906840927,0.7880147683853211,8.035160738548159,71.42541234341384,0.5416546085219957,0.6324021892603006,0.9095263830723068,12.726979997368673,7,51.440744331293644,0.33512330239304217,-5.745181435356086,0.45791458240164773,0.999079199894747,0.6945312365042854,1,HIGH
94.50184570379923,0.05,2.4892221160774426,1.169627905118789,0.8795044574288524,1.5146467084270259,66.55270682027164,0.106044170057321,0.3543422331387398,1.0597921226773919,7.050939616622378,4,69.81096693707075,0.1257384529773453,-8.76896160265807,0.20574331385672137,0.5620375846648951,0.3378986080133393,0,MEDIUM
66.25633113719718,0.2521378940760902,0.5500143553703898,0.7781602945245184,0.6066566417865416,3.3391785231288855,72.5949524457735,0.21363596507207316,0.8735409434179294,1.1321769660748937,9.357263053052451,11,63.27319890324716,0.36519659955443123,-5.84734657744733,0.7160839843582327,1.0,0.29970539369689686,0,LOW
57.41159047645212,0.5958658074768357,5.578967576457485,0.5177121319615998,0.7535519172388205,3.306200275070693,51.20503733121935,0.20261105968229934,0.17053158420797285,0.7326850762060161,9.192436965097041,6,49.8654108002811,0.19747155656899237,-1.034748770010087,0.667605027880187,0.7876974786038817,0.3287979889169529,0,MEDIUM
72.10529337033591,0.3854541912557131,8.648063294461938,0.6633757800133305,0.7097351270521469,4.061291411861426,68.51559327065713,0.1668789134957539,0.4884155890350756,0.8630779950691414,16.833384407042036,9,44.4635794513042,0.20310094519316935,2.0420173317352175,0.6281244050496362,1.0,0.4947132549586135,0,MEDIUM
49.54247704411604,0.6582046297303805,4.211910608750377,0.49563562719952053,0.8860220344624605,0.272404854050391,41.814892123153214,0.20986384724928647,0.6375715218378896,1.089528878615343,12.671528262958814,10,30.209247200725738,0.40923741141574815,-1.1774596162347692,0.5000692631714995,1.0,0.5554605284631111,1,HIGH
15.112099121066743,0.7510474072248874,5.413775141558873,0.15006378138741064,0.7159763270453176,1.1386100629086162,15.731856399063243,0.06116841503226564,0.49101870902410055,0.8669706787407696,12.650512498695052,7,14.793034333082483,0.2574976946267647,3.2745888997872896,0.8015592130444673,0.9960204999478022,0.36409682334438676,0,MEDIUM
57.79522934962233,0.42774800649664807,3.086007027989073,0.5937762791336436,0.6499853041135909,2.1338963253847845,53.448749416671596,0.05703590019753385,0.4053359190880416,0.9196447826674018,4.496259959144439,3,37.01314241432219,0.1862765657463707,-2.084282167281541,0.7388960470779377,0.38985039836577756,0.41743765967032165,0,MEDIUM
91.39814918295731,0.05,4.207710911221489,0.961935650183325,0.9012264310167841,3.641568998629114,88.21058156065077,0.1985615081345835,1.0804750679201645,1.0345289404339881,13.279654532459663,11,76.19980649563965,0.5164727240033422,-6.926304568334273,0.1731603534748238,1.0,0.4798573293215249,0,MEDIUM
24.90075010040107,0.6953369088202241,0.794837703716006,0.2689362552770309,0.9156403456069715,6.254733168909805,23.893810660037797,0.025986377684735124,0.8539257376182866,0.8040149038620126,5.2922097907432395,5,21.76073348671081,0.267404368104954,-3.803847833430186,0.47420793599965483,0.5616883916297296,0.29811638779715754,0,LOW
68.65041571975658,0.24004568412910815,8.134299577721784,0.7622041777230819,0.7957024244167844,5.138671661849156,58.05030109124798,0.2117843895993352,0.816126524335667,1.0555222645425402,18.363080320245885,9,69.4867806561192,0.41691791230275815,2.3939561981032713,0.4264692054393775,1.0,0.440521961959127,0,MEDIUM
27.0793635360198,0.8283730851551269,4.741922276869541,0.2571004594268062,0.577448047214108,3.2481448950975342,19.77866959557846,0.10831792224570547,1.7790238983773141,1.1225119673471657,9.318714194985938,5,22.517489096508534,0.41618406414877307,2.215213690809517,1.0,0.7227485677994376,0.4123237636765015,0,MEDIUM
55.545353180211904,0.4128480939497401,5.77448043695402,0.5116732209804741,0.8321199343152414,5.375722474733896,56.82747826384838,0.21473322663022967,4.028843390961609,1.0076773557431662,8.014526366071232,3,38.17704101331373,0.10578394428670354,2.1474164551753105,0.45824414550200787,0.5305810546428493,0.49278250808852475,0,MEDIUM
18.21749821997117,0.9032953644958096,10.616489829301148,0.22534539298647682,0.7145439348765483,4.321054657619902,14.863408450794864,0.21845247816182403,0.6699920205387254,1.2850767630200761,16.33423421156278,8,13.067443089182008,0.20305483354625567,7.051736696161926,0.8798317799330824,1.0,0.373955684888921,0,MEDIUM
48.28152958194573,0.565514375347624,2.0800352084820544,0.564250502442865,0.5777544899162875,3.992261469950712,50.192130683063716,0.386567515185451,0.34249732547172557,1.145084502412614,8.71610588759282,7,30.030397306442953,0.5073729577728717,-2.616024146480458,0.9161254527993807,0.8386442355037128,0.6021298723453924,1,HIGH
74.27388295609592,0.44155227060742397,3.337437407813688,0.8334065190614921,0.6064077700819551,2.777768833298448,70.0742299080575,0.20491818644703688,1.207222964494785,0.9918156535609942,7.719289679604113,5,51.98620820932533,0.06236074809360419,-5.58397404827587,0.8111644801807792,0.6587715871841646,0.3135522681462775,0,MEDIUM
39.543579560313475,0.4862086665456874,4.163848621628716,0.481332347491978,0.8994547880995019,3.213203084878616,33.2751939353496,0.2863474334051027,0.12261331515903023,0.9357150435337062,7.728607855699827,5,38.231250616450936,0.24623435891548834,0.18501096232655265,0.3939221511235909,0.6591443142279931,0.3937655825880807,0,MEDIUM
66.51749658141352,0.4355636933688086,1.3319535054038698,0.8739332799285611,0.6766225212264971,4.957637831868144,62.37338068713654,0.06615035266518977,0.5754437329549539,1.3509438479211395,2.898180937736937,1,62.56604968231092,0.22678011850136692,-3.287748175569916,0.7028480648446587,0.18592723750947748,0.17769468187745313,0,LOW
77.61324666712699,0.31558280296078833,6.544003761082457,0.8644923962692286,0.8253513983363848,4.384891522043606,74.36878608861936,0.25539034144369854,0.5947249881004718,0.8677085792484749,12.412166238906142,8,49.429881618409425,0.25473444748800145,-0.1438983199087993,0.41976430397581693,1.0,0.4239483282676134,0,MEDIUM
88.81011465575348,0.05,2.059864980319707,1.0839804978982894,0.4856091634593322,3.340811936602479,87.27133404637395,0.1935310004678912,3.2819594955193163,0.945565488856818,6.195203003252907,6,72.45296818408097,0.13232872486555153,-7.733261896609952,0.7965862548110016,0.6678081201301163,0.5446995483699086,0,MEDIUM
29.94457695771355,0.7811248973407172,1.8827767127738204,0.4122727768262718,0.7812952752447074,3.3966657861217744,30.811030892003327,0.16073405369794183,3.7690305673827282,0.918036660924774,6.367989702493629,5,22.03382436902855,0.5000958626901639,-0.9994867733216679,0.7186195358032974,0.6047195880997451,0.34162297592051494,0,MEDIUM
43.94185284379119,0.5874730686041864,5.01510261716646,0.579949955800076,0.8091638990002477,3.4618684768054386,33.56726825545825,0.23184351948183066,1.2844130427270548,1.0795606779531686,10.288433264660153,7,39.2170905802625,0.15526914934777658,0.29262318093514567,0.5799906858017216,0.9015373305864062,0.5959811130814491,1,HIGH
22.955361133085482,0.7522482878728726,1.4897008756615049,0.25549326243811893,0.6824607628432974,3.1902081137499487,24.738022918815204,0.34832565084463313,0.5124675991823461,1.4510312589026186,2.5025505248605695,2,23.703780387952783,0.3972287146140049,-2.07370734896831,0.8524329996714902,0.2401020209944228,0.2524971404203767,0,LOW
94.36109768346189,0.05,1.6643964521775843,1.1534308217072051,0.7067584954704281,3.480920247706113,81.55971691855447,0.23585110643872148,0.6338893682986775,1.0493345419817706,4.400389353967195,3,83.39719119753171,0.17527273561986087,-8.731364720866235,0.46486225679435783,0.3860155741586878,0.28191147500486696,0,LOW
88.7950822735651,0.05452042114841417,3.3421496768513785,0.8777708758609953,0.7641232294929322,2.031318104875215,92.7180596061532,0.21847945725798706,0.30822607946137426,0.9355851881350814,12.792929956094522,9,83.07355313914178,0.2929781301670649,-6.7288462849253605,0.38107536633480876,1.0,0.3845545348435322,0,MEDIUM
55.89635607384756,0.6050214069243984,0.967967480252753,0.6597229428355629,0.6966271814721963,4.752307729011318,44.05705163957151,0.15602364196490912,1.416839702520119,1.0377343145346896,5.328981439631291,5,43.55207541910967,0.3394250857051869,-3.1449859860929528,0.7575699312539048,0.5631592575852516,0.43874554741513144,0,MEDIUM
81.57283002199581,0.18432632529664048,4.772288054256104,1.1344040996420213,0.7685015899595935,3.4166050772555607,58.04817118154445,0.2827091070433268,1.0980589574077722,0.7374282783095911,7.767338070137299,6,50.14359397161519,0.16265387775602555,-3.738825184512593,0.43941077770893,0.730693522805492,0.5157115449253932,0,MEDIUM
54.28142806812359,0.5197561194412808,4.676616316511499,0.6292072758255469,0.6168434660272343,3.285248928027749,50.44577303256687,0.34741618832322807,1.180713723314642,0.9624431184761856,11.331584459574362,8,42.7816059070261,0.13473722508732425,-1.134720372502195,0.834612860679789,1.0,0.35779481447947276,0,MEDIUM
63.00478348023457,0.30668021466425,6.863533311192827,0.8592713022643526,0.43736163892510505,1.8672464151839714,52.28555988268118,0.27713086724968394,0.11942794505523179,1.3408168578250097,8.552809540420313,3,52.28502447964338,0.40931483142612624,-0.14022084122016643,0.9972976489444674,0.5521123816168125,0.6037904153831718,1,HIGH
17.57557672986141,0.7618559970036548,10.630841642564489,0.19397592131903799,0.8850496957902005,5.220752410313582,19.223898713141345,0.22854232964896964,0.40684119765649557,1.1323979995927889,15.731346901921736,1,14.44195656151907,0.1657828726454476,11.803486304849898,0.5533534548165266,0.6992538760768694,0.5392738062935248,0,MEDIUM
74.19798574222867,0.3445789273177087,2.2735290360541724,1.0383432429107784,0.7890706120899919,6.676090865717642,55.03868439703947,0.25215405728215645,0.6166304832601031,1.2461934641475314,5.810674681630212,4,52.316583444442685,0.2921161194481386,-7.299139809630183,0.4886835455238666,0.5124269872652085,0.525366684555164,0,MEDIUM
20.85564610899496,0.6834774419859277,4.103640678588969,0.24810085535068235,0.7789155505646581,3.4273809332485285,14.993565009620736,0.1743873573175762,0.10651246083168323,1.2026692810183985,4.9127887470069105,2,16.971213229417433,0.05,1.1114796802102531,0.6733653951459767,0.33651154988027643,0.33976988948368236,0,MEDIUM
80.21574857146491,0.1646254128529291,4.388095750997177,0.7388949322131764,0.803858594959628,5.672914864697052,57.595479205743025,0.3109100348288045,0.36788173783740447,0.858240074825936,12.235539365727174,9,74.04689861698678,0.41419637319089814,-3.7221430578349084,0.3765248139870226,1.0,0.5358143532131247,0,MEDIUM
76.4723874519828,0.23799831836595065,1.2630996222933277,0.9126041878273113,0.7302219246514675,6.625266127607612,60.16461091610685,0.1601935315050448,0.07319459857623248,1.3823976476394964,5.369592186601437,4,56.60214128103784,0.34367528345269377,-6.594948745694223,0.5236662722057741,0.49478368746405754,0.35724207413081394,0,MEDIUM
70.243299308153,0.30647681506567426,1.388352676536914,0.7286241539957184,0.7194879241609631,0.10663050791807532,65.4440274930966,0.10050106059344957,2.552254548508813,0.6447902909746583,8.71741131105312,9,62.186477201451964,0.1734867651667001,-4.510947706952582,0.5740065212913925,0.9786964524421249,0.4563422672831123,0,MEDIUM
13.07363234460478,0.8549362137526597,3.7823541410588346,0.119785935413263,0.5133187634088987,5.872801313524959,11.795362510794847,0.5247478520053614,1.113088392491601,1.0664994777123384,11.81969334345634,7,8.745676238511852,0.0762962059829622,6.28926849749659,1.0,0.9627877337382537,0.6480783935426688,1,HIGH
35.765910255352935,0.6740064799341444,1.4579427068275264,0.4686860204407724,0.7606615408193147,6.793265421216229,30.0444491060461,0.3796347130490824,0.7756437649680787,0.588069987846345,7.306562888999053,7,25.934604553409308,0.22628165433074557,-4.782759152413062,0.6960109287381002,0.7822625155599622,0.5743167136696168,1,HIGH
32.36456844242164,0.7317827760412086,1.8223472631170312,0.3359004695201336,0.4162139861679764,1.9224837992574053,23.804698150579092,0.33786826193707925,0.18338607509845953,0.6573384774900117,3.5502487590828498,1,32.29231647034109,0.26243156658386324,-3.1276881917922417,1.0,0.212009950363314,0.48170431439341066,0,MEDIUM
40.61159463507912,0.6526550572859551,1.743415217206292,0.5272498866361861,0.6869550127543496,5.772449047110573,32.22509070254256,0.20267769388243445,0.3253255790914139,1.1871130301682413,4.290123118710133,2,35.81861689703571,0.3953372929595544,-2.3173847518706947,0.7958950095114532,0.3116049247484053,0.2852493220629732,0,LOW
17.449633474926276,0.7466393605573112,4.737240830373992,0.18219315719238166,0.5901304300467144,3.8190539658096685,13.500062946839117,0.19688517576504744,0.12484123003629755,0.8617334454927836,12.766944407850009,7,11.14382064578304,0.15647410203189033,3.625242340870302,0.988124035208584,1.0,0.6714761813426108,1,HIGH
89.64141495764034,0.08085344258929292,1.9597842935659417,0.8938711812427843,0.7187845025070217,1.0055991768531845,89.48604261821087,0.3666657572367692,0.614502861378104,1.248977115547103,6.677453561132352,5,64.45993749009152,0.5088541074408797,-8.732612916876995,0.46224996753411385,0.6170981424452942,0.5656446342877881,1,HIGH
57.073190460551984,0.5248491243446352,8.150756618591094,0.791586766730813,0.5637151332297721,4.044969323289376,57.75684470880744,0.13037167576143927,1.3741353236970093,0.565126510910578,19.806654187261298,7,59.771756238199835,0.7621950900529902,2.86427883491155,0.9168518623276595,1.0,0.6319238394230245,1,HIGH
35.969566405932,0.7118761109465898,4.10265188279325,0.38876722581378415,0.7123886368527815,0.33512465746684345,36.35823934061914,0.2899586172690736,0.015376039321115205,0.982298359895932,9.433149139099442,3,25.9537393275514,0.05,-0.5709246881442236,0.7873551001941226,0.5873259655639778,0.3597129119440471,0,MEDIUM
43.743428951314094,0.452736954368374,4.522452238519077,0.5252221484531985,0.7072065196147139,0.6966872808954122,47.57606274812908,0.15283947311573715,0.08723487161512081,0.7568115083284294,10.75666128714995,8,37.67311095901153,0.1964779591470504,0.8404110891800949,0.6655586977621162,0.990266451485998,0.405147094112615,0,MEDIUM
48.012215942911034,0.5479962325990658,14.13017207627027,0.5785427592571375,0.6994333463246067,0.22927053621215668,50.59024044976002,0.23038265021586357,0.20841653684328199,0.9342957364999575,23.456921649776966,4,40.69785678124375,0.2957619904414333,9.341401069649882,0.7248480968126227,1.0,0.6936534665113685,1,HIGH
61.05051833565247,0.23123679669349048,0.299152907573191,0.720540648021274,0.7161294117071422,2.3523750139808626,54.891857973035194,0.12139529981322476,1.0015974904687033,1.3096697230635086,6.8181404051367265,8,47.68433770259262,0.2117392244297996,-5.2770307532170815,0.541424280786032,0.8327256162054691,0.3058689617561335,0,MEDIUM
53.83275135420231,0.4654272786228064,5.080589571259777,0.7306977048164445,0.7020170064724185,6.160430826131945,46.617785004543684,0.4477612194137031,1.79530080213334,1.3583604427057816,9.069286793373802,6,33.11790863988113,0.2284916745788458,0.4960570045005801,0.6796881296027755,0.7827714717349521,0.6536187521657636,1,HIGH
88.14831772322547,0.2703381841074234,2.26786511322953,1.090589088731226,0.786453587300788,3.5613706911941323,93.99320411025019,0.2837266903523281,1.118733512045566,1.1025857830499506,9.28208548323777,9,64.16771144789456,0.07405967530521308,-5.561813499585692,0.45548871110252975,1.0,0.41879158590631727,0,MEDIUM
52.24189604699557,0.4017496221485254,5.56135933288318,0.5756359525789152,0.7190288729335927,3.9865271367141695,49.34195366441608,0.13523911101696245,0.5954640482804469,0.6810760773104267,10.210673171358586,6,53.757285258144734,0.2857029179829941,-1.8982164244646773,0.6223315016738735,0.8284269268543435,0.3818452691323353,0,MEDIUM
94.33343125998158,0.05,1.5128436698194707,1.2557573849572197,0.8558809726958697,3.7348633405552425,77.14205644954279,0.059313523811768534,0.08884569206823549,0.7586630228451482,4.709672187842608,4,57.41471431916537,0.20441015694449408,-7.619252507989043,0.24117854095619543,0.4683868875137044,0.46372925235010487,0,MEDIUM
82.37112140833314,0.23741116844249738,2.328447412129339,0.8159118629031277,0.7766460478629615,3.416761708387794,76.2579989688583,0.051939196375712954,1.1249181096585272,1.0320109924266556,6.1842748027681615,3,75.95091652341534,0.4889214113099111,-4.4164230161597935,0.45373651242680635,0.4573709921107265,0.4124068736684265,0,MEDIUM
27.723393720373544,0.5993419415794928,12.920266865240455,0.32495099302502745,0.5583229914936119,0.8401171264388831,30.40867523419989,0.3577372210547871,0.08931728800635408,0.8388182190940408,22.694406477929107,4,27.771558434691435,0.3360873561133167,10.748238440043288,0.9621864835493286,1.0,0.5805588831594808,1,HIGH
89.10059324473288,0.05837366516186814,3.739826745735533,1.2253783494485466,0.8178322264959398,6.5032232818154405,92.64572979259877,0.5510949455014877,0.34178811822259947,1.1315945076524303,14.668840203969694,11,84.02845132918308,0.1706994687792928,-6.308834667691389,0.3024384928370244,1.0,0.5361695767237699,0,MEDIUM
19.89114382026547,0.8488038528038856,4.880087402217679,0.24121966538641143,0.631895194433586,2.2556984474938915,16.16179078853134,0.2542135572300939,0.2945256454553922,1.3351850253366706,13.874821900367216,7,14.828097948714523,0.32783411225751175,2.872621801545137,0.9765591347515639,1.0,0.3738916046576166,0,MEDIUM
79.48322522175128,0.1544248799673349,1.606361705833922,1.0400254637365602,0.7646666890981308,0.7761884908459579,85.93581415972305,0.07891359441067944,0.3560595997424179,0.8034660211952058,8.355280285142632,8,66.30574490074927,0.46794218469744514,-6.509384969915056,0.4302124063364712,0.8942112114057053,0.35334251108488907,0,MEDIUM
42.352979945509304,0.5575926015680293,1.8947846320766564,0.5195780410205241,0.7130425063179048,6.483508021635554,46.2742240117574,0.25627497203900146,0.31981991458593284,0.8209876880482858,4.636427274347775,2,41.946238127925334,0.16583579565435114,-2.464810400482951,0.7092325413071574,0.325457090973911,0.5117872610983172,0,MEDIUM
84.62781723783091,0.2132566844468936,1.906002381006273,1.1168209753117027,0.7722580956878756,6.523407749831636,67.06473414361477,0.16647613010405207,1.1728926925597702,0.7639129640689446,9.933982233364148,9,87.9245765837581,0.0976623150591987,-6.947379996059307,0.44824119869163337,1.0,0.3953923533515892,0,MEDIUM
83.78481865913328,0.19587550009159216,2.5384631349535884,1.1497320966251143,0.6772104418514957,2.567634472821885,88.66418235786685,0.1539575940177746,0.15072682048928124,0.9491482148431497,8.53891093051214,7,53.929194494274505,0.28168915022302016,-6.128775305857427,0.5821220872685525,0.8315564372204857,0.4645783199095593,0,MEDIUM
78.5036590099978,0.2363088816036541,9.617716439437721,0.8136597022632277,0.7671356639126464,2.429008382195856,82.68641930177145,0.3058108256543548,1.4958428010263112,1.0104454959729774,13.607949194361133,7,51.495056730985795,0.4475937750021612,2.6237272960582803,0.46745094493285744,1.0,0.46782121439624275,0,MEDIUM
77.15258708610021,0.2013443467973948,3.5659681283412588,0.7598222405088065,0.9135489130839003,2.20089632451236,55.23364736863934,0.07608173548044019,1.5630101052795335,1.0043162965963783,11.980782167883591,10,79.47601940551972,0.13391599566072632,-6.566494586570265,0.23034880377284694,1.0,0.3252002996423074,0,MEDIUM
35.89772682333347,0.6706276209881816,2.9797634009612795,0.4099503801122898,0.845751711591504,0.13400607929536404,34.74453665996026,0.41236798894569004,0.5401292334850166,1.1795370574594481,5.726524351979412,4,35.63499097151649,0.20543451274275304,-1.3437274995106259,0.5666862431068349,0.5090609740791765,0.5606033914678998,1,HIGH
16.878139059356435,0.8213199949984551,0.4615668748679878,0.21113390973659038,0.8307763506529929,5.425104514878497,13.87572547222133,0.232606583806499,0.08977272238955049,1.0785943226193637,6.035995729563429,7,11.730034124797802,0.27393042494975123,-2.4217375360580893,0.6644954715197382,0.7314398291825372,0.5406068971643361,0,MEDIUM
44.253315195038724,0.5940912968436756,2.421227156461607,0.4485496674384908,0.6597942817473174,3.509526977677365,42.91885871440628,0.23747307272116125,0.6852998231059519,0.9882571696615771,3.8764799821193865,2,45.870633322567855,0.11459430634134862,-0.8384136444878703,0.8073542258008617,0.2950591992847755,0.20585799022663484,0,LOW
24.74958377385324,0.7127496002520294,3.832589344960504,0.2232537999197578,0.4830814169822422,2.354054169978563,26.36878761537463,0.14243153036734124,1.3759889190796422,1.00818308169692,14.599627453246496,11,17.177471249886583,0.12212729417184724,0.8883881790587338,1.0,1.0,0.6126539626956059,1,HIGH
69.07084255670924,0.29468605648254437,4.290227922671787,0.7400716699760026,0.6074522429372,2.0434792398618655,62.13003095307161,0.07853066188168174,0.2733992492154555,1.0171024232954227,13.188373032637111,10,44.19372637441055,0.12161654686740993,-3.3002060077112034,0.7361646638354722,1.0,0.42989906467410616,0,MEDIUM
39.418476755711765,0.5266186090387212,3.4644556169671232,0.5457210867748628,0.6176344506091256,5.242378180870075,34.127142744082725,0.22253939401133763,1.4548808384012328,0.9884391954417909,7.776043000450223,3,35.74658861946476,0.29697880392779163,-0.9791959456323577,0.8368576286056721,0.5210417200180089,0.5209589572384984,0,MEDIUM
92.92686707309277,0.06793072046857346,7.732034424284078,1.1592475478170567,0.8676383132971972,3.3256096751114232,99.30281252769747,0.17717730711233154,0.903881405861546,0.8645770669335335,14.380192840376433,2,78.32881892952422,0.34308581768144636,-2.360229613862602,0.23250789028849092,0.7152077136150573,0.4048394391240017,0,MEDIUM
64.48262657435322,0.29029366516616023,3.1711427159633714,0.7097362328514213,0.881035602526799,3.313807865684441,70.26323399446349,0.32491932805294793,3.4895559111281766,0.7593858722271547,8.23031595253199,5,45.64397967124205,0.3506208068852349,-1.3550810638291866,0.32359342879288155,0.6792126381012796,0.34691099181755497,0,MEDIUM
79.91084790892069,0.11176780489783363,6.149763946430208,0.7961422273101705,0.9112162644046985,2.292635061710477,57.926936626140595,0.10318364761866503,1.3930570498013564,1.0284554297119244,7.494915835069395,1,81.3272699632266,0.14185277926405387,-2.026838025846956,0.18905950584186906,0.3697966334027758,0.49540493581326905,0,MEDIUM
21.264597183057116,0.8080469199978599,1.2286988530285894,0.22924189201471862,0.467509911302528,3.0863480590745795,22.734815008779453,0.4083117524776575,0.18001671402658478,0.9001399555794845,3.600477321151505,2,16.626957492680948,0.1687943604471858,0.36467517366772717,1.0,0.2840190928460602,0.4494094071315912,0,MEDIUM
83.27123099317292,0.18430687213688365,2.7880555750237015,0.8201547723494452,0.8070056578143507,5.466690665467075,61.046756764768,0.0484826147292958,0.4768222700520732,1.1050207838880428,12.371617024662674,11,65.06047608008654,0.4185773735245801,-6.00822675409834,0.38164494934691573,1.0,0.38347171849141504,0,MEDIUM
88.43436119363852,0.1782862868595006,1.3614217114519849,0.8429146877376263,0.8516030122480223,1.2992811283172574,73.83512916354657,0.21933173095062056,0.08741314242948914,1.0143965360795713,7.016835761990114,6,78.20441874602126,0.10806487642691792,-5.380669910367767,0.3117386250577169,0.7006734304796046,0.2163323704905104,0,LOW
51.40026309960955,0.4515073234378965,9.054143139767374,0.6956363504654532,0.8696798573054659,2.278450142772719,51.65878838007575,0.13956896992648998,0.05777322106088474,1.0029828899110818,13.116291119220485,6,36.17847456933346,0.2867533191988784,5.626016054787783,0.42123387576074933,0.9446516447688195,0.5280747354030225,0,MEDIUM
61.53149970883308,0.41732923065860966,2.882214744666279,0.8607181049058361,0.9085401783176664,2.062577392424384,62.19695012737312,0.06908076079755644,0.979488017138741,1.1968947414131512,10.086094687649851,8,53.16822302600288,0.11418119580498035,-3.3569868359242836,0.3458543478528052,0.963443787505994,0.2640237151538616,0,LOW
75.00883307675461,0.29397547501434695,7.811192268900478,0.7366296607164203,0.6704038363065504,2.4295560165949825,74.28340437029144,0.2506379198266738,1.95285089136617,0.71907766576893,13.8715229830071,9,57.29124537801356,0.05,1.2722397291945717,0.6413819830473478,1.0,0.38548858758650384,0,MEDIUM
24.86128331713507,0.7869690714551769,9.021697439868124,0.23052905377145605,0.35,2.135849388115343,17.791852980764258,0.21701978570787564,2.906771439946893,1.3538498295442336,20.17345906676271,9,22.692235180924804,0.23243057662158045,6.863575507511845,1.0,1.0,0.6611432596615466,1,HIGH
52.71811649939261,0.4067665403819025,2.856118271426402,0.5613770630945721,0.6083125324234918,1.1893678052539063,39.706569393654014,0.6042765512148073,0.25227983231618306,0.5630040937622953,9.325147112460698,7,37.50727194029738,0.6245918693087533,-2.4487399007899215,0.7909144715557135,0.863005884498428,0.31267893751041065,0,MEDIUM
43.88635736064661,0.573085504975229,1.8335140079261985,0.49627991517441367,0.7245728035920204,2.760020260080151,47.15530287557466,0.16204826968424843,0.18028814684271388,1.2901591390585179,10.323428414817908,10,29.994476111160232,0.258439887090958,-3.0063245586230924,0.6996835470995839,1.0,0.28267407126147476,0,LOW
22.441789333791174,0.8047133303464612,3.1397361966727493,0.22495888039392417,0.5990298062182746,7.111999394303552,16.44050826054131,0.2796803996256056,0.6571843362432954,1.0401673994752565,5.091798276558191,1,15.98789413544473,0.2782889802120336,0.9726554252483568,1.0,0.2736719310623277,0.5781898101874382,1,HIGH
41.240425894780174,0.5881700184048336,3.886149139305666,0.43331829174236713,0.4728983521223365,1.0376163496334134,30.16400495365307,0.1392134421800583,0.17937537679172133,0.8951912855367616,7.282335539906233,4,42.113513422569426,0.3438540974821514,-0.23534676826698744,1.0,0.5712934215962493,0.540747137620054,0,MEDIUM
15.794646297766953,0.6751353243526437,9.664320739025309,0.15801522778901242,0.9440194576879337,3.3453800376587695,16.335745215257404,0.27539207843701347,0.2806759657576194,0.7056727262483089,13.624979503459187,7,15.512759510142256,0.44496855424780374,6.995605974903718,0.42153847564442126,1.0,0.4342895649722226,0,MEDIUM
12.194012090706394,0.8908990490108144,6.211115319510869,0.1569528224804701,0.8540229906732828,6.072042786324843,11.663649402756803,0.2180628378464332,1.4523156569299336,0.8801020741937149,11.337135960486282,2,11.864825922616935,0.2513436379607897,5.566302536429445,0.664415038495483,0.5934854384194513,0.6692247563685989,1,HIGH
21.489134578159934,0.9621111373701801,10.426527692974386,0.2699656278027834,0.7329469518175343,5.113599417842885,18.06510792842475,0.10991673403338853,1.3305362125025855,0.9672645884298883,18.26508710659841,9,20.442884451904124,0.176313771249876,6.511210364725368,0.8816351409587886,1.0,0.648156383520518,1,HIGH
91.86478448507978,0.052549013648643624,6.212551302292786,1.1184314811350047,0.6917618533695828,3.90115868512403,70.39453241225686,0.3347949834512318,1.8035944236935002,1.0389836107110328,11.900110528163037,1,81.44987406443913,0.5658488766864269,-2.691353984146477,0.48863172676994754,0.5460044211265215,0.4214914896126557,0,MEDIUM
56.710010551076444,0.3746537266608099,4.282373386640477,0.6201857387623224,0.78636423292603,4.765652525762024,59.753532922182,0.36981912104611653,0.526600202637318,1.289119477722881,12.241221152557166,9,36.537105791882574,0.26135755067385646,-2.6276886735554386,0.50778051394136,1.0,0.5377343111442786,0,MEDIUM
92.0948836980237,0.10891904779667497,1.0507313565488385,1.2474440521175958,0.8208393208411289,0.1409392110177819,100.0,0.20314860868528967,0.6642477535042317,1.0146828398429992,6.848286636962139,7,68.71138154870611,0.27837721112510544,-6.107845885528789,0.32320054263664416,0.7639314654784857,0.3345976358958942,0,MEDIUM
46.762319658061216,0.5573670602567136,6.093314798465278,0.6475488300533164,0.8677845271692486,1.671448816628196,33.66834133636661,0.5609282873468542,1.1777938714700162,1.0639308049689513,16.612182235738253,10,39.880819880042054,0.37161426339005643,2.527804455708535,0.4770067393744839,1.0,0.5303338226327214,0,MEDIUM
36.50437131224706,0.7303751001108425,17.461426501810475,0.36023231152263047,0.7105262900213194,1.5086673797440728,33.644084178135245,0.30785316799958445,0.21877672686341307,1.07002275846307,29.247474600033215,6,23.63977006894793,0.18911304225206627,14.26405015620704,0.7993981150234422,1.0,0.7203416087183326,1,HIGH
53.022058341420745,0.36914996411308154,8.046705530063706,0.5363214714918614,0.6929071110347914,1.379434661264598,42.65738240847393,0.20713004843274113,1.3857075604497118,0.9344924665314964,12.171120778320304,7,32.53180973727374,0.322162053390739,3.66160421601244,0.6452143155043537,0.9768448311328122,0.4251565937833776,0,MEDIUM
47.35849353379736,0.5849254848680259,5.7267083071939435,0.5506919100077701,0.9178819371025434,5.479238745819463,48.91918006337084,0.19277702868338034,0.014170752474262456,0.9615586148248711,6.907354934812242,2,30.406182053364983,0.3455886909454988,1.8922066092320153,0.41563983678019784,0.4162941973924897,0.5246125571483627,0,MEDIUM
18.981498162248233,0.8574187832776348,2.838636704584876,0.17949384602590931,0.791936842963603,3.063233815125746,15.914643015784579,0.13097253666708933,1.2782442229543733,0.978609509918289,10.491811153871891,10,12.311994593153864,0.26939614014248736,1.932201900396961,0.7408041271934129,1.0,0.39694247168742336,0,MEDIUM
64.47023674866753,0.343925909558081,3.261027617417325,0.7209217887415225,0.8332629547959882,5.0403973273639595,63.558093508617404,0.256429743437698,1.1965586915645623,1.1252909218402174,3.7656032506487325,2,41.86002668482913,0.24619988407926177,-5.57627026526106,0.42206852258505817,0.29062413002594933,0.4374130704868107,0,MEDIUM
28.363245513315967,0.7434625303005755,1.240248765632868,0.33777665202180773,0.7620797560115009,4.7315661754444385,25.9753259652948,0.2391971774612583,0.2873767742383935,0.8174142499264633,3.177503706278249,3,19.44520298655163,0.4426466352571168,-2.437605971409107,0.7286116311330364,0.33710014825113,0.3878484730662097,0,MEDIUM
62.66497616631551,0.45570683686471347,1.406743804626188,0.7275634249587606,0.8198281229941566,2.3784653732541656,57.439303236881415,0.337792095331624,1.0413048415539705,0.8986845775482969,6.73285160978786,6,51.6731316091337,0.44118099805222294,-5.801766418077172,0.4981112339411218,0.6893140643915144,0.39145644963634624,0,MEDIUM
65.26709285384304,0.4171143018638457,5.007477389193689,0.6953910417740231,0.7521136236909683,2.3700926987595947,68.08661641504897,0.06550525430808958,0.1926322896891568,1.0712678454089573,6.800508940665691,1,47.54399585400031,0.4050117071223801,-2.607104856943031,0.5803867153954703,0.34202035762662764,0.28026136795077816,0,LOW
22.92211251593509,0.6793373298747508,1.0095626568661977,0.26846903164691,0.7413004101551606,1.3319205616299687,20.35854403276925,0.32400291095083966,0.6868565184309268,0.7847032988187526,10.489517997298751,11,22.62549179728438,0.13363727874253106,1.1450854771117807,0.7277180497046345,1.0,0.35469901511501145,0,MEDIUM
15.214718304406794,0.9134654718963708,4.6782680999606745,0.2098718968848851,0.786056294794074,3.9175601886027556,15.796526297223114,0.11130616389595323,0.964744508812818,1.0227300374627715,7.6954668835348485,4,15.127421748732964,0.47053786883573623,3.1071587350892393,0.7776482937570743,0.587818675341394,0.5742033401882879,1,HIGH
76.36473481581739,0.23117756343922471,1.0507941817990702,0.7659449355731263,0.4619829538655724,1.152456328784442,64.55651171028941,0.22191431272009918,1.0033680827994311,0.8908644872861791,8.02349408272342,8,77.4424236900913,0.20853400961368343,-5.081585714038082,0.9226143509212538,0.8809397633089369,0.4795979583142119,0,MEDIUM
49.083036020392214,0.5149995676373191,1.719743020155427,0.6024528799402061,0.919573293366107,3.124498737297747,37.7896761985648,0.17625870128430132,3.256586887115077,1.1010572459864043,7.644723927861918,8,39.856486043126665,0.3120089719089271,-3.3978919057625365,0.378139843769499,0.8657889571144768,0.525901705796607,0,MEDIUM
14.943922617965441,0.8564165331004812,6.41946993480884,0.13773788775840673,0.4498639796608305,3.017836704766783,13.183393306949519,0.0669566166221457,0.16071989118004826,1.2747645965580259,14.141029196270678,5,14.171602902730575,0.2918275450326499,3.8670400954898727,1.0,0.9156411678508272,0.5436139487570576,0,MEDIUM
94.56363695943021,0.05,1.2784259804653686,0.8824756164425372,0.8744173640111125,5.90453174816364,85.0450799463091,0.06462368461281721,0.5243707782272233,0.8910745615861022,7.780225525199829,7,81.88665015163734,0.2504811951794257,-8.100448293838724,0.21337395398333128,0.8012090210079932,0.5590331745769215,1,HIGH
14.911347684691165,0.9462231229216536,1.6351470945017976,0.17534464173033842,0.757187689114535,1.0696160574480122,13.291278653880392,0.4907504698244973,1.6969080943280834,1.1515401682600406,6.2120347406707594,5,9.915564085918293,0.3373464946975121,-0.45398881989988293,0.8373300277890242,0.5984813896268304,0.37406462441318067,0,MEDIUM
69.07799445297702,0.30252261868229285,2.2756556343403553,0.6579468906597634,0.8630656546055891,1.1120536784630848,70.68973360027181,0.17574858708063518,0.6595393725978669,1.0401206370662233,6.575143530749106,4,61.20754966984349,0.19406113656131296,-2.717040674519601,0.3566628274327627,0.5430057412299643,0.3495464937892601,0,MEDIUM
93.61270864739015,0.05,0.6155527160086214,0.8529740947975527,0.4690890403995107,1.8338063323946858,86.6733461436614,0.26845641619741434,1.6724927574664066,0.9232358897435158,5.8989793405076965,6,91.42773804314197,0.44812396916282266,-11.17526989334002,0.821366439400734,0.6559591736203079,0.1982322367273916,0,LOW
30.33030885835368,0.6652145229388848,12.338539675991473,0.2989829906846161,0.8789223876740404,5.246171497162443,32.00992944077471,0.2990169151753664,0.4554120425233381,1.0013263459690158,19.402654847126847,8,22.94710200115753,0.4565871981010514,10.553495977039846,0.5142236799583818,1.0,0.6456023369603625,1,HIGH
22.091196338411677,0.7933836139607212,9.546998590787478,0.26121173673640846,0.6533816350851666,3.946281293462796,20.00742652590876,0.20714980435218872,1.269168816201054,1.2595913680470088,14.064572908636794,10,20.6774458647867,0.28459272993148405,7.454543145079905,0.9166193543526109,1.0,0.435869786418601,0,MEDIUM
20.317719850906457,0.8951599842346994,9.655776914017276,0.25431090102608217,0.7901868300915303,4.241490615656866,16.048683135742436,0.12463346703836212,1.6324800989046904,0.9656360327814931,14.502741438792212,1,19.272022907981956,0.32396150599590745,7.404071760123467,0.7622997469800542,0.6501096575516885,0.527641360128284,0,MEDIUM
35.77838754324562,0.6904636993634504,2.569606474459133,0.35822727057446163,0.6683443788504575,5.123843584834092,26.898132223535534,0.584269263286821,1.4989278434740365,1.2618215041706051,3.982866591601044,3,31.828900665910748,0.27151581004058234,-1.1918544034965377,0.842715281406039,0.36931466366404175,0.35537414713358156,0,MEDIUM
18.58889393590497,0.7460682383411867,8.16620031019892,0.22941106442279624,0.7037387780197533,3.788722356235195,19.468987505702597,0.3082877736068364,1.6406213510805767,0.9760067001782905,13.66885255347238,4,18.5419278498126,0.31889647369659496,6.90321562784411,0.8174259521409635,0.8267541021388952,0.4839469586628805,0,MEDIUM
68.83371404400121,0.5104780528942992,4.155720417718426,0.6823060443694251,0.7621691653051518,2.9819166382428453,49.73023278147526,0.3206756857174816,0.19831249633226244,0.7175145731100112,9.472973745823737,5,45.7860948847478,0.19702970712758255,-2.916863399473155,0.611985278489422,0.7289189498329496,0.652492482855331,1,HIGH
15.29480284105533,0.8682339964676851,3.262929096802275,0.1845667775280292,0.7881895877283195,3.155569928319169,11.425888319349047,0.12997827581916938,0.46240486894902255,0.9706519244593531,5.046378712285783,1,14.981832762279364,0.25661390748131563,3.1744772076234824,0.7518326166413634,0.27185514849143133,0.4858571490151627,0,MEDIUM
53.300880892732124,0.5690224501125999,4.069772966042352,0.5894969971882592,0.8974964874636839,5.707740822439233,38.667838678767254,0.2846372274615102,0.15348246646468194,0.7019388629710901,10.452166495724383,9,46.62915531969463,0.19372106761816443,-3.9435159633486196,0.43826649386077404,1.0,0.4018585339838916,0,MEDIUM
94.71923257750302,0.05,0.5017140709204806,1.162110032115668,0.7141737577903097,1.3097029955181854,82.35777399381466,0.029985045962829242,0.15928890327404405,0.9364575810989957,6.7471918056793045,8,93.3029938082734,0.2861552118719842,-9.767277631225742,0.4537393633145355,0.8298876722271722,0.313073165765373,0,MEDIUM
79.1874729080116,0.25079401049631994,1.2167642300203632,1.106665820567068,0.7524086424036757,8.171369578796018,72.30182491302875,0.04360786721500576,0.5352747371670379,0.9287763197993733,3.655470596539153,2,66.49411136610341,0.16363105253805188,-7.981933869177572,0.49678404164264645,0.28621882386156616,0.5114649091269701,0,MEDIUM
62.293652249635926,0.4442209578651132,3.5883835161083275,0.8527430897767538,0.5873441847678783,5.4732716427115085,44.10078440789592,0.20742561706246143,2.5768576821223332,1.3633711315815724,8.48519809249046,5,46.56968423457922,0.18102224262974845,-4.833259360850121,0.841094201780739,0.6894079236996185,0.2720345255848014,0,LOW
36.031557766861994,0.7371399992717205,3.43890892630892,0.32505541192583437,0.6790273684974306,3.9135723719369637,32.65303953926331,0.11478240841640454,0.7170165933488971,1.3218735281834755,10.596613441537686,9,36.16621293789211,0.09101757519250432,0.1907244468443337,0.8500289468897143,1.0,0.5129263705354267,0,MEDIUM
63.03114608478927,0.4542780035823653,4.943383488801151,0.8463314152913823,0.8962282918186091,0.6370988306717754,54.04944656222803,0.14813462152986753,1.538470589932934,1.017079556615012,9.944069618716096,3,62.70537697365505,0.35362273077955525,0.7718749440584172,0.382796564063269,0.6077627847486439,0.37085416008718197,0,MEDIUM
54.79852443249039,0.5217905156809343,2.3146043664284424,0.5114047072120143,0.46131411386913684,4.31178031310883,55.31681287589848,0.13789993819332122,2.214036298954153,1.2422712862941374,7.948680644437523,5,39.47986794160168,0.17181403491228647,-2.551966413064047,1.0,0.667947225777501,0.6576140283238204,1,HIGH
46.217087630681576,0.5126221851976556,3.500765905945497,0.6361889766194915,0.5080342119476249,2.301454925626124,47.69523250824096,0.13939763377711645,0.07244352097469249,0.9204515019948678,10.998539453684305,9,43.20598426380345,0.34577295649095213,-1.640637538065022,0.9942597746773905,1.0,0.38130594133151274,0,MEDIUM
21.110382022916955,0.7431564964143456,5.750688002789633,0.2197406769545643,0.7165892277569431,2.838561199909827,20.561237118190217,0.10394596928427273,0.14145083360943364,0.7145512096151481,8.928799948528898,6,13.533498997152334,0.16773513967887593,4.843101560527344,0.796694406571758,0.777151997941156,0.5525149489295798,1,HIGH
85.36135829543967,0.1729950178715391,1.4132384774096913,0.9313072848593272,0.6125132516557318,3.082306393936503,75.92023962338911,0.4970205295142267,0.2749412945744269,1.105565310549515,6.022542073491531,5,54.51945194285487,0.7321508700509917,-6.33440257849868,0.6677276314521718,0.5909016829396613,0.27828902960840723,0,LOW
48.23169514981242,0.5923332942891614,3.3813275085973973,0.4561845862288701,0.606826287056013,3.660063139168904,37.93227186211887,0.18032568522408654,0.7673107129870712,1.0722765455602974,12.111174310584637,8,40.03867378679474,0.2928199213860823,-2.8321098642945066,0.8859272165605612,1.0,0.4529973087452509,0,MEDIUM
26.542913504765032,0.7167532088902211,6.460413607169441,0.25378645210921347,0.7589824649310996,1.316717545746465,27.573998113900466,0.16391092612241637,0.050973353595335294,0.8124940884003709,15.476850339571605,5,16.35289567049675,0.18591366584483332,2.8905237030777595,0.7199029070484613,0.9690740135828642,0.4754850263696464,0,MEDIUM
41.259544824569616,0.6726183090114548,13.297836250723915,0.5212608280556874,0.529381309975489,4.408908255712273,34.52052665673264,0.17082609299547888,1.235873926309097,0.8213394780705817,28.160718005435015,9,32.809131592279066,0.1611133975692389,11.921935941800138,1.0,1.0,0.620349504156682,1,HIGH
45.201028964958795,0.6641990499893065,2.3936912510543995,0.6202332043876433,0.6755681784902924,3.2656617149502307,38.08262424070265,0.22064213849125527,0.05273127855533906,1.187913352778462,11.006648271822968,11,43.20479008900271,0.13477696938741013,-0.1663722689281646,0.8187472572592147,1.0,0.43198635434988875,0,MEDIUM
80.34072112318431,0.12328711524228331,2.0356910015969474,0.9684063626563024,0.8198336851970306,2.0030124935664393,85.6757160894974,0.5332092043505473,0.1379905854980691,0.6632939994053448,4.496485459658679,3,80.36186303814657,0.2728385386000865,-5.383763010897752,0.33189302982559576,0.3898594183863472,0.468738683963141,0,MEDIUM
72.35722234771917,0.20947412021910586,6.293467799346822,0.910199594834931,0.6085886675282466,1.179443576818108,78.88665866145256,0.24022226824691892,0.3846353772149589,1.1116362151441184,5.608761028246536,1,51.71020794439917,0.4080262733182221,0.3749715353440719,0.6918540588171831,0.2943504411298614,0.550048654600151,1,HIGH
75.39091595951389,0.23486083569243416,7.0678369508042795,0.9657462285287063,0.8613146258320689,2.8929475684888017,79.85800735302853,0.44265891333953794,0.6526494313500675,0.937104840570565,13.485785587118183,4,47.84617534261036,0.05,1.3054849249526925,0.32545847909811376,0.8194314234847274,0.5202047237299735,0,MEDIUM
10.937657476435014,0.9152324386907855,9.259758352985173,0.11281177986280426,0.8772071539330089,3.6588621135973702,12.023700028462471,0.28444453728888064,1.7063054093754344,1.1119127213460194,13.036560848744905,7,9.666641260689012,0.29527551565828997,10.037910230350953,0.6418054884458795,1.0,0.528488611282482,0,MEDIUM
45.37308984527973,0.5043037404458387,9.984664917824142,0.41861884914457637,0.7075352853650809,1.0418754382087048,47.53119450837576,0.1981995106236287,2.653406577134091,1.1976611454581407,13.566442960451345,3,32.63118183878956,0.39881459012916337,6.798791931400308,0.6908489421752979,0.7526577184180538,0.4881505737564303,0,MEDIUM
50.914252889002505,0.5990336854193464,2.1444856250761255,0.45870502278850706,0.8346707585608723,5.6402370514800175,49.984711732853306,0.030716521284804205,1.7277728143450493,0.825135237064869,10.655102053030602,10,31.085782670200587,0.12600406195579472,-4.08192258027411,0.5475107048683648,1.0,0.47507211156173,0,MEDIUM
11.631343529959818,0.917611913621878,12.544833362892726,0.1250747031124997,0.5721595706497179,3.401802234717533,9.508946219844804,0.24490371892537724,0.0905749663694746,0.7719655036400792,19.685471075691297,8,7.665510062778118,0.2198929850487954,11.67529715692996,1.0,1.0,0.6569338908222064,1,HIGH
32.08412274332791,0.6823145364259802,8.980986864335645,0.3274929443682841,0.5014363430181844,4.442650500226636,34.688802290738806,0.2395987190637007,0.7980645917342568,1.2932572842593484,8.601893873900565,2,32.798318099387025,0.5523952124890481,7.1714776144623755,1.0,0.4840757549560226,0.6382685496384364,1,HIGH
74.62463496538147,0.13888088843670304,1.2409883912531847,0.6948739021067757,0.944307324832568,3.1133159453038015,78.40442739978116,0.08872825082876246,0.4663079423074037,0.9885627211953026,8.37618960389598,9,74.16079362324919,0.17951384994274996,-5.923859057973682,0.15297945696949958,0.9650475841558394,0.28843360916813227,0,LOW
21.65432498696492,0.6781914848161502,4.432120770532452,0.21432674483274808,0.5024335783591668,4.362267653979313,17.24331120389062,0.1980221950797919,0.10754975589334917,1.0655495672106432,8.424661726147827,3,21.07675719140266,0.07202662474221137,2.1167417558692225,1.0,0.5469864690459131,0.3474412923639539,0,MEDIUM
55.50136117347029,0.46746712828784154,0.4351947210215572,0.5340615421535753,0.6479656692673135,4.865973713540801,49.71062606139026,0.08800341458025991,0.6479468386983804,1.1821541406903684,9.44068861585482,11,41.77937631897072,0.05,-5.80175947658286,0.7617850602429506,1.0,0.3615350221546001,0,MEDIUM
28.29215912146519,0.5464707586929612,6.0232288679684896,0.38404885569926184,0.6600642883059933,4.443464862728794,20.5973217441366,0.17057304737084633,0.35286343146914767,0.8077423947437247,12.856450104560908,6,26.072221379492973,0.28911571582229156,1.0234485328900047,0.7831389468874908,0.9342580041824363,0.5600994322365204,1,HIGH
11.030265844730929,0.9707083343242165,12.446053113630809,0.10700831587134962,0.8518583833443908,3.0824498648137806,11.927286168901913,0.1893629395374543,0.3394588603097118,1.1803923747384693,27.49139274896024,7,11.368416860597055,0.24862034725604754,10.398000318229549,0.7075665921455221,1.0,0.649425247344324,1,HIGH
30.502123895961027,0.6823264534906041,3.4766670609765233,0.35651621536877587,0.8159433323556676,2.928202672789961,28.339746925509626,0.1899646456136841,0.07936591573822936,1.1280306412090084,8.646065966682407,5,26.09186736419746,0.4647730803298218,-1.4065996716773022,0.6172482282118006,0.6958426386672963,0.520655117530472,0,MEDIUM
92.94926916735457,0.3299547458940329,1.0159124915335305,1.1121872478385988,0.8984502185857665,6.026795702685598,74.18097303453193,0.08975103582249683,3.085004483327423,1.2940045730298226,8.884257791533233,10,69.70203363621279,0.1910253184180804,-7.864297178489012,0.3173020450683668,1.0,0.49186300865878024,0,MEDIUM
78.13065451005411,0.40332675494874776,1.228087718632762,0.9154918258409366,0.9078763057049556,1.6957146720391953,63.82959805772748,0.40247655184268877,1.0355846670032125,1.2905165958628213,5.46051989816705,5,74.98185204270008,0.24859887576920053,-7.405520578839833,0.33984891891694047,0.568420795926682,0.25176131927922096,0,LOW
91.56401476728784,0.06984392678732017,2.4258503229043438,0.8694261569323286,0.7320358772837995,2.9268679130359105,100.0,0.2076912252769109,0.26317468572423425,1.0126873066964137,4.689790956978237,1,72.66995109944135,0.3963694935287268,-6.7518584820762255,0.4368681474679609,0.25759163827912945,0.32860864838256804,0,MEDIUM
51.467593733740806,0.4768171024600868,6.398650238873362,0.5452472664314647,0.704213829689193,3.318724491493425,48.70099012052377,0.1061764077153836,1.9957247252611474,1.1506112353246387,9.540818915646739,4,44.25207699864778,0.08292492403907809,1.6171193693372476,0.6820878066962539,0.6616327566258695,0.5848070153136015,1,HIGH
19.327576887587796,0.8863707522442844,16.362313234796815,0.17890284845195908,0.6090343643964162,4.7484211437621635,16.78161799190232,0.21354990593540873,2.366551856316443,1.0089102409275466,25.088821820798344,1,16.303682840849046,0.18021402226441852,14.890646680309931,1.0,1.0,0.5721752428152574,1,HIGH
56.5765565627639,0.570488243165804,0.38349848542693704,0.621117215440146,0.6946417070445224,2.3012317406787854,50.91540361047487,0.11626739898532895,1.3301648120271858,1.0290488311197779,7.791442990457709,9,39.48127303773671,0.520477756994284,-6.011404946875599,0.7432815610161183,0.9416577196183085,0.3209525981256065,0,MEDIUM
48.622073437596676,0.38273694102915184,11.517183114967498,0.483449016371068,0.8918684375047882,1.3891831141713347,35.95213494888233,0.3411933739723082,0.8614379711980219,0.7742281645475585,27.018288066928502,9,29.187847041165295,0.4685198379099179,6.0949956540683585,0.35356581425739364,1.0,0.6733907136539533,1,HIGH
81.77035203286735,0.05,3.3702466188832485,0.9655576180946802,0.8338032284687192,1.4172523254203724,59.6931014236617,0.29202066294729206,0.3777669200595556,0.9551009667454605,7.644619962383704,5,85.81604021660334,0.2405134876798047,-4.707903861206864,0.27429515729692117,0.6557847984953482,0.22260581836488577,0,LOW
18.33701936666079,0.7668670218890415,11.384528930557611,0.22855337897692768,0.9427503750416312,3.3152124641066365,17.183310903730142,0.15872746342092459,0.45581887420745437,0.6410469597564954,14.37482470144883,5,14.441765152713748,0.6888949776937556,9.64956108358839,0.469307948382074,0.9249929880579533,0.4337638926088699,0,MEDIUM
51.50049664685115,0.5316140401853977,7.1232135634041445,0.6005266552026371,0.5518425492961802,5.685593279800109,46.597732517543314,0.4916707495209926,0.48559210642840533,0.9725039074198335,12.615796833027325,5,37.47780814808147,0.3918403544673825,3.1940087217643276,0.9380431961484287,0.8546318733210931,0.6617893903292263,1,HIGH
22.75413649898866,0.8122085222507212,5.8753215898306,0.2541906338287261,0.4942515972861312,7.6621888225640715,19.196783844878418,0.21116857424783883,2.377029295424287,1.264008552270313,16.131043741793366,7,21.494620479781112,0.05,3.74233720890997,1.0,1.0,0.6380354775664431,1,HIGH
37.5974537856551,0.709607178542157,5.0087947259680865,0.4111908360223918,0.5999718455920838,4.915284107624455,34.8319949167428,0.1816788478228637,1.142141892701212,1.1555858503472753,13.227577443835186,6,32.5833114980626,0.30430474929984486,-0.34644977047672,0.9548458208829529,0.9491030977534075,0.561038849944486,1,HIGH
72.67535157796297,0.1772706819511457,4.444797305011432,0.9599293900353018,0.6956696351684618,4.115135106730673,52.98544617521758,0.17275557552384582,0.2762651103566513,1.0224496275680004,5.781425625183065,2,72.39968999243342,0.6313771486767193,-3.56652984228124,0.5451308882228801,0.3712570250073226,0.467090884140016,0,MEDIUM
50.46154099634516,0.3100930809990383,3.6002281139605534,0.5095021220100066,0.7938932348456609,8.708019836577648,54.377178376393964,0.1602129651153636,0.7838970217838452,0.9595910286122213,11.810002694009885,11,48.01392687321716,0.1386304932510783,-2.5254116675913854,0.46420668823102784,1.0,0.40345319744806346,0,MEDIUM
41.95050423739039,0.6491360932502677,4.181184736752187,0.5315586859543913,0.8701100018798319,5.471517938168154,34.29389432735851,0.18206637192259467,0.7209257327392938,0.8919360089982817,12.901810017309398,10,30.48946575470467,0.17769533780342364,-0.5751932028090229,0.519403043805386,1.0,0.493351263323054,0,MEDIUM
43.530483678453,0.49843946137825124,7.189478948026604,0.5566422129751589,0.9780553701123821,4.962709961604622,31.721164765239717,0.14215916731052292,1.337591258118872,0.8162979769047167,8.143886206537955,3,37.71959584366334,0.5033404061940493,3.6533295559187895,0.2821366755205525,0.5357554482615182,0.5855817025881063,1,HIGH
49.05297531450886,0.34799121770382035,2.2930595154541935,0.5442918158730461,0.6793030294413632,3.431375255208092,37.662958279468725,0.13842634082062644,0.08012892991893737,1.1637337836259287,7.461688773342868,5,40.528347145037806,0.27756460023650714,-1.6010447402999675,0.6550410646898653,0.6484675509337148,0.2697318525488506,0,LOW
76.72640622614983,0.24434103741525218,6.491080067563349,0.8045916887726694,0.5667168998671543,3.184475706743422,56.63863249693939,0.14378633070405508,0.9665763609690101,0.6929932165423466,9.779834426082541,7,79.01190558175065,0.1286161158792186,-0.8840389504660449,0.7720951689068946,0.8811933770433017,0.5698171778435367,1,HIGH
85.82719855991992,0.20518206945829492,5.300395453218618,0.9743710748070178,0.699699429779046,1.046531164901734,66.21068869569372,0.1413388762414482,0.32178009841673627,0.6883981851775497,6.209599643681425,2,60.7490543759517,0.1919083810087689,-5.310084116767433,0.5530418900605785,0.388383985747257,0.2800032606781616,0,LOW
91.2034483528339,0.07820094590195878,1.6954933214459615,0.8633381925551032,0.9234942113183441,4.241414398669189,79.04617661306892,0.16235049900292184,0.11107137203059558,1.1808715625880024,9.854367901998843,11,66.37107683255056,0.18477538645387154,-8.432715327758412,0.15385915597346328,1.0,0.42789249277299246,0,MEDIUM
76.88678783170009,0.1945042507884,4.836135817962072,0.7096381537008067,0.7983126920663672,5.5084670766330035,76.51929647859686,0.14144892470950624,1.052738301101032,1.0415706203428385,7.417525879058313,4,77.9780184142601,0.15798529037196754,-3.4519281547688037,0.3997830872946492,0.5767010351623325,0.32401636283400964,0,MEDIUM
36.80958613858108,0.6191551600425167,7.045276501221372,0.351826613165058,0.7123370842384066,1.9988489875405908,29.776722279145353,0.3811380698167805,0.3223498731253197,1.008965059760644,5.469431030592741,1,29.669074356726885,0.3611729123614494,4.214620588484811,0.7410719536636485,0.2887772412237096,0.42552063747733704,0,MEDIUM
68.49145001735607,0.2854388788343767,2.221377638085161,0.6805122229981626,0.6104357078178242,3.2540619587339963,59.886913587329644,0.2477128451024316,1.047833387945029,1.041412116805947,8.728283464987744,7,55.18798093639031,0.5435158740733468,-6.796887048640675,0.7270658776904521,0.8391313385995098,0.3234700973874644,0,MEDIUM
47.19626554470831,0.4201935755977036,7.33870963712976,0.5437427053731796,0.8002916890644021,3.3544913003594923,50.57093611559834,0.24378388054424413,0.14180698768584196,1.402017142560014,18.22531461507252,11,46.757050941580424,0.7952160495018599,0.9884654616258888,0.5096592542022487,1.0,0.7781851691493297,1,CRITICAL
31.64700287391435,0.626355517101622,14.223901232856225,0.41918617368991407,0.8311102970239106,0.15236156060053874,25.897650585586238,0.3399708660339252,3.410844638734672,1.0112077643351083,13.78556858173277,2,23.204302213722578,0.24733710015359284,11.843798629082684,0.5665123130149451,0.6914227432693109,0.5790161082978074,1,HIGH
81.47408425120342,0.22696154988907088,6.172759588302365,0.8292604743132936,0.776654227473146,2.725081079697972,82.93148462927621,0.3771891214596927,1.3012998748945814,1.0586581077596504,11.62272633543847,8,74.43504420349147,0.42151685026403635,-1.379035272113141,0.4484994337348164,1.0,0.5707337115807891,1,HIGH
13.266239661797625,0.8930718866921437,1.6365997947595885,0.18142657374205523,0.813558267012668,3.5806608524245336,10.123822344468907,0.2572722294534408,0.2730370835067481,1.4116116070522304,9.553840559735725,10,12.267097902884338,0.33729234857429413,2.4871188159896906,0.7261985428270699,1.0,0.27778708685718634,0,LOW
86.649769331511,0.14694709116223567,3.8631832103034096,1.1935606741938665,0.8000427432231467,7.5963356683806555,66.83545380405079,0.3001159251582805,1.079273636269895,0.9872817614706919,14.818281227572603,11,69.24003321127897,0.24357822661377249,-1.9384222364646617,0.37340943074639776,1.0,0.6242062160037408,1,HIGH
49.2255844931024,0.4281322765207056,8.358675278853458,0.6790434586710847,0.5575854442522573,3.1628478831610027,43.43966587120263,0.10157528716103606,0.11676072937671654,1.3452635886582582,7.324814703787775,1,36.933081440573794,0.05,2.0513599683014414,0.8776879718819668,0.362992588151511,0.5258603885956473,0,MEDIUM
64.16212552870384,0.34385849174210825,2.2219522583037348,0.8461581563606683,0.741577209724316,8.37100306992098,50.92168706248323,0.1330134511516475,0.8477535707370317,0.5785975796583486,3.2576674396454193,2,60.05543106669009,0.12340347852456099,-6.008379762502356,0.5595634312845802,0.2703066975858168,0.47771225584435767,0,MEDIUM
66.04508338749153,0.1653839624096563,7.522655632712466,0.7145500262771386,0.5331063806205559,2.417187543750514,70.08778414523918,0.26157367821002253,0.04919133133878964,0.7676239673300541,15.499858635818912,8,47.233177813998054,0.23428680976899707,-0.36240038085104076,0.7830324102739943,1.0,0.48633111078133595,0,MEDIUM
86.08500796005559,0.15342805351027525,1.4594293375198146,0.8060500469266442,0.5924293841132238,10.537956809619386,62.00711012618117,0.29184853577727377,0.3244370408437194,0.8664056163820146,6.39045792358035,5,83.3896396072881,0.3138753710394792,-3.523305530808119,0.688069950585302,0.605618316943214,0.42598930220269104,0,MEDIUM
64.11692298421262,0.4731393867829592,3.0497009011600618,0.7594068409411627,0.7316746897759172,3.631948724146117,60.19995773855988,0.2615233499284221,3.070369425163752,1.1167983573886002,6.649986379233344,5,50.48471387772476,0.48436788337676057,-4.226180728364421,0.6390576587276038,0.6159994551693337,0.4785391904436801,0,MEDIUM
62.18435470460525,0.26022588239057903,2.132052098829122,0.733365417724817,0.9153306313648653,1.9859196623963333,58.55849433046815,0.13737164405408586,0.10310383888460098,1.3547980845907137,10.351083998671214,11,37.824864600222476,0.18864643085165558,-2.1778637874211784,0.2571169941479916,1.0,0.27291590510539376,0,LOW
15.665423447658647,0.7964715516579931,2.885971408879478,0.20756496258902932,0.9636778667508796,10.252077139858578,11.379526058607679,0.07743916388923615,0.7278971685243905,0.8818361575938781,9.034381804306332,7,13.4122972247394,0.127146103078117,3.2442443751289227,0.4527189757026771,0.8513752721722534,0.5384935831484142,0,MEDIUM
54.064681865342344,0.4856817236433869,5.598151339282118,0.7558218333387269,0.6569471747269433,3.9161877448155873,53.687617794911255,0.24027073948487598,0.05857748595842963,1.1956504836806008,11.477347402986513,4,37.16881994347769,0.07785529997878467,-2.731373975125749,0.7574200997312786,0.7390938961194606,0.5732831704687301,1,HIGH
22.76436506944854,0.8725837600597133,1.6620559325319115,0.26271867782125125,0.7344609090582863,4.613411133357859,20.204717501991432,0.08500158692673417,0.885479806592038,1.447445014887085,9.430457131906614,9,18.438096546389655,0.5615888095982685,-0.17488637217351366,0.8346005164424272,1.0,0.5634827478870352,1,HIGH
72.68187034132627,0.23732332728272532,2.844168328976139,0.7795872061986202,0.9175486192620173,2.294408916466381,71.89903931077441,0.20531624638312437,0.261318136204033,1.3129521347050646,5.533701247674143,3,70.04722246636429,0.1980643977520881,-4.194643933272062,0.24233873474833678,0.43134804990696574,0.35170861961833033,0,MEDIUM
53.53886326907733,0.409231340967955,5.632935222634924,0.5316146010041881,0.9364792823330095,4.508181891200532,55.1862537906587,0.15295361084039857,0.29682265744768405,0.9192253201257301,10.05283269131223,8,36.70120518843359,0.1606050944377966,1.7217722633693608,0.2998967469844633,0.9621133076524893,0.3995782428348551,0,MEDIUM
67.81936123271004,0.16429253627961293,2.009363092116139,0.6120018563601053,0.8004882514849019,2.702186975542678,56.23308398068296,0.07639381381941868,0.32975318597658365,1.1737125681382137,4.330419128209712,3,47.04295219428024,0.3201797922189609,-2.7852303479189593,0.38141389091245365,0.38321676512838854,0.3831922354329884,0,MEDIUM
13.542196551202663,0.8728530848326219,14.070343111307281,0.15635235741378872,0.9303768366819566,2.3899392451843706,12.103938807039999,0.3848086863627383,0.183688347908606,1.0678813359862356,30.36322538514598,8,11.012929892523449,0.05,14.128605268420515,0.540861287393376,1.0,0.7356953308321427,1,HIGH
17.207321363893275,0.9912928695725669,5.378109851025205,0.2026608333830049,0.48303031945601665,3.7664995604448857,13.83992276935232,0.31285826435433783,2.273137994652216,0.8681097800586037,5.465160465929788,1,14.014081488279563,0.14225510783126732,4.007104292066962,1.0,0.2886064186371915,0.37546963087633833,0,MEDIUM
70.887487985328,0.3133137971038942,10.235080622221478,0.9303764747514043,0.7015153566588141,2.2934729262089544,55.33515487945814,0.23300760598392972,1.8901385473754861,1.0854586229906267,21.68169870514286,10,57.00427750285712,0.38642579098862356,4.241695138886574,0.6043838635637259,1.0,0.5438680927548195,0,MEDIUM
16.127168559887238,0.8369459960664305,1.5574556818735255,0.1858315061022052,0.4976877565908939,5.651777532219938,11.29285469720358,0.1241925306512923,1.6322703912894607,0.9052380195468428,10.630435623110648,10,14.716393528347314,0.21960125615845244,-3.799879510706887,1.0,1.0,0.4533067513892451,0,MEDIUM
16.05682186004698,0.8651983662608891,8.192995085755584,0.21808924181493428,0.8712342935765186,3.3915268314869245,17.42891911331035,0.39054807681404824,0.09003840198045018,1.024870729834286,15.314691249966607,7,11.578479096122727,0.11718403067947002,4.532842027644392,0.6257477427656666,1.0,0.617913250791493,1,HIGH
11.029220394965433,0.8888204357344575,7.333817923515822,0.13389933900240125,0.9105981532271162,2.6300644042849175,9.665693183136382,0.26136915626542134,0.2126788942729598,0.7243204578164386,9.127804292029833,1,7.910570580617253,0.22738092616558264,5.232516417496821,0.5785129880265544,0.4351121716811933,0.2949387981663387,0,LOW
91.3026188554558,0.05,1.8404978294779704,1.2053480660427376,0.9065750237573044,1.0173754092898166,64.38915500206774,0.13069157509417167,0.7578657763838899,0.6474138026189233,3.015852169694396,2,55.700303164559905,0.3280323187196793,-6.866427886064501,0.16513746436404345,0.2606340867877759,0.3415095170005609,0,MEDIUM
72.6882105540156,0.33898028771406047,3.471367100987902,0.7080928336122969,0.6692278430215449,4.783495189506147,51.14163907113879,0.30483376664133205,2.8152013715616047,0.942692621440842,14.96769583972255,11,56.09935133840031,0.48034872836194303,-5.703404741467374,0.6656483793247129,1.0,0.5758083026406624,1,HIGH
40.026369722675454,0.6177972246221858,7.375004392635697,0.5314173284472938,0.9060625696514711,4.981323291725294,32.63514141359812,0.17019142959262343,0.7427258381121707,1.0636283123943433,14.788529615262119,11,27.542062695478318,0.10078079305906303,3.9116674396138147,0.4498047578338862,1.0,0.3899838554064223,0,MEDIUM
35.20552440945069,0.6493538160601857,8.759571831220011,0.43569368692262384,0.651650450496231,3.9742930997157595,24.84014040183154,0.6281089663482529,0.316928933459945,0.7744272636859292,11.116579664664457,1,30.495702676076085,0.3366837718589724,6.8721207838468095,0.8472012322857463,0.5146631865865783,0.6313902843844608,1,HIGH
39.72477452839721,0.5247229725337679,4.536853574092039,0.39133531491006496,0.7297236315293701,1.0416482193548198,33.75834566750794,0.21145249162327806,1.3603838608209287,1.1052590508773297,11.654867879469707,10,27.0734988774392,0.6253491154035619,-2.576557499309114,0.6677760389728287,1.0,0.48793053097957306,0,MEDIUM
75.84555015040046,0.3458251330507762,4.404759900794601,0.7545735586840125,0.8125099014895464,1.717638576178834,55.00132721219182,0.3205564872220702,0.11641891321226083,1.0085499025061169,6.884310670754814,3,76.03811998706561,0.18953490782898202,-0.12762675985502447,0.45414771429106854,0.48537242683019255,0.20852365195127526,0,LOW
66.21650194098522,0.39101120021679653,1.8705390674132947,0.9026966676651954,0.7640993513354918,3.1033123442695505,47.39119258332615,0.45860337296427045,1.7079084920834433,1.1300503376366569,10.306611068918896,9,65.02834250139254,0.35679920777044855,-6.276257058583449,0.5493565731051606,1.0,0.46922501253689286,0,MEDIUM
25.741623268734774,0.6983501003232682,9.649340963464985,0.23582098777951296,0.5327302863945794,4.161338334405038,24.911521755861365,0.24875505188452257,2.9408271337685434,1.18912771107179,14.038749722780103,1,24.308496123693136,0.19885757114543678,8.038808840863672,1.0,0.6315499889112042,0.4787229255303027,0,MEDIUM
24.79929350339717,0.8321530532605833,14.556230253733446,0.2805463406024114,0.6413175869249299,2.9427972947848042,26.35511477153532,0.13192240911054295,2.7449786400252596,1.2687153285918509,11.305692325108101,3,23.902448967444787,0.17594673272346217,10.648443651950497,0.9541001462428969,0.662227693004324,0.4191751730354687,0,MEDIUM
18.363630225638772,0.7765580306727957,10.796660782680197,0.19405539357687265,0.5627181001667039,4.263402829535984,15.86167069198743,0.15058747091635707,0.1278501354657938,1.1206544121741207,20.60336419877292,2,18.94782267295493,0.07088080198326875,9.209405076736422,1.0,0.9641345679509168,0.684030895601286,1,HIGH
66.12573117461375,0.2761824088529796,2.033046972868361,0.8150252406097054,0.7111554129796733,3.382996251049157,68.4208344331465,0.22233369040370535,0.6381086954591768,0.9409471318108336,7.132293094414931,5,49.19185871462408,0.44418763939042943,-7.515008840150356,0.5713580849569798,0.6352917237765973,0.620195900099013,1,HIGH
74.97167628884756,0.18950698771310137,1.4335131548846165,0.989487199836757,0.794406783266144,2.7219555711769963,53.35780567367852,0.21474473456263438,0.7034253347945958,1.0377725508184519,8.176085037992802,7,78.04076484746119,0.4993567895249366,-4.3823016452060815,0.4031433189573347,0.8170434015197121,0.4693170939723845,0,MEDIUM
32.52894640762534,0.5330250516766993,22.129073590773427,0.3513741206815998,0.43787345383211396,2.246172807168334,32.88923774629663,0.22237789602793312,0.17344950141132962,1.4658361862343399,38.33528427953554,6,32.552861674024605,0.32892581951089217,16.82004741830441,1.0,1.0,0.7888262089682975,1,CRITICAL
11.78032168762759,0.9199201735571805,15.441739694021456,0.13116811477756182,0.6257675517988668,2.68080699007593,8.54214682595699,0.369062351364508,0.6330974136190206,1.197092942366439,31.43784912129098,10,8.986635366979344,0.15270272048442568,14.8570672609903,1.0,1.0,0.562386481324202,1,HIGH
16.984591735496323,0.6836624923779687,10.252461040668031,0.2362486890573648,0.7065922717303587,2.0008821158579395,17.585434734028244,0.29502056199513726,0.8319824724725227,1.0143072129322839,18.75590130500514,5,16.794929137968527,0.05719406756254646,10.027698808471866,0.7819428385934464,1.0,0.5247796165074287,0,MEDIUM
92.2681029618276,0.05,6.59453613252368,1.1920653727992343,0.6756368170926488,2.985878659568441,97.15337957676215,0.1766171045561956,0.3191433050689041,0.9698932387918956,9.706055717937076,3,92.61753687184525,0.6904578288870977,-3.464246820817034,0.5115447743610269,0.5982422287174831,0.44446572348945235,0,MEDIUM
35.11280608558072,0.4828248984179102,5.170014787710501,0.47353202811317635,0.7047247232487487,2.012759433516503,35.6180631062701,0.5637696745848171,0.3034646036787946,0.880352126672695,10.655934764518527,7,21.637906517096486,0.25247578592201436,0.5892412500926489,0.684325364335832,0.916237390580741,0.464497321053196,0,MEDIUM
75.38396756624135,0.23927474891431505,5.468423977054644,0.8438338931506446,0.895468862447307,2.0070345772143647,77.51730443086689,0.1557235013131929,0.049703327263456186,0.7625602894819309,13.927389249836196,9,74.94546401653979,0.15146143606071996,-4.701873482842107,0.27643408078619713,1.0,0.644851204145354,1,HIGH
63.09640335261242,0.35701032965212603,8.664267601222742,0.6417144630826623,0.8322741390832381,1.9454722589805054,58.338545016256965,0.26898744180644113,2.5140052990012762,1.3416226739800161,8.651718153803206,2,50.15912144410387,0.34602040370592496,2.616343776195854,0.43009395620120583,0.48606872615212826,0.3977264085299435,0,MEDIUM
42.46486937049615,0.5492156092401292,3.9065088589710117,0.46963246561504307,0.7568809499114599,5.631400510385645,34.22473035334078,0.1093702317556273,1.3021463889540064,1.0956998096030095,10.53052572578065,6,40.98304860596662,0.2951292788175191,-0.11241119525511437,0.6392863797528747,0.8412210290312261,0.6018827826585063,1,HIGH
27.483417286622185,0.6417596115601321,7.844609516508253,0.3457540205463049,0.9001622552582326,3.9374801718471826,26.309666523765024,0.15023200275913995,1.1398589583131915,0.746229170029735,18.095060676355196,5,17.864875236013624,0.20294222140257506,3.7065142370225788,0.4706364228927172,1.0,0.6019206962201816,1,HIGH
20.317845543549545,0.7030428442895734,12.273175066914828,0.19397756020807352,0.4815729571445738,2.290377585537808,17.79470761484091,0.18981422169690954,0.01761566501144794,0.9749322818590078,23.414354262400934,9,13.765018416427589,0.37210122420864905,10.23043590964995,1.0,1.0,0.6835355089521413,1,HIGH
62.276102283303665,0.41438856625068926,1.589869213415622,0.6447037289789699,0.8026960660716316,2.2189857210174533,43.726207683766795,0.24234483804197832,0.783190848297536,1.254097693538818,8.987908072982911,8,64.79512428646319,0.3620689059182806,-6.744260501922556,0.5031501840178972,0.9195163229193165,0.41609145178220835,0,MEDIUM
75.84387135421198,0.1975171319212011,2.4177481204444238,0.7002800783633915,0.6545613131802422,2.9837994747788645,67.55643296283834,0.140944797837336,0.15937419143700401,0.91061196848582,9.150625938089316,9,59.71045644224558,0.5072870521506102,-7.108526743621113,0.6169165961902372,0.9960250375235729,0.5915005624306465,1,HIGH
64.73186155099611,0.3779900502129304,7.747210355060652,0.7225201236589162,0.6805108126185797,2.7295610109022435,62.173345715971855,0.18609791007798884,0.8670992210478116,0.8371026666341982,17.91871941368148,7,62.09759205784204,0.18586803865795298,2.3764264011077607,0.6682288061785957,1.0,0.49570359957738575,0,MEDIUM
55.075681326178454,0.3784232918482777,5.003180830624812,0.7235418202831978,0.8996270018610305,3.4495403118612167,38.858837735045036,0.29080540327169996,0.7765035396063449,1.0713537580678965,12.449972598134465,5,51.63950127152653,0.11608822485761104,-0.739669807206329,0.3397711431325931,0.8479989039253786,0.3666193676097599,0,MEDIUM
13.565853991689082,0.8788264795047958,6.638259194916806,0.12376560589693845,0.8966795035581963,2.5662583340194165,12.867811232530405,0.11630566398799579,1.5280310337968332,1.1316300766366836,13.86529988995428,4,12.938055731156066,0.2922503995488923,3.43812263609139,0.5943939844151035,0.8346119955981712,0.45423095560727805,0,MEDIUM
92.32154609552262,0.18104678203005886,2.40127505490673,1.1426284754072968,0.6870768739043779,3.1227209098027737,88.72218405030534,0.1493311112022631,0.23596312696034843,0.9108634200372814,9.648232244500173,8,87.15893182522684,0.32782514584223615,-5.154986375409865,0.5599080801584626,0.945929289780007,0.2959751972336315,0,LOW
77.89070629063885,0.26798620112503424,6.917866488236102,1.06418016801066,0.8095308343701411,6.16584967174329,59.449538779019235,0.3273979877700934,0.022276721932244833,0.8800922829183031,13.44100813910373,2,78.7694544953038,0.05,-1.141696535400784,0.41969684900730553,0.6776403255641492,0.44232617299328725,0,MEDIUM
34.889873119582006,0.6181081633468615,2.338844768790872,0.35534077320933327,0.4523046495422711,2.840143899491079,30.438960633802534,0.4891934449612857,1.963758487722797,1.0921174234228004,4.901773346199303,1,30.23780027794723,0.3115270138393423,-0.6551497986151857,1.0,0.26607093384797215,0.4351156337852456,0,MEDIUM
93.2974779955023,0.0876011376734511,1.7012405749038162,1.1632492084080284,0.6404406919315269,2.108316152305517,100.0,0.2978186550270172,1.914323250331177,0.7750309347150245,5.085300005962572,3,73.84072381254023,0.29799206351658064,-6.903312179534101,0.5831395309394353,0.4134120002385029,0.3224625009323011,0,MEDIUM
61.15993511908738,0.36914743484670914,1.1258608762208642,0.8486252611007215,0.8428539299958238,2.2257044836989577,64.44273690545343,0.17017460935619075,0.48683829508132415,0.8923596073950855,7.014686480862432,7,62.16011051406438,0.3892297239515832,-4.97683833780579,0.42029282242961896,0.7705874592344973,0.1706041341303844,0,LOW
59.50592594761595,0.4055711552994188,3.1715249216865558,0.8218595684707833,0.6421008025545399,3.2674573434189362,51.43267182985013,0.2903561000117401,0.06504445486762232,0.9759281503807551,5.881921182777852,1,45.26191902252497,0.09525196719955206,-3.015477120755858,0.7396343738178994,0.30527684731111404,0.4317500614182097,0,MEDIUM
73.58622025151023,0.23808891331301746,3.819943676423174,0.7487137389723525,0.7263979096464177,2.5868512623120976,61.80789998925491,0.27714167017888197,0.5512747087746469,1.1478064105814774,7.996917261312068,5,65.03656513846721,0.2922672342051968,-1.835672961057973,0.5294475921868822,0.6698766904524828,0.4598990128533833,0,MEDIUM
79.0004319876617,0.1968488636525517,0.461251894049808,0.7506348706166078,0.7792257298170919,2.0466849440310235,59.22127335076113,0.2849277640601639,0.5938938406227771,0.9144653829072054,4.468590277208997,5,77.80342789770445,0.3986059743346397,-9.518734735714002,0.42958583710063797,0.5287436110883599,0.33892377273035557,0,MEDIUM
65.80068162317772,0.3589606520141568,1.9062928039549092,0.6409915949404292,0.7442990059389605,4.692689228821728,46.98666343559966,0.19569794216849273,1.379544498715774,1.1126573809978622,4.339631825093758,3,66.60396541680221,0.27510532644239266,-7.746924654707646,0.5630318170986377,0.38358527300375034,0.5493455451952988,0,MEDIUM
20.888138441127,0.7116499196221739,6.918938443855742,0.2613143371394636,0.5775905685651944,5.640500059366648,17.107074379305818,0.12926809466414976,1.0101335250073704,1.2332070012498506,14.60541751853376,11,21.45720557963297,0.29324265609620925,3.7561070076019227,0.9894391069632953,1.0,0.5985233366783607,1,HIGH
38.752738009532365,0.5312023137454781,7.006504852622202,0.48940035987845937,0.5633917056303462,0.02476786806904343,41.702338288354326,0.2526303733208582,0.058748962150030164,0.8987123911983457,10.241502362147969,1,34.76003303410937,0.3403789108599301,2.2705766684351603,0.9205135984272197,0.4796600944859188,0.5432295729688978,0,MEDIUM
88.88710942771422,0.05,8.081621098580758,1.0996386800174855,0.6571756482353275,3.9969176200848047,96.30432809842975,0.587082527489094,0.9775400174522165,1.6445856884971106,15.263951614294132,5,82.13970358769114,0.27285327982307,-3.346250174810888,0.5392365276470088,0.9605580645717653,0.34635633922895354,0,MEDIUM
29.092327006727412,0.581055041572429,8.473132156693502,0.31071745484100133,0.8895857591549963,4.806928124703074,29.81986024684341,0.3152338624637913,0.11670481166455654,1.2839157816842006,20.22448740411641,8,23.968711862430983,0.13870309662983896,6.215275498360977,0.4561488820537201,1.0,0.5513501792390937,1,HIGH
41.63419702618863,0.4862754143604754,4.320985415186982,0.41005040603766274,0.5789930748299437,1.3746364947712528,34.98646168143673,0.2154086623425572,0.07498452612872823,1.054490660258502,13.393756211593097,9,30.318089752357483,0.3703907650375915,-0.15277001876878205,0.8746480949353221,1.0,0.5529223348060875,1,HIGH
46.72653505025666,0.5454916500417638,5.172476074709073,0.5562235830469713,0.6937080468446551,3.1410090464584015,35.393040755263385,0.3627053159948762,0.4068054932432258,0.9636426955782078,12.744533093942085,6,28.376126955040018,0.2871998534556118,1.473381399897292,0.7321837547538992,0.9297813237576834,0.46752249879713825,0,MEDIUM
47.34942412402844,0.45508275752036487,5.2711275969610565,0.5406547699496977,0.8510026872252847,2.0443070055492303,44.42386373342393,0.07833890498396451,0.06441604986093229,0.8889360228915855,8.319782932139104,1,33.14072990359265,0.5464730665533807,0.3983267650960539,0.45103734792225536,0.40279131728556417,0.6196187455812269,1,HIGH
62.09986451203467,0.42009051201814096,2.7516551378568628,0.785201289548509,0.6336485389060195,3.032552280242761,59.52905449996662,0.15926324762562732,1.4141328192899272,1.3322540024510394,7.95262770526179,5,64.64482282009199,0.1500576396279023,-5.5201270841963055,0.7595724476500412,0.6681051082104716,0.46384427040781545,0,MEDIUM
90.16144620830015,0.1011626378172035,3.121354645052661,1.0104213308392251,0.6107245299730298,3.8034853536225777,78.42507915581152,0.27586132835196286,0.49759822511763185,1.042099941265381,4.7483797309310365,2,86.81391611466094,0.2391707141509449,-6.998538187425134,0.6344945239490569,0.32993518923724147,0.4498341051916527,0,MEDIUM
30.45888050576292,0.5379308578673265,3.6646855285950464,0.3257028545266822,0.7921365161626898,1.2604495835490288,29.74793119327983,0.34307118800293296,0.7074534237402621,0.7122361404946685,7.246408064465932,1,24.841233226143604,0.13313271102029786,0.7560401432228698,0.5807606546896287,0.3598563225786373,0.43794167780433013,0,MEDIUM
20.327616985578036,0.8491218768819548,7.432886919930445,0.21277715344033424,0.5232161255736112,4.781515959366437,20.300637242543687,0.15914126112479046,0.6880503006474614,0.6575756535335027,12.557404447377493,3,15.339544980123016,0.19701215958178256,7.471001646433062,1.0,0.7122961778950998,0.3461593620774316,0,MEDIUM
26.78499163809467,0.7970139752663901,5.4422107549181815,0.26938607851404034,0.8350787650861221,3.3299380436710053,27.13921419105147,0.10238376539786329,3.0573724858629086,1.022488331872116,15.899711292350563,11,16.8465535414388,0.22227838750749415,2.8154076797568153,0.6458888400040119,1.0,0.5649104499833719,1,HIGH
85.38861651778791,0.06660482083533266,2.388863610334833,0.8819561256960643,0.8461399221309248,2.3235563064993263,76.92824788577767,0.27545743352681457,1.9794820986640191,1.0268890739632826,11.861980376528695,10,51.622677721463916,0.2720706326230263,-6.02307051877959,0.2640925272212791,1.0,0.35041480088083965,0,MEDIUM
64.89391907569251,0.38467613267467426,3.2970860021146673,0.6148148658025402,0.6914332777370831,5.399837751660966,65.97481237537662,0.1682973866830451,1.5130590987276102,0.8166058463632442,7.6437655567482725,5,60.98582938029532,0.05,-1.5059031427047738,0.6551881497317125,0.655750622269931,0.35396170529994625,0,MEDIUM
34.30207708532861,0.5884593701539779,9.037274114267039,0.3682082734003047,0.5961492954012916,3.2810298655250953,24.361011694831465,0.3257105775896177,0.38665815889910815,0.6971126358297564,13.666196695061739,9,35.794492368760615,0.11287028926001363,6.244577973001847,0.9000057419750516,1.0,0.5512164886269554,1,HIGH
79.35548981233246,0.21425873201654214,4.9783280324973305,0.7287094851730304,0.8728518129692172,3.124753395058346,77.14637158583788,0.21506612837785194,0.1254163404979745,0.6073822207894352,10.021368069336123,7,56.6775168349493,0.3468994144720582,-3.1025638537341096,0.29785164655444524,0.8908547227734449,0.31520413861220775,0,MEDIUM
83.21644969089206,0.06667563053468217,2.378344238505173,0.8265115398900399,0.7972756988327688,3.126181374392796,66.09496331656727,0.2483151827368397,0.7169297467589384,0.8481339857642314,8.533310804018525,6,60.210558572670585,0.439318348245368,-7.043568540529605,0.33742426701818784,0.7613324321607411,0.3321344418991026,0,MEDIUM
81.95371878867363,0.05,4.976314730214205,1.0435865441882297,0.7369829863115787,4.178433276756174,66.2356607167115,0.23210895699861828,0.4643064595497478,0.9274503890113264,14.555875278029877,9,83.64226800070522,0.061919841587071464,-0.2808103915493847,0.41952552053263203,1.0,0.5456820765114815,0,MEDIUM
88.10875535936214,0.08828707123734117,2.556426825720056,0.9363621357360968,0.9449449249101867,4.2728255379533255,64.89392064407542,0.26854116996828314,0.20445762570298448,1.1383542470859305,6.693357557602529,6,76.7363659416863,0.33054666886482037,-7.946027373448866,0.12672614825339057,0.6877343023041012,0.43041382278611623,0,MEDIUM
31.440486714735734,0.6756968171506558,5.209384232869455,0.38801286570547566,0.6294742578239032,2.849729307190345,24.42790326332273,0.08470361979891212,0.0822395852244616,0.973933208209959,12.361047899563427,11,21.323409957865863,0.375605561832893,1.1322846070445967,0.8936370218394731,1.0,0.5129886152545591,0,MEDIUM
74.17856394343366,0.22639998507649506,2.347520385653434,0.9334942687887947,0.7421365539666366,4.189302507248435,81.35929321806427,0.12347134435616673,0.4582931695686842,1.2127974457023138,6.3604371938574635,4,46.032170312402144,0.058831231757763204,-8.13605280757003,0.49999516158829266,0.5344174877542986,0.22318537344938127,0,LOW
49.1458572683019,0.41381898265917627,12.961382195226271,0.585126974916425,0.7307710402431403,4.294506550555155,42.567981714744874,0.2971740947676119,0.8418435229796606,1.121014299202137,27.976243777222447,7,41.95135172211858,0.12758468182553312,10.864712925930458,0.6107529309648776,1.0,0.7517131905337758,1,CRITICAL
81.56987699565524,0.1523093050729567,7.94649970686185,1.1251331771568371,0.5793652909446961,3.062811559214354,87.36999767770311,0.13630864288843797,0.7854954375754258,1.1026460121686552,8.035908417866784,2,65.55369483610195,0.41998161674220597,-0.4285099755293623,0.7071067161194341,0.4614363367146714,0.47710844180693296,0,MEDIUM
71.92170755873713,0.3023265046190875,2.017956817452109,0.6550053271154636,0.8983327548718835,1.1808240228211568,55.031600182371456,0.4021338188937187,1.1894981829612765,1.1958497288599945,4.140257702310556,2,57.137659455517436,0.08757052853036287,-3.546101373388801,0.30366412000171855,0.30561030809242223,0.21533726421563773,0,LOW
75.99803295247659,0.23642822806543112,2.537813464758159,0.9646630389714482,0.8426433779786029,1.2035081927503366,59.40185130915261,0.23560855001709785,0.5027188855744861,0.7226610871007713,8.795434371823266,6,78.74680097913838,0.07672076754278513,-4.852475192406781,0.3542490470648112,0.7718173748729307,0.47056540768949473,0,MEDIUM
65.77375620289108,0.35686252041902633,4.9654702797354,0.9072788006716422,0.892991272923517,6.042222543429082,60.71742115824357,0.37366664720104725,0.3104612259041733,0.8927512298391018,10.129531336485773,5,47.244952453936044,0.40435947581419673,-0.6724177433911656,0.3389443508242377,0.7551812534594309,0.46907902727823914,0,MEDIUM
25.081445404925084,0.6955763299144105,8.55923963268801,0.33386811516420617,0.920913434384173,3.3665408180096756,21.06372431996894,0.12431055516268358,0.6189660739641485,1.4802829054696638,13.541993829642708,6,20.556646493838276,0.16566613944348108,5.435225085633982,0.46641801338094585,0.9616797531857084,0.4984447975130112,0,MEDIUM
56.327288106239756,0.5304645521148952,1.738509134001077,0.5542302930673233,0.7435192560521958,5.960819668465167,53.93710066212063,0.4478141778752697,2.9512974994170245,0.618754581671372,4.292407768650037,2,39.20406323673954,0.44032310883985687,-8.2686505477036,0.6499533919791538,0.31169631074600146,0.3481042224397013,0,MEDIUM
93.6969278595832,0.05,1.1569177063574199,0.9963826440258259,0.9245263126662355,3.506871344067123,81.40563652517275,0.11746477576035404,0.03691099778607505,0.9404414923869242,3.3648445701681458,2,69.78595138510491,0.6695059681226866,-6.707757703246141,0.1382105310006467,0.27459378280672586,0.2928760731508091,0,LOW
89.6779856522551,0.1422249672443865,3.9185337426692795,0.8844275389810292,0.7844034418098876,4.9706370904631,91.88755212331361,0.05965512378521156,0.6017503114377001,1.0952297324827467,7.0562622844451495,1,84.71449016448278,0.2662177696755951,-5.197777429515177,0.3945073209073618,0.352250491377806,0.16910150907598495,0,LOW
13.669767542745992,0.957853612009337,1.616992068397488,0.16412663565899363,0.6830928995318915,5.006025778933003,11.928562153471029,0.10169969058675637,0.31950432883540036,0.6246126048346643,4.404061935616875,2,9.41553387042651,0.19323613014689187,0.5943946941411435,0.9542874567068313,0.316162477424675,0.45745230424038225,0,MEDIUM
24.009259337002156,0.7983800540498901,3.3840552147181597,0.3015788638132287,0.6679584389479482,2.1254158004804364,22.30315351689409,0.4759336467492433,0.08905837256087717,0.8494639336621026,11.442125936672502,11,21.71440671611278,0.120357657148902,1.347592116675659,0.8972523686030228,1.0,0.5802334431393134,1,HIGH
21.196945743637762,0.7718286043984359,10.895898073434774,0.22437748912233715,0.9469248453356642,1.8187565254489182,17.560170500802087,0.25375837703091547,0.45627731893149026,1.3991992646636744,18.993274479262382,10,13.954797219047727,0.26568010351703913,7.890832710486718,0.4655270341957216,1.0,0.44501285901793985,0,MEDIUM
71.70829234875012,0.24065331277946042,6.213371622568672,0.8388101067954433,0.7168293858047844,3.810770732793829,70.39003542522657,0.2441427596173119,0.8199121452938473,1.0340880975334974,16.67958969100639,7,49.1745161909415,0.3150485042347404,0.2292484799256056,0.5450825776825536,1.0,0.5210249222886755,0,MEDIUM
79.51175303784034,0.2877694817052971,8.495937160046315,0.9902873060218865,0.9576757480103247,2.080908718876648,76.48185301797128,0.2200237896313328,0.600901706394023,0.8851095196630426,12.75893349082875,2,48.53333711285975,0.2187639539980015,-1.4385940123418974,0.20737111883716144,0.65035733963315,0.33234483896139816,0,MEDIUM
28.148466136407112,0.604677344614995,18.675772958114333,0.31263654302664445,0.7144482703988665,3.468623292330144,24.173914346348663,0.33213878853258544,0.023688454362949942,1.042094032472129,28.623697230733157,3,24.87505466966114,0.4692972390827981,15.998550129385954,0.7306662667091978,1.0,0.7152095229819203,1,HIGH
52.99747890090546,0.3924152701605739,22.873499973358633,0.7032806603899431,0.8680779909431144,2.157998931252791,42.94983744808071,0.476801923946619,0.6923211978141741,0.8847282679720664,46.7909233325405,11,55.41650745888781,0.43603164980420883,16.592827949345164,0.3940906486656153,1.0,0.8883594694733784,1,CRITICAL
81.459757380952,0.15359780495114225,2.2799926091785325,1.047389169107742,0.8305245104131328,2.165860617762236,77.03174751844351,0.21850440663811915,0.21117512813117317,1.3425043169377862,8.058686101340538,6,72.94019935589215,0.3846339182737372,-5.947475538711832,0.33101213685587194,0.7423474440536215,0.32851639520270537,0,MEDIUM
72.2881313051313,0.37613098754964686,2.1386635647822603,0.6739659383701205,0.9336489384039922,4.4505982609512245,77.87316001711851,0.3852365493388744,0.334204123880145,0.801794597364994,7.836646406807235,6,73.40820349504446,0.349551163982372,-5.140584745461366,0.28759208616883514,0.7334658562722894,0.5040743816301897,0,MEDIUM
56.0901624668071,0.46947978621520065,5.735063776306117,0.6790065568925077,0.8043158780198559,4.251100042627355,42.23910123386124,0.25580870396680067,0.2994112618275774,0.8954415659514666,12.160235849329762,10,46.94093472264896,0.1981261624498106,0.9522144296395889,0.5282660760778164,1.0,0.5657086680838527,1,HIGH
60.179553688995696,0.32076080242922334,1.1669525067783377,0.612424916342835,0.8061775855348876,3.032336526303125,61.361880157295126,0.14516823916060562,1.5644396913602558,0.7015556541237442,10.20992265025806,11,54.53043214764855,0.21914973231954032,-7.219868680446829,0.45111402291228025,1.0,0.4936494301469888,0,MEDIUM
53.2106464878838,0.44306891869036974,3.6464568353869278,0.6272253548496983,0.7855277548347472,4.911743668033598,48.80462984900691,0.23752920329323915,0.03899346708442611,0.9409109650560229,12.33359906147411,9,54.08808123491088,0.13873138593702447,-5.057545288694961,0.543242827093064,1.0,0.33085281799588595,0,MEDIUM
35.29161836209975,0.5979379648512989,5.88547824007716,0.48647527392143075,0.7241709986035713,5.839608154065568,32.12327372890075,0.10796752587793948,0.34216458840731045,0.9650868425081315,18.032844502236358,11,22.544234865791324,0.183818630492276,1.9763034837423206,0.7127124845202926,1.0,0.6318286156649201,1,HIGH
58.02686939301637,0.36294818669115353,5.914288501546461,0.7772879051697302,0.707191021443073,3.196572934479033,62.94021674660171,0.16689610579127676,0.4017786332687645,1.2391281327790198,8.081384289530794,2,50.41645362651064,0.20685627514277305,3.495072885691286,0.6206875611809672,0.46325537158123176,0.5372656337200064,0,MEDIUM
68.5552506742577,0.3927586579419653,5.59118544786794,0.755655873155354,0.8974180377279934,3.442156511584283,64.60303492179142,0.2171647357905406,0.7716167955699414,0.7966537660248636,9.783560138950133,7,58.888140335884536,0.3183939338967577,1.1502461816227045,0.3502522723789925,0.8813424055580054,0.5997953292743912,1,HIGH
84.23244784816865,0.05,2.3427374997909487,0.8808666599835636,0.9515562830522662,2.0154581432551475,86.9453333388386,0.19553212703345466,1.2445844515985895,1.0967257015937162,3.234082592516911,1,51.79606267172082,0.16184676477290091,-6.639500801076738,0.09766557542160062,0.19936330370067645,0.23428199873805047,0,LOW
64.08476508823608,0.48785481757638904,1.2854272518658783,0.6518720711228068,0.914070696116559,4.807316921609441,58.04739701674165,0.22074751345802748,1.0405782866853632,1.017345425863581,6.234128589264605,6,42.955357611168104,0.17334897889720155,-3.4657376367005943,0.372821364613356,0.6693651435705843,0.392603582546882,0,MEDIUM
74.69533064866843,0.3193050687280855,1.357105575515895,0.8711398471969952,0.8622853743141871,1.4562697559402844,59.751883406388735,0.3367366319992369,1.1174705322733511,0.621499025564783,9.237301477375938,9,63.38326537078238,0.18913828633297133,-4.080221695778718,0.36622447289276217,0.9994920590950376,0.3097814833128516,0,MEDIUM
23.606088971138703,0.8512080439369087,0.7327641528498292,0.22593959650237164,0.9215970755780927,6.034706203332186,23.081941934849254,0.12373540997251634,0.17093785262596733,0.854939860096219,6.857052174523963,8,19.450326825001284,0.41685430599461976,-3.2966504332518918,0.5432084086013154,0.8342820869809586,0.3941159881778856,0,MEDIUM
49.23238532568214,0.470640985781158,2.9118756546580324,0.5783020621808249,0.8106736564316728,1.2067891056735887,52.642750161320556,0.2957250430823302,1.9419499093705639,0.8469876203859719,7.8951997391312645,6,37.15680116912131,0.7756446274762187,-1.7117843781874522,0.5193100082430698,0.7358079895652506,0.3286456373382323,0,MEDIUM
10.79318768530293,0.8800728656206419,1.8111643216519733,0.1,0.9197782092461754,3.59154003678988,11.187053103090003,0.21990316297168702,0.42775139265122447,1.3366078820818983,6.860127584211232,6,9.864681383395421,0.33800551565271747,-2.7501568815470474,0.5603691189410579,0.6944051033684493,0.49941043425698733,0,MEDIUM
30.967703484337957,0.5756708199946435,3.675902360060142,0.3288537280512899,0.7400164300999407,6.045169335344219,24.134538575087333,0.41378195788087946,0.008936957653860633,1.1091453751302185,9.432146876340749,6,23.60062197916505,0.16270823496699613,-0.23776041397484993,0.6778107648474108,0.79728587505363,0.6183089378093691,1,HIGH
71.74924578460542,0.24053454958860154,4.679731426922452,0.7246438177589434,0.8483084168235219,2.040901161031786,59.31909416524672,0.10117313508874,0.8823280456905261,1.028934074708297,14.655043391700966,8,67.87413664765985,0.5559218753952777,-3.7304563178850794,0.34780464955901796,1.0,0.4772049954743535,0,MEDIUM
94.30384586469589,0.09645392916449316,0.8176796750171644,1.3066829481290532,0.7575282690096724,5.869559653874958,85.51022626882865,0.4158446482525246,0.7410785088374936,0.5,2.817298109401002,2,90.92369271922082,0.05,-7.905266722646408,0.41193456106773796,0.2526919243760401,0.4670118039421906,0,MEDIUM
18.43013846491335,0.9193836602933783,6.517810226848828,0.23288712942031753,0.8588289987611618,2.6639290118757426,17.114988076719918,0.16820166861276534,0.10770114565067389,0.6183461189042407,14.450388196233952,11,16.403931878142345,0.09859531300871846,4.0542458679566336,0.6714483320049465,1.0,0.5516979702914995,1,HIGH
44.1270168482095,0.4701572861737089,3.881522904571053,0.4742889546873383,0.6801325779081212,3.7546525344863784,34.30988727139956,0.11240154635291928,2.572457140517789,1.1455576063877682,12.48040346518842,9,32.01597909271324,0.23024007084835507,-1.2206732755866376,0.7148797762246726,1.0,0.44051333131611714,0,MEDIUM
78.00603233942856,0.1906992016468932,4.114733993129619,0.7382666751671801,0.845674730790395,3.7454055163755626,61.781162651076215,0.36817265782026404,0.6596339300355517,1.1564085585212678,12.177910227433278,10,74.97909761294774,0.46103722478508347,-1.7811279565408489,0.3268375046378541,1.0,0.5102854455466319,0,MEDIUM
27.343028943456403,0.7144657729468342,8.53108845636087,0.31674172858421373,0.8609292388420198,7.381325201772574,27.439616213951442,0.2664003681349921,0.5067924245741625,0.8515503591741158,19.825352480685225,8,19.503898414174426,0.05,2.7038755126847143,0.5658390282103875,1.0,0.7150239763907771,1,HIGH
57.18222069069433,0.3165146569176579,3.209330887797784,0.5756671054959833,0.5967238238995397,4.418047102832322,56.73202316222668,0.32330687557626747,0.4061607047409814,1.0055356421571546,4.184421760123335,2,42.10637315615617,0.27655591925297357,-4.575015483002463,0.7631715926095193,0.30737687040493344,0.5111343909795395,0,MEDIUM
72.31106016252235,0.32419733771544845,3.490906478174879,0.8447484872947546,0.8421083915063498,2.4349354950150843,74.89137374718517,0.11769181644524045,0.18842737807949073,0.991352696892439,11.499880005047665,11,63.19715237792657,0.1179277819809353,-2.878966121342361,0.3989360815981996,1.0,0.4915648423488304,0,MEDIUM
62.35876327211522,0.31849314073943913,3.182839051870688,0.821689685902429,0.784768675039877,2.6636046502823856,66.92167389115585,0.09280387675702786,2.44290624386435,1.033889184336263,8.696967905916994,8,56.750873047686646,0.2849404223762484,-3.986854758911977,0.48209355780990404,0.9078787162366798,0.6268455217667224,1,HIGH
25.98210244231037,0.7245477474827343,3.935595105450498,0.31383684784034305,0.9449257226894588,2.015882924430038,21.39118049774164,0.16145713895519362,0.9689554240916988,0.9255990934148163,5.731007940222655,1,19.93036818324606,0.13427838758752816,1.9124116064088268,0.4448852897071789,0.29924031760890624,0.4613309626173651,0,MEDIUM
40.20768833828785,0.5617671668641713,2.803047505451459,0.489285031271998,0.7033918726345121,11.347546197223192,41.97031228118308,0.07090270605643166,0.6707302906356819,1.1630736828911405,6.896416277022202,6,34.82486192793305,0.22669219709310362,0.5032784235449617,0.7257957744803175,0.6958566510808881,0.3823491234652837,0,MEDIUM
76.62230168125876,0.1706299027298384,4.610905009712917,0.8968756452676757,0.6944781154624837,3.6373635421624533,74.04815373465694,0.15566555723786402,0.7980010675768393,1.2212219417371533,7.797569291296167,6,54.524037288213144,0.20836381974735282,-1.8564191695295622,0.5435977781711936,0.7319027716518467,0.29828615129932995,0,LOW
57.10925370122141,0.42834386414934156,10.12660640866408,0.7787605246228462,0.8373001875495804,3.541980364738613,61.85549924108026,0.3629900400646518,1.468170230379239,0.8080767240015965,17.31594561437304,9,54.69163834171014,0.05,6.310894617697089,0.45822165075030025,1.0,0.44792246196683266,0,MEDIUM
10.444517151147583,0.8783060622030824,14.341931786565906,0.14266702221348554,0.9057584085827984,4.361795688144506,8.447835281391537,0.30328809331351114,0.8078665980932925,0.7611254736529136,29.541859898665173,9,10.929745076997927,0.05,13.477415319941084,0.5805154182273435,1.0,0.6927846732707711,1,HIGH
74.68421460238798,0.223409223393827,1.0388484537207419,0.8636195793244942,0.8321168361543039,3.3287288308501077,60.335031941909406,0.18130070777488666,0.09736423018641138,0.8407771537379537,4.8178735159821375,5,68.28120735729706,0.3628435067324724,-7.829766273131689,0.36352935746545767,0.5427149406392855,0.36715762638200633,0,MEDIUM
13.001465169920321,0.8117084185663693,15.078777883884094,0.13688979314162775,0.45165208108609634,4.882070838472708,12.763764315976845,0.23168071638715151,0.9559976558175031,1.009743603778148,16.32312410915766,1,9.669376123427988,0.37563504324637714,12.013749094907787,1.0,0.7229249643663065,0.6616338863787257,1,HIGH
73.38737153215473,0.29168825834108913,1.5428787637221866,0.8291257555485192,0.7852246534323777,3.800427313745808,78.62461063602926,0.11983008538107054,0.665687206132866,1.071126248116135,10.532476410003834,11,55.549898140113996,0.21560531774833358,-6.761226445839956,0.46800714902197804,1.0,0.37578353286417354,0,MEDIUM
27.21084761404518,0.8601809053389311,6.324786825553566,0.2702796231261532,0.8896991093081613,4.421993260125605,28.02233848884643,0.22270337440619925,2.7132537052838344,1.1576900010013285,11.24326139453698,1,16.700289204453377,0.42211358952216455,4.738638597048778,0.5955417887072236,0.5197304557814793,0.5145200975198548,0,MEDIUM
91.43624581014731,0.09682852052565709,3.227770099116443,1.1138508884678993,0.9251864833855142,1.2749502184783112,90.59647915514077,0.12585694060132094,1.0585631544005245,1.1942843772254785,9.381771753912066,7,81.48148560611193,0.13956511977106845,-5.434624753673556,0.1606345351845572,0.8652708701564826,0.3227753593916942,0,MEDIUM
41.27496386067718,0.6669398185861185,1.171074301604651,0.47468114017816126,0.9093742286490605,4.034691198141987,35.28694396356465,0.224837703695254,0.3372791481118317,1.0724897217675715,10.222089973822575,11,35.909611603521256,0.43146240471806796,-1.2090354335499272,0.46940856631946853,1.0,0.568006961767412,1,HIGH
37.78918738873672,0.5108903721003557,4.495585634156868,0.35962089206579084,0.8685369521109428,2.2972899270286327,37.30196889714251,0.32585192383207545,0.11638865734470526,1.0459183652301283,12.870976254242823,11,38.906420207667786,0.30606496352557905,2.705778799184883,0.4526397578837636,1.0,0.5874443956766348,1,HIGH
22.655484278257795,0.7860660723609236,14.551532368630706,0.22628838949326008,0.888064676642576,1.2658894966595087,23.118522289664533,0.13676144038986646,0.5266574942323816,1.3297791014382043,23.604909110924524,4,17.693039255670254,0.38719880994275807,10.697238577183713,0.5609360212165977,1.0,0.5349359948800528,0,MEDIUM
35.97635831666827,0.552446951315632,0.40930737969982167,0.410064280431808,0.7879795863189852,0.9330323063021194,36.02364103405252,0.3320936353907742,0.9099347551161329,1.0010000077041934,7.458188997224282,9,36.68926023463912,0.1965942874948641,-1.9672604092163728,0.5942540961793381,0.9283275598889713,0.4169392745901618,0,MEDIUM
84.51531475539704,0.05,12.397111419655896,1.1357121474187206,0.7413477275443622,3.4840154314138454,82.04107138757922,0.2077623477158162,0.156107125618685,1.1180093659703145,24.185789536571782,3,79.62285319107313,0.4213253903216544,3.481217869685837,0.41297840868345675,1.0,0.7207543512931956,1,HIGH
94.68841869831603,0.05,0.2834141356831859,1.1203489767946357,0.7714240176482106,4.000013573142565,68.06700656636721,0.03865349866425416,0.8385884767630607,1.0640509293232965,5.139457676883489,6,69.08480316097554,0.34331424026811685,-10.893918784107886,0.3678639735276842,0.6255783070753396,0.30151065858301146,0,MEDIUM
41.306310093082104,0.6822888458222649,6.19069251468973,0.5125152711272383,0.683928232142707,4.004419887307389,39.814572905268356,0.23047958892903986,1.3971769516630774,0.9653627180497721,11.373615712352706,9,25.089237662721672,0.26296444300296373,4.427090787266356,0.815252074697072,1.0,0.4230862384274092,0,MEDIUM
48.13190363113612,0.5946822299822104,1.149704708149983,0.5147775801026135,0.35,3.3813702810481945,42.90082544779164,0.2596767338417247,0.13667827707180996,0.9666824468136191,4.661279898287104,4,44.618155377404285,0.19204476403731793,-3.9701025907899608,1.0,0.4664511959314842,0.3694125007686588,0,MEDIUM
71.37602974723265,0.3056800802920255,4.891897428635345,0.8463096506642583,0.6562371648793652,3.8163269708562746,77.41641959512494,0.11695511741304439,0.9787575022943511,1.2643913534069395,9.952356112933881,5,58.767916769021646,0.2457100010682965,-0.8943263750436001,0.6684842928269649,0.7480942445173553,0.27494211562330134,0,LOW
85.32664133953134,0.05,6.114659453935248,0.9588068603996897,0.4047891013136383,1.76883068165729,80.45243829923481,0.06754914661454575,0.05655914672935907,0.981953938737104,9.434972177111637,5,88.1283585888664,0.26978625189289657,0.7546022177859637,0.9178163480295426,0.7273988870844655,0.346742589867358,0,MEDIUM
60.40876840587665,0.3802098638301986,7.163008232819221,0.7427650468580809,0.7609882722154512,5.647704495021946,56.98304166813765,0.1130237430674974,0.006385482634099972,0.9294661685322462,10.092650906476507,5,36.84616620152701,0.3995925772965963,-1.1837837703152885,0.5486225235919225,0.7537060362590604,0.3400002732234303,0,MEDIUM
43.27968434511549,0.591339157260984,9.619904988921226,0.40046163178341493,0.8231990261051688,6.9195243169807785,47.504736933975806,0.13423962032842562,0.02654325955512707,0.852588853615692,10.49763289277371,2,36.13235470246032,0.05,5.279346857425803,0.5608710394727388,0.5599053157109484,0.431128443535042,0,MEDIUM
45.07285647213302,0.5633143336449576,3.870495646175158,0.516827957470251,0.7793923960653374,2.584519204763194,33.23830713702867,0.12301527047075343,0.7986615918395887,1.0845070849710068,11.724850002137817,11,43.04324408441353,0.19055867299641835,-1.9012256726766112,0.6125685727244727,1.0,0.5677451711547047,1,HIGH
69.12754245222858,0.16122108879925448,8.936867012539437,0.7244540958709881,0.7563361576667893,1.4446992046696685,56.02970600796671,0.49673258308464774,2.9003347911907227,0.8975723936728984,12.66122180544454,2,66.04429603090631,0.5362548830552523,1.6123511221538136,0.4461063078994433,0.6464488722177817,0.37732346165132674,0,MEDIUM
10.273552406363688,0.8260390480947735,23.837496106633193,0.10921736826333096,0.7581541594016235,2.6077647840648606,9.88759328404897,0.46396463201140703,1.1805281226173787,1.066358897769898,40.244457083855835,1,9.271128647079934,0.6906491321233571,23.085060548526524,0.7757882849449516,1.0,0.8217409521352438,1,CRITICAL
62.66509368408646,0.3682228420272381,4.2400847257293,0.8650657475130664,0.8602126458129947,3.0578404789649785,51.767289385666416,0.23903220175753373,0.23486274821607311,1.0355447480027222,8.041017868635237,1,48.720080906837445,0.556842238506286,-3.2208216502124074,0.39379245229412696,0.39164071474540946,0.36396832608152435,0,MEDIUM
40.21690588751538,0.6407342138862213,3.6995146822476292,0.3986892534323931,0.5728127662255228,1.45753631481235,33.720269290146774,0.15488676963965614,0.05951050825579765,0.9145223962624645,9.650416363386526,4,25.347075502993377,0.5943933329376816,0.6600453540123503,0.9611479576048265,0.6660166545354611,0.4720081615433362,0,MEDIUM
77.50677315855216,0.05,1.6460696353051036,0.8181790343683975,0.6912427676489261,3.4916028279000733,81.9291527549801,0.19522549196597205,0.7670541118823843,0.7208831544865606,4.573551058830676,3,57.02883131233388,0.1313436600344954,-4.421825141659642,0.48813584852661085,0.39294204235322705,0.36968433154637464,0,MEDIUM
17.904204384966235,0.807988038111949,10.325429168519515,0.2067839439160081,0.9161902072497221,4.343332024550579,16.6820913603007,0.3733418859756204,0.0025872874002297237,0.7941551378647543,17.096570406305684,4,15.988787060411234,0.3561687237284773,9.32559777326915,0.5297087081813914,0.9638628162522274,0.6738493978776454,1,HIGH
59.99719269061319,0.4114719746841843,8.285907178953007,0.7988707047421427,0.8276880045502895,3.3317192330819214,44.46669336052247,0.42985725988429546,1.2584293372542648,0.8256256956428011,16.859039921441926,11,56.81593217220516,0.133549085064906,3.1171894505399242,0.46420398051665795,1.0,0.5911627275129252,1,HIGH
50.88269564032052,0.5591420026780919,3.320510484079832,0.5639507458939685,0.7998188702537111,6.352111380520782,41.94489748254278,0.18901874227584725,0.22284100258073924,0.799194007707307,10.320065392639597,6,49.24534579357935,0.45703313809129087,-2.122661148521062,0.5798426959584793,0.8328026157055839,0.36830686208755387,0,MEDIUM
64.59766970194433,0.4094519097195517,10.876384364169263,0.8216388459052895,0.7964348096982035,5.9747815684445,47.183646344631235,0.1976127679004361,0.28444568484750865,1.0910535647838382,21.6969408418011,11,61.26033175229412,0.2786895142849838,3.3757313866795102,0.5100737403124707,1.0,0.6014847526279995,1,HIGH
15.51255553105231,0.8914801501941814,9.912969527488555,0.20603575354903061,0.5286652482626651,6.105118562643053,14.309587461768324,0.26663629732496963,0.3372499669207083,1.425835069334773,10.070315210494439,1,11.567810256210114,0.15159040347263195,8.128014131377075,1.0,0.47281260841977757,0.3563132725518487,0,MEDIUM
59.29862193139116,0.34301854014993366,4.37760085641242,0.6256053107646576,0.8430072090850698,6.109721606150803,45.61886145982735,0.26045597101123136,1.1536247609240322,0.8978019849634151,14.099330658256829,8,54.10050835966918,0.41636177420020754,-1.4958627935960174,0.4069984564473622,1.0,0.344635238276139,0,MEDIUM
57.72618997655952,0.27009792926454024,5.3252011251528,0.6328955683304566,0.6688017608237202,1.2896829222256418,60.19952977644631,0.12071058618854982,0.24711571084293188,0.923145064104813,14.102657269480929,8,59.80926493792787,0.2534369677559412,-0.8194729910105423,0.6318463233966898,1.0,0.5375687650201832,0,MEDIUM
57.65610802537453,0.3919946991813426,1.7350850439207173,0.6216931929788482,0.7920812773545017,2.3871622511298574,53.673547567338126,0.16876641324471986,0.2677864011278982,0.8830834905027238,7.60850275784126,7,38.135233078205495,0.38801486221716913,-4.04974248641629,0.5078754335589187,0.7943401103136505,0.4431718750788724,0,MEDIUM
61.29645166069866,0.4671660294096982,6.7184470168055945,0.8069235940126903,0.6824937989680425,1.3607147374625048,44.36332262866998,0.22420476118104588,0.6229500041123992,1.1715353521259237,13.384427726145493,11,56.95130692942968,0.2152864076571641,-0.7251580935908493,0.7098423162527854,1.0,0.39309699440200746,0,MEDIUM
67.49977466424079,0.43647861555954665,1.6334278492368575,0.6224649879228384,0.9552420209448205,0.18857445338700674,55.373458063606726,0.29246921892609967,0.49740653510848826,1.0852713720786762,10.054789369279403,11,52.95299678661849,0.5665841650651322,-3.761707899456154,0.2853762763625426,1.0,0.35702585002161286,0,MEDIUM
78.42406497286542,0.2726032784551686,2.097925108755751,0.8267547623023003,0.541810300037325,3.026476846050591,74.23112758522592,0.38060283598658784,2.4910666868449387,0.9966745155689004,4.953387128364762,4,54.994651438605395,0.5536981227331036,-5.935980113409346,0.8235861891715969,0.4781354851345905,0.5207983107036108,0,MEDIUM
32.934761210898216,0.7049996537151565,5.10000599422717,0.4082936439432659,0.6886594848839697,3.5423371739263745,27.474155646177426,0.3828441158966519,0.24456450788201783,0.7573777064899438,14.98539552971733,8,24.504092747542966,0.12623409073924977,4.255542313200893,0.8195105995316238,1.0,0.5731425034460441,1,HIGH
80.12919986530528,0.22907917321782445,10.22539400318666,0.9477054747337926,0.8940270390461588,5.300362829345259,72.53861424330434,0.35078753250711253,0.07711290513570501,0.8064475319504636,25.25709021859401,9,54.08019120143032,0.5052148232682185,3.8243537892472212,0.2734990280396741,1.0,0.5681389488314463,1,HIGH
52.35173299239356,0.4319931703352019,5.328615200935523,0.5853681171573717,0.7429873634039398,4.875802473333911,55.68888991250784,0.10104131634588345,0.6229317674911867,1.0350587151116255,8.904321516881382,5,50.61910359023673,0.32873926738362497,1.5154564798908399,0.6015155400616913,0.7061728606752553,0.349187259609175,0,MEDIUM
16.54995372641815,0.824095639251529,2.973151978677614,0.19363017441364047,0.721965900681744,2.148957927120416,13.902199254277013,0.24795318675953282,0.16318229231297682,1.044657458084787,8.361770714342018,6,12.815583280149195,0.2166399445985076,0.6249884362851426,0.8290989686031485,0.7544708285736808,0.2992861286143298,0,LOW
14.976828985738232,0.9837572722087242,7.985708808933923,0.14958741363248731,0.8616124563478255,3.789448212731088,12.49590445888092,0.5398144287341592,0.42703892958147477,0.9967781416068539,20.3799439205394,10,15.305251483825222,0.1449582576978353,5.989755436224654,0.6994599515826239,1.0,0.5611910109276423,1,HIGH
38.41025708916517,0.5404927886449982,7.804403078901134,0.42841199464518837,0.7072054896518921,6.042923140188206,39.48200837258472,0.14380840608240997,0.16581413767902142,1.1329854254520608,14.684881349882378,8,39.74976583021468,0.18754563263575763,3.768042520579987,0.7094381598446609,1.0,0.3946822778312458,0,MEDIUM
76.71624305447475,0.3620198727120407,7.390396438287686,0.8828900278664131,0.6817993303647034,2.8328040087881217,63.482891293045185,0.20854179451078544,1.7027030255640458,0.7554845260715984,12.80087383318452,5,79.36940216570203,0.3152887150869623,0.2963348038034197,0.6583109408089652,0.8620349533273808,0.5538528277765413,1,HIGH
70.15287945297784,0.27270895311085686,3.5226811758447862,0.9474809742608811,0.6905661480978573,2.0018710945356717,51.294616544618364,0.39204007967052057,0.3173426193046409,1.0607179754319924,9.065786306256339,4,47.00734920277926,0.31815979637216635,-2.8049966407420244,0.6005052544086424,0.6426314522502536,0.5020607711560562,0,MEDIUM
77.03227199715455,0.33571184875606075,1.7774983486189866,0.7937540740120811,0.5796649391115789,3.7042559621953814,59.49803077054234,0.11901345368466876,1.1928529479543803,1.0495972644193432,7.909119675586554,8,58.226670463429016,0.17880728924256994,-6.408263659941012,0.7983585157106621,0.8763647870234622,0.2986826978592891,0,LOW
53.96786979753679,0.347776101264829,16.955677711142204,0.7198851062349734,0.884116096589957,1.2677414234760502,58.25940021781376,0.4631114653737473,2.3745464980764677,0.8084121562659843,32.795137100924855,3,39.91858623344594,0.5188296259020463,14.687585194770888,0.34771390574747896,1.0,0.6381816707189382,1,HIGH
47.4169148262167,0.5727031878310049,5.9874339607661335,0.579491931588391,0.8804964099349167,5.16644921338354,50.89338631978359,0.19796619486781875,2.2581035319754834,0.8790200556795095,11.670984104513021,6,48.137907581457995,0.4898910888277561,0.5017105243829022,0.46560697901312736,0.8868393641805209,0.45658071402098704,0,MEDIUM
22.533464770034136,0.7157237414238489,2.849430528101796,0.20509292993158224,0.7814698599954538,4.7237716696522725,17.799743469994738,0.25835616199163997,0.5952174549611818,1.1386258951378947,9.792877906624025,9,14.39694268407534,0.2756507626685945,-3.2451359019243724,0.6856570807187437,1.0,0.421044165494511,0,MEDIUM
37.89638405679148,0.5078147840781502,5.026993164485682,0.4783719937247517,0.6294449451364231,2.393685397394473,34.91775666339454,0.2225213694858333,3.2717295405578137,0.7722816703699846,13.200068915087126,6,32.77570859506531,0.28754591665976403,-0.08180828151375863,0.8097399743344404,0.9480027566034851,0.6206723777708001,1,HIGH
46.8916461247794,0.5485662621450815,3.1080435211616675,0.4303602454285235,0.9084088303168112,6.332176808343345,35.40071882889302,0.25713789023614425,0.8535449068328389,1.4927542139841266,9.350159492019857,9,38.376949313484474,0.15507204692506538,-1.3370702469993196,0.411669885597324,1.0,0.6189920437115111,1,HIGH
17.531036522767465,0.9054473778600028,14.461615075374668,0.2452049535113668,0.8146215709462433,6.641698890566817,17.002844824549175,0.19752512751433868,0.11002137564350585,1.1111523201783506,26.223737045014452,8,18.220379550822422,0.33555198488088595,12.197741481772265,0.7307913325106364,1.0,0.5909671346455444,1,HIGH
28.752015980452956,0.6448845251079907,8.460556931952688,0.3842184637722108,0.9189129355129866,5.429576727044293,22.25757726957492,0.1566458744063013,1.75410211756293,0.9885326378703888,12.902644233973257,9,29.71477238619508,0.22926516700382632,6.353631875388572,0.44407285928451545,1.0,0.6159030168326596,1,HIGH
60.8491499954178,0.27158722320914996,3.139562244147411,0.6381079214300795,0.7015298971820499,3.7197680731981357,43.80628696186924,0.1959275469505302,0.5059265574553841,0.9495695331256847,13.448494050152227,10,48.11946949898251,0.2805943351282415,-2.877747932434027,0.5834987658315001,1.0,0.4522479335257266,0,MEDIUM
72.53136471033113,0.26733877174989223,7.052444519243821,0.7461342214826414,0.7978193324849209,1.2990736380389503,74.70431176605146,0.1998143984233208,0.13255497131466995,1.15764029972839,16.845369545404367,9,57.92487627337076,0.3947139126541114,-0.6249757932704457,0.4369403871475648,1.0,0.43097152995307164,0,MEDIUM
94.85953846840071,0.05,2.1847447470943258,1.0346524712227334,0.8786069029909058,1.107966165385413,78.74860897692213,0.1807365237245004,1.2539528274595602,0.9177300936807314,8.754203885491581,8,73.3302844280399,0.05,-8.751319497104062,0.20708964551364126,0.9101681554196632,0.3582104615355026,0,MEDIUM
89.3146331642024,0.15071923856233582,2.544960459290264,0.962886307739155,0.9505721892981432,3.170285935760437,66.39729868056872,0.14441136709351773,0.7833908312601614,0.9259367483977875,10.023083036790023,9,85.30685905041649,0.20018223474874852,-5.169695984428814,0.14950133533395304,1.0,0.32478924985536267,0,MEDIUM
64.61804196049128,0.4297871461042463,2.056521192486463,0.7018610815039431,0.5591161996794753,4.738671308093511,66.78672556747779,0.24761560162933996,1.710477090814158,1.2905176549567434,7.241440945991413,7,41.68390304797414,0.5092521578997187,-6.1906487856675,0.8762192735329102,0.7796576378396566,0.3495257411285939,0,MEDIUM
45.80608452999612,0.5371859401982392,2.526160313262756,0.48514977264728576,0.9850357696116078,4.3679236318424675,46.03323649177117,0.04443376035346251,1.4050634989162363,0.905688201026913,8.207022038268608,7,29.877756361210235,0.40937960681811025,-3.282426034336191,0.29103931568170793,0.8182808815307443,0.3435498602067569,0,MEDIUM
64.07507600019977,0.5076895051815433,14.402108838956623,0.775671535252147,0.9566791796784027,2.042978633248793,62.377303071022716,0.40431068839560697,0.308659908323939,1.027216269701079,33.06119873791546,11,58.76400544827468,0.39784314724177083,10.21095561777963,0.3188259830731677,1.0,0.6780105342636946,1,HIGH
76.78038753681972,0.2501349041946262,6.420118922043884,0.7540846266248141,0.8107833526497401,3.6072766605038598,81.73268290948978,0.37828307848029874,0.23690970877895903,0.8479575848105954,13.256794954874074,4,46.64477975075331,0.1080266218891895,-1.763566211570645,0.4088924231227029,0.810271798194963,0.5136687236917609,0,MEDIUM
20.058576228487922,0.7717001172345688,0.9079152856758859,0.26537308726840675,0.8076170675747987,2.3711665357198823,17.966274862525342,0.2043299291459939,1.0588916978471352,1.0518080954975417,2.065432857560052,1,18.09210150909118,0.22705867322006898,-4.511925303524401,0.6744244572550864,0.15261731430240208,0.5628276195678863,1,HIGH
44.8419156241845,0.42265545502992874,2.070608087278589,0.5857256588267111,0.6504665429940143,6.222805028669677,33.68626040089546,0.2049693392794787,0.6813633903473092,1.1161228868880109,9.247041977317355,7,29.502088814858467,0.11291917838101662,-1.2664966548598626,0.7356279130239429,0.8598816790926942,0.46906745264721844,0,MEDIUM
81.38319427902746,0.16515529558443198,1.0672704377960656,0.9263373758891457,0.8304509968845372,1.880161440521647,58.965262713245366,0.3606898805751035,0.05794887135040259,1.3365791018383637,7.774776678281579,8,77.62194874071658,0.27200493587890107,-4.590017756088063,0.33690115246541025,0.8709910671312633,0.31570899058627744,0,MEDIUM
42.62580091430874,0.5468310352240217,5.160134617693213,0.5653736968969226,0.5889434883770215,4.284792927984485,35.26758201381541,0.4459346036859973,0.16036020178701585,0.8125302220054784,11.387623424037566,9,39.76293711147437,0.23444546248148138,-1.2086620412111997,0.8900002850464785,1.0,0.5227113180411262,0,MEDIUM
58.609143054310856,0.4907329531594091,2.9546787406382693,0.5999070913116633,0.7555451382483364,1.452667525027897,43.06203235603696,0.339214780353453,0.1312899911235707,0.7104251591409574,5.10301146874481,1,39.97243980143787,0.540983765961671,-3.0167188577358495,0.6120487692072001,0.2741204587497924,0.41566906830180084,0,MEDIUM
59.96039567328685,0.43739473319247985,10.919496818249268,0.5449097194305389,0.8049530837190946,5.685651700422243,54.81602014329745,0.28085703973387566,0.7128822674353826,0.9466418792435941,21.507794552150287,9,56.39993050130904,0.2238640504218328,8.16886960229231,0.5112677410175981,1.0,0.580526794708607,1,HIGH
25.680481516359343,0.6488456551057972,4.415775917997938,0.31063212201479207,0.8805732308109979,5.3079522611588565,18.12527376513673,0.19000538047777493,0.07173170832486248,0.876577201862783,10.56269839470939,7,24.54036474165165,0.17612070212035996,3.945397045370183,0.5035629813364018,0.9125079357883756,0.5231804339946813,0,MEDIUM
40.79001254044451,0.6058802255084379,17.363984289769686,0.4605007651263918,0.7543452799663186,1.3006974844293642,35.793453031733755,0.5414215992489619,0.1862530828063561,0.9969105922891814,19.081015766458727,7,41.46316815225939,0.2656290273368747,15.881066732308284,0.671422192804741,1.0,0.8209513345914823,1,CRITICAL
38.43345954306423,0.669387898307682,4.805821315838236,0.45489161410919166,0.5753093810816975,2.5525616896887513,29.646960212197477,0.08457509529145849,0.6306285327156376,1.1043976651729577,9.191542618582549,3,35.58938728284307,0.4011996663901766,0.12436583985271144,0.9717298775312948,0.5776617047433019,0.43078711061298763,0,MEDIUM
12.226720225225508,0.9999753064987715,25.361458066129675,0.16502033873496788,0.9596783115343369,3.7845332213073535,10.359788293759783,0.32092289948266317,0.11422546323346985,1.453004615164708,29.531463396592144,1,12.109594683182076,0.16939541432628466,23.561833117357324,0.5604701859478805,1.0,0.5950282692212732,1,HIGH
12.056299930765196,0.9504373180854727,5.460271940149868,0.16697526750403915,0.826534203945228,5.575120320956525,11.694775259104441,0.16970413925361968,0.22830438203946019,0.9097029285491112,12.667558229490092,7,10.692321073766792,0.10793231645223617,6.215030833397567,0.7354173531248943,0.9967023291796038,0.6639916017397107,1,HIGH
80.69424871244074,0.2539252452205108,2.660899364707634,0.9822318356911045,0.7389747147409987,1.9996658325279548,67.81427723079709,0.1900758381847361,1.8983290867269955,0.5579192624894124,10.603644122779313,10,71.13055727843377,0.32996020094060835,-5.049097361649853,0.5185005504987573,1.0,0.48766680698064935,0,MEDIUM
33.211018847689054,0.6726966910923226,10.420780963301794,0.425774492605559,0.8293119646903245,2.0288286818172363,27.782211364292102,0.17856816711844142,0.9555283187598234,0.9524046700984596,14.599832094872928,8,30.019598926033346,0.2533365995962143,9.01982437640165,0.5923803985106745,1.0,0.3606707531761919,0,MEDIUM
54.036695130299314,0.4906980091308828,7.6277636930512855,0.5089739100211632,0.9235322279580719,5.535352726614871,59.240444711437036,0.5210930228025958,0.29324335585791117,1.0701055329446594,12.67100575664699,6,42.30306627915105,0.2257484621594551,1.8024379432395474,0.3600506626283336,0.9268402302658796,0.5467209165572788,0,MEDIUM
35.39167375504571,0.7460436545060356,1.560453208366496,0.346965031534569,0.8082451671164748,4.122419525940362,34.95019409135294,0.2942566701968617,1.6787698185177427,0.8060738519879171,8.131875580254592,7,24.875327954024293,0.527404440419571,-0.6191052708203169,0.6606540765783057,0.8152750232101837,0.4887351491220307,0,MEDIUM
89.95773583480394,0.05,2.8014500393535484,1.1394068432970796,0.6809044566306085,1.7399962423504924,81.46074953645359,0.46398647020030204,0.2304495111463056,1.0467364905829235,9.417289208793637,9,70.70602586584802,0.49719187741143267,-6.982878979228193,0.5036433150540872,1.0,0.519336920048734,0,MEDIUM
32.040224503590764,0.6516426087867359,3.8445967937007963,0.3574672508611442,0.8431597577639729,3.2047691995980574,29.853487524464136,0.1396836082946493,0.7114906611032588,1.0274963070689813,10.880800519898365,8,27.779694821739522,0.14330815780994738,-0.8892325220800297,0.5610816677474086,0.9952320207959346,0.6600303748809957,1,HIGH
46.520829082809485,0.47298620927140594,3.1603487187022257,0.5224208323520467,0.8081255652407578,3.4488848365946696,44.105144438372086,0.16632246196250766,0.3677186965714946,1.0519703487997838,7.024864985905368,5,42.357326675855944,0.20915427854042407,-1.2178742595343162,0.5243047567745662,0.6309945994362147,0.39555201174108573,0,MEDIUM
84.18207129119115,0.18851153658617842,3.089520681446203,0.8875348109029382,0.7671064833413748,3.349452724808386,59.75497309809277,0.08722891153968249,1.1159433371678227,1.1582643908259715,14.221486830027349,11,67.81005836827958,0.3301415542808689,-6.429761655724921,0.4435960432810271,1.0,0.3822279786756516,0,MEDIUM
81.56435317730373,0.2827742422790257,2.406777789896254,0.9817723314280766,0.9318327820197124,2.9193152150276305,59.71373898780579,0.11991508977002178,0.37164660140980316,0.9834617431326661,4.888615130518543,4,61.054971667410385,0.18842247940465828,-8.001010361121368,0.2436379481099442,0.47554460522074177,0.36018327763208047,0,MEDIUM
25.81862051693357,0.6940558518929784,6.598426092339464,0.25627111485541065,0.8635382792827757,1.2498975498256741,24.77750376437816,0.32228938042318656,0.22893236266424288,1.109507531301232,14.701756170147672,11,18.35964629786277,0.1443922078949097,1.5802929835503114,0.5517205070223257,1.0,0.4465763016402066,0,MEDIUM
78.22468133263538,0.05,1.3167330452195556,0.949223762851573,0.7529796258382049,1.8118072028349124,66.16146106847621,0.11063611143990129,0.7485921364731403,0.6402077705539366,4.700375287806822,4,53.38361656279003,0.30055330258602725,-5.621849865114143,0.3955305612426927,0.4680150115122729,0.26303353677456137,0,LOW
48.94588537272087,0.4775634866708337,1.0587165502677123,0.4830466630507445,0.5791212451554059,5.16919055995197,35.34762281602154,0.029077808892078134,1.0942621530989471,0.8075241416414667,4.1493868434101095,4,39.85988769098013,0.5883429194418406,-3.92736149152792,0.8700998756023082,0.44597547373640445,0.5013522627619547,0,MEDIUM
51.05235412725519,0.5625543572888406,8.97573394527625,0.47576353377799063,0.7581121343762034,2.867008928336084,41.81214852706936,0.13183358529249742,0.614923875872504,0.9316931338147881,14.59606657743278,2,46.85972467949118,0.3342570869898781,2.524131879354961,0.6441089770801152,0.7238426630973112,0.2976765873437027,0,LOW
21.34579765535522,0.8295524156824381,13.118951742541308,0.2273709207825019,0.8958737624696181,0.922256450553035,16.05445977081368,0.3418400381277914,1.007837317465422,0.7989741719967445,21.71012000187825,10,20.778675650526445,0.2719036676542522,11.220490528184335,0.5709655641367919,1.0,0.48795964934896535,0,MEDIUM
16.851128669355596,0.8657436131312901,11.756312904325535,0.17113503624363438,0.6668206787536287,2.5419731763743476,17.972159051295858,0.3064092811527092,0.4385675581325848,1.0013192004223188,26.0686572616403,10,12.729180705126108,0.2953293225689189,11.023458799464809,0.9326407884352019,1.0,0.5231094306783352,0,MEDIUM
71.87484109277004,0.2588521249223413,3.6001557911512836,0.9663542336051184,0.6912366612851719,1.4824753596657811,56.14648090231628,0.22400271628510598,1.269539191063461,0.9312513404845193,10.141697827143092,7,62.892205247615706,0.05,-2.941879060187721,0.5925710705334127,0.8956679130857237,0.4189112627757803,0,MEDIUM
52.19919795020048,0.3756855616004123,3.32312177521498,0.48413541263448256,0.8667076029245746,3.28164470528576,39.539664667729724,0.21454585954475075,0.7036289834414525,0.9089732020842042,10.095938872406318,8,42.54070779978715,0.18918519973018746,-1.1473930067611877,0.3877813764133442,0.9638375548962528,0.37925894078496625,0,MEDIUM
47.13230972229026,0.5699004485070548,2.7943306890617365,0.46581184379861695,0.9201748023203626,1.4018550938083334,44.7977298557875,0.10743507591505265,0.17477358759990286,1.1767609593785948,8.500099861331874,7,48.77336151100042,0.3570514920684609,-1.1934038346885487,0.40468802077298344,0.830003994453275,0.4224613235889948,0,MEDIUM
72.00819943545372,0.2131754608426928,1.7568128915839765,0.8456353488839222,0.4305077328424749,6.689844574554547,65.43851495006432,0.053967923583038487,1.7713056273187413,1.0167643582629244,10.322142051088061,11,71.79770460275893,0.4131513375273037,-6.292373830190235,0.960826131157634,1.0,0.5699620971683007,1,HIGH
75.06859641424433,0.42404177452799324,3.1407371242148368,0.8561825617175152,0.5180574481126422,2.28456546881567,69.8417938715223,0.4313930685532211,1.4503405186133558,0.7832580194684882,10.836305699986863,10,74.84512114534347,0.4034774528063021,-3.4119939483366153,0.9349347150950333,1.0,0.36728563896565614,0,MEDIUM
23.50719425189505,0.8105686341494108,12.67238379024465,0.2169540097809333,0.8875656051867127,2.527095374653126,20.554203096221574,0.33329434740165814,2.6574405400644174,0.8793355230642194,16.68561183395785,8,20.231243194563703,0.2978902908870985,8.597831770185056,0.5739359092946363,1.0,0.4623403547953351,0,MEDIUM
61.869137705599506,0.33485675873968884,2.200849095336584,0.5590657466882402,0.6191472774063143,2.2345531233566254,54.86974136587563,0.1674517315160273,0.6733335589074971,1.1506440833878508,12.369984772234764,11,49.28338766227477,0.27642698058758347,-3.504950682470028,0.7387074632603731,1.0,0.2823498674040135,0,LOW
21.50509699360327,0.7360382102728771,12.89806739673665,0.2997883575831519,0.8139567822369101,0.3137603297039887,21.752814686271766,0.6846275558923546,0.9009701206132633,1.0399418712437953,25.025000516608518,11,19.21127093515685,0.06237204851039194,9.468152387157993,0.6470839317810733,1.0,0.7628944325153889,1,CRITICAL
73.86688231246887,0.2538956403462242,0.8257622180963015,0.9081322671861047,0.6080694725214703,6.102514749916845,58.20480407649565,0.376398869509591,1.5936090544802493,1.2391880329368936,8.17394542551242,9,49.626992010460356,0.40783549241242706,-9.21538642012063,0.7148436113909068,0.9569578170204969,0.48799029231019336,0,MEDIUM
65.84118828270687,0.3224279634111914,4.5342508272334765,0.7128645638660859,0.8794582295609094,5.000180055192926,56.53201599282352,0.05569211702970544,0.04321979150567834,1.1693132488210924,10.873950946912666,8,65.6659014343701,0.20302057661258735,-4.679568376348145,0.34202663736423167,0.9949580378765067,0.31823700469214994,0,MEDIUM
91.31224279209393,0.1762242741214571,3.537925198915063,1.036591303208127,0.8728126465520507,1.908121323500367,98.90304359485444,0.15559312449091361,1.946197241453269,0.9221866142203292,8.317127435239208,5,65.93243805197325,0.05,-8.475097846131783,0.2788931672326525,0.6826850974095684,0.394376205190198,0,MEDIUM
15.8614313902958,0.8562989796765658,4.038278884903419,0.16389221475096596,0.7953131470974262,2.2374500865608624,12.30838003900694,0.3594137921789769,0.25304459473781415,1.2871016897816316,9.89976704792264,4,15.418970264272977,0.2726211332490109,3.2673272790208334,0.7351797691921436,0.6759906819169057,0.39577605688508755,0,MEDIUM
14.849651297856617,0.7929729479087516,2.430061123115956,0.15925313882879252,0.8110818094531088,3.012662299721226,12.139730087255417,0.11197095206443772,0.046988255575957025,1.3035630648398513,7.954483082109115,5,10.904477129291442,0.18468610232018895,2.8681062692960184,0.6798637597747126,0.6681793232843647,0.4290104798847547,0,MEDIUM
33.98590134892201,0.8113762413232425,9.674422424929318,0.416164918318504,0.6940239614597943,3.4448588583550555,26.394360780445442,0.18735597879690152,0.2170344727646819,0.6429160885364322,21.559685288014073,11,28.375127988468712,0.17372001984863417,8.148775446856208,0.8646521784719299,1.0,0.5812736611137456,1,HIGH
32.24498311755201,0.6814948353460977,5.610748570079552,0.43253610581023855,0.6106857772993376,13.27012865474375,22.835838955907978,0.07443184278870384,0.7062073280911957,1.0063561640183876,7.734596013480992,1,30.552906606949602,0.35690777909688154,3.3746521314119855,0.9247187517240424,0.3793838405392397,0.4744123984707828,0,MEDIUM
30.993197921119986,0.7515751948663119,26.084148190476842,0.3074726725329576,0.8352951275497389,4.170998507002694,25.040395453526976,0.3388732728327104,0.039223633197352954,0.8900321019047941,26.71768375689057,5,24.087371307965515,0.2681265683059549,22.722456625254807,0.6228449061085476,1.0,0.8095734719508473,1,CRITICAL
87.03163934428812,0.081025485961538,6.053769265697964,1.1489749513761836,0.6885498878553756,4.950265540474823,62.539802740296,0.08701563275294857,0.0006120471243546864,0.9479048400764913,13.466054020736276,6,66.2399285657695,0.5266748898957857,-4.810999736693926,0.5076879111977055,0.9586421608294511,0.47048518696493713,0,MEDIUM
31.211426987208018,0.7169349803474816,12.050534602128122,0.2998726222199749,0.773639341502356,2.1563487083605652,23.779176302584684,0.10063533027190252,0.8159059682790156,0.8367698389856908,26.76984454570645,9,31.19714749731674,0.22541249032368543,9.59731460777922,0.6980084779202067,1.0,0.6921332106568011,1,HIGH
33.11572672093364,0.6937315320821192,0.2988978688766518,0.33363965910579785,0.911615662626155,3.0761126081461994,27.9852008322302,0.02697582644672012,0.48321188640171464,0.8117158235447048,7.488983297813729,9,20.89632315096468,0.16107408234026097,-1.8593878353395075,0.4794422721018271,0.9295593319125492,0.5497611790567936,0,MEDIUM
74.54885230552692,0.10333953357703851,1.89358168911068,0.6847965460408847,0.6327707459395668,1.0115967465968754,52.802093794214656,0.09534982905786846,1.4880148075351518,1.1802346479064498,10.125827468661669,10,72.96024812116144,0.11210502640379623,-5.750534709379002,0.6025136478791691,1.0,0.4165518085067264,0,MEDIUM
48.2278866082959,0.6789431427538923,1.6047950067806438,0.46800627206528395,0.7317867340547344,5.115919722936174,48.284922178878524,0.1559513352551026,0.23823687707055377,0.7663876880866465,3.5683749441439456,3,49.08100432483092,0.2949338411715231,-1.6803889803830834,0.7417914702948446,0.35273499776575784,0.5036961259781305,0,MEDIUM
76.0203973411904,0.34304758346189973,0.3853379794418082,1.0328523240732181,0.8781346773847234,3.3569646078209048,77.40667531765199,0.18554741721250217,0.26358986720447514,1.0186709133480045,9.428038119701238,11,64.87751225908549,0.5189513818699503,-8.380500313019144,0.3543217756538648,1.0,0.4522101552684776,0,MEDIUM
15.556123392972745,0.8126631407785936,6.060277173497768,0.17574053970629588,0.8813937778809436,1.6152697859610694,13.449287925477787,0.09087886018949308,0.06457456533857595,0.730172582058968,10.746734683881252,8,14.205646012719777,0.21616176655799405,5.8269347370812605,0.5842409035678813,0.9898693873552502,0.4140346669347252,0,MEDIUM
51.443551462237664,0.3973829061411549,7.998521927575854,0.48296900194640785,0.8572905110142939,2.5017397317819285,56.27237201678832,0.3753039539585082,0.6186388271832736,1.2538811623870214,17.959503060666975,8,50.808301155147525,0.4662753723245601,2.249141054523744,0.41275568654913664,1.0,0.5698067026464705,1,HIGH
12.857156015579024,0.8992333689484939,2.7029455812173646,0.17741119258523755,0.8959427715856279,3.3110271069382264,12.491981489429861,0.2320501003433209,0.364444425064661,1.0060067709433569,9.428242441480089,9,10.234136040324307,0.4441487210738749,2.511693072595256,0.6057025270958052,1.0,0.46029097699849053,0,MEDIUM
15.325522293705134,0.8536805930161003,0.7872501688911268,0.20528478168609876,0.753343775870982,5.371012786965313,15.287035297190522,0.0586853723692731,0.3320583104755639,1.149058436935952,1.965428166460064,1,15.255861116052444,0.31249754751797776,1.155839392367303,0.7968246327015771,0.14861712665840257,0.2417971896151406,0,LOW
87.04718353427494,0.15798168054230893,1.2663807731373369,1.1118895913290663,0.8444436944040855,2.7666922890890793,67.62871258302636,0.3227157239466596,0.4894494273984804,1.0390211562400058,5.736479736812748,5,66.8102458059946,0.14325514196489436,-8.830588156967188,0.31232529866502623,0.57945918947251,0.42775491812783145,0,MEDIUM
21.83585654499559,0.7969676262455713,5.233589632179082,0.29843859877307727,0.5018409559871951,6.422128147595072,22.599566700423736,0.27017129992358724,1.516030399185171,0.9493511685516978,11.476049485284388,5,16.112943579100115,0.2907838592839395,2.3728377447613354,1.0,0.8090419794113756,0.6427612486730098,1,HIGH
55.25575799339345,0.4879416992105396,3.5834145077073813,0.5581189119651754,0.7590452545046211,5.5871012922432515,59.56673262001723,0.12503685758737382,0.08891384363982406,1.0136741801830076,10.48404171482491,7,57.60082582232197,0.1460235015565291,-2.8886392325491754,0.6054029678483381,0.9093616685929964,0.369243492903875,0,MEDIUM
44.943126221060055,0.6663531937407441,4.854706221510609,0.5924333895053958,0.7996676404647458,1.801337341891104,35.7083954122003,0.187532237817776,0.5931872522147023,1.301466683903954,14.023686943351874,11,27.595825487859152,0.19903267433919672,2.0556718168029118,0.6336751361732533,1.0,0.2947733842477316,0,LOW
39.52418273200163,0.6502064290902755,6.910330820163918,0.4920743352289147,0.5812119209869927,5.698216130629355,38.51970399652988,0.19625595719061048,0.17495776447585543,0.8205146678202385,15.689086787226476,8,29.398180337553338,0.295189603531562,4.613825950946799,0.9532853330646487,1.0,0.7205949876700263,1,HIGH
86.48583438341817,0.05116921625302301,2.7656755777664475,1.1544817815085493,0.9503852291340831,3.6254969621627184,86.38001199994214,0.35897159093842246,0.19100300459083916,0.5,11.238176685512677,11,69.73763878710898,0.40504037419717603,-6.340247278986975,0.10000676442538689,1.0,0.5058755762945818,0,MEDIUM
11.854988725916607,0.9904551409578302,11.865281395770943,0.15393178667040658,0.8472905201568272,2.3103908479946673,9.74560294466143,0.23101435538324966,0.23736233676264004,0.8426270570976913,16.619580026044186,7,8.771481537726835,0.39504693085436643,11.599292362761807,0.7242917902436743,1.0,0.6814374808608207,1,HIGH
66.42212332492508,0.4670279318298121,1.6269672717448829,0.7128737990133697,0.9813574374991108,1.186857447782661,59.11592894717025,0.2788097238954231,0.4920630210762589,0.7581825072657216,5.903343893180464,6,48.28711025534256,0.3192894894203078,-5.742423918484529,0.2614778096662399,0.6561337557272187,0.341377864691521,0,MEDIUM
91.88852690815179,0.3332792696794489,2.034375149796628,1.1827884462050835,0.7821447706624176,8.402802506905333,67.90705828574188,0.2210342720936093,0.5456076269377217,1.1936028928997857,5.916690712933708,4,70.4607038350531,0.3201059772826363,-8.329826733873293,0.493422478846098,0.5166676285173484,0.42931036021473673,0,MEDIUM
57.61429559425657,0.3339775213982665,6.404158884032835,0.5941348354520453,0.9144838678037468,3.5372007193171555,44.31910099644079,0.2547135827798352,1.6415312141147689,0.9648541408350634,17.503996953012013,9,44.888879182553424,0.20682060075142136,1.4280482355916548,0.29526295899351307,1.0,0.41087516150966547,0,MEDIUM
89.62990927281281,0.12313146832389386,3.2614685471868103,0.9539276122551247,0.8670923611332572,6.450227104957063,64.94836067032001,0.45586637311921463,1.781330344435309,1.1654902168098866,5.038044387084376,2,56.665985429753796,0.161474055048019,-4.790204521199089,0.2609271924620612,0.34152177548337503,0.6104121559863054,1,HIGH
14.44191973931202,0.6890129063517609,20.135131681648463,0.13776910619154378,0.6687412037722301,4.033272080261599,13.345289839593407,0.1986585910410176,0.7067959589533644,1.006378316427267,21.9231963963212,6,13.703343880105376,0.2680820847978209,17.248822000661413,0.8413946475175353,1.0,0.8658224629804481,1,CRITICAL
45.59743212130372,0.5882776112972996,2.1451172341354066,0.6235623517186725,0.6702841706086162,5.83090029891083,43.3223554915406,0.08647061800305675,0.26436494984449305,1.0017352083651139,11.40798108881149,10,30.810690081796835,0.3303709608926208,-2.5065698169583395,0.7887125497357255,1.0,0.4621025887746629,0,MEDIUM
32.11341223177435,0.6350098538289146,8.401646339576246,0.3357462649344995,0.7824057617377317,2.07306227044133,34.24727889680559,0.21317854824578963,1.3649220223995435,1.0327889906653385,16.335054761456128,6,19.860851176916835,0.27812327550941085,4.847393911647065,0.6438962843078597,1.0,0.5319176329431388,0,MEDIUM
72.11978202336203,0.4326778433523759,2.051269593474535,0.8368139317334108,0.6690727618339352,2.310860059441991,66.1247475597742,0.06555522803273862,1.2595732548931737,1.2960048571599374,12.230206012827866,11,62.43197653979574,0.35420346867703933,-7.986929735624329,0.7127297789252852,1.0,0.5157095734244205,0,MEDIUM
93.41025269226597,0.05,1.309064415182746,1.0234647699358348,0.785390478741686,5.158490853926515,75.12468648525116,0.13710214772726012,1.2794056615687166,1.0373055148854564,3.9952466626814016,4,84.15022687169271,0.25086514846988944,-8.82190498230245,0.34691428188747103,0.43980986650725606,0.2059049255988909,0,LOW
31.805055307761062,0.5468148038850085,11.438152416612194,0.43889833260301647,0.8888916400403054,1.021851057734807,23.02016249090444,0.5369776911456123,0.013202409752691956,1.2218339699560197,14.769077836055516,3,29.964357574708263,0.05,8.479758564528401,0.4400699418820461,0.8007631134422206,0.7700960870143145,1,CRITICAL
65.60484112529633,0.3062504894908351,3.737004041920738,0.700347808270574,0.8547392865314467,3.3118511709794993,69.14627055933329,0.3553707784774435,1.1214963787160588,1.2090327736834356,15.082463148776556,11,41.95448901836773,0.19345339493459568,-3.9070424163228106,0.3710163149482475,1.0,0.6306424993249277,1,HIGH
26.838298784577912,0.5735779904568499,6.9399871920437555,0.34601891592533507,0.8255013918760766,3.9325569625611294,23.927503623982446,0.38389018525237795,1.532332844878416,0.9673416837168355,12.188570998676967,3,18.176942207159705,0.17514341915362686,2.999543320927426,0.54853690741431,0.6975428399470787,0.43231539115186657,0,MEDIUM
58.05307163858684,0.47955723997471644,2.617934519538437,0.7707753212753233,0.6907904687316768,5.388099458173021,57.758672656530976,0.14315462649542626,0.7431623245475973,0.9852130966395876,4.643713772083734,2,39.59468153360868,0.06732473168675263,-3.2017886911764726,0.7035929168898429,0.32574855088334936,0.3195178444020587,0,MEDIUM
49.43426136850858,0.34045074261440855,3.024583626198559,0.5525777795680504,0.8285906724968566,1.165147034948159,34.8936548488971,0.11633925546540133,1.1130268626751303,0.9244394668333445,5.719355258740131,3,42.86633266895886,0.5044773742668858,-1.9148181250295955,0.4273393625619194,0.4387742103496053,0.26145760286269876,0,LOW
92.62045301868065,0.07607207630784622,0.5601506539481581,1.0087163010357605,0.633678669276154,7.358400341425428,82.91897637436809,0.2091755572194697,1.1974954943005647,1.2566354451556887,4.137800064441711,4,92.65515198647726,0.33668266765013344,-8.425164446324288,0.5875180342396921,0.44551200257766843,0.2586605386044339,0,LOW
61.72481817919966,0.21652687261950768,4.590566691608137,0.7862957378194112,0.8397023984846705,2.3713910851819957,51.2494406021614,0.2781575196707089,0.5651211543509095,0.8117875966964001,15.336433069703066,10,56.65672744512526,0.0743967020055573,-1.578253900658946,0.348709838582748,1.0,0.5427404744195211,0,MEDIUM
39.7080416273796,0.5772957593632727,1.9926789141874766,0.5386189325837536,0.6629093067889812,1.535779194376838,28.277387313390214,0.24690286897863373,1.343977217120949,0.8554016543778051,4.425047470829389,4,29.44821198702579,0.30091592364799,-0.8678416636697464,0.7942839194981646,0.4570018988331756,0.3504221847823388,0,MEDIUM
19.698141715474335,0.9344888353096193,5.403161197525295,0.251637036757097,0.8881950443408144,5.747567280031316,19.900424352253264,0.16356117526468167,1.2572936717866061,0.9447511929650243,12.02701963825698,10,19.381436637199254,0.577253033352682,4.540770476742594,0.6349518511435881,1.0,0.5577377277979751,1,HIGH
22.855980442469438,0.8002920268901692,10.869347005843569,0.23165980283190915,0.8161749990576549,1.0955393178572606,20.688334368707277,0.14350690495262178,1.982545277832388,0.7703695339697295,18.80384774913573,7,20.60254359912616,0.483328215149407,9.840798515930413,0.6758835148586022,1.0,0.6798850154238006,1,HIGH
29.151939045854984,0.6394011211442555,0.8961634219906601,0.3918469179490185,0.6393907583554452,1.0917438846704053,24.291497386082728,0.2225019116938683,2.034438533261186,0.8817410432581922,3.8609773805495475,4,26.522468256675474,0.3594085913040123,-0.3371133518757228,0.8606144230389599,0.43443909522198193,0.49196599102771493,0,MEDIUM
31.33216621392533,0.68418205874562,30.51201535389007,0.3427083620533339,0.5785633793904695,4.147123200512146,32.031481162834,0.4040528630056376,0.6035323987237466,1.227213238449471,35.56753490080551,9,32.29757489853042,0.41715292087117845,28.852949376375566,0.9742459602871058,1.0,0.8691489309067394,1,CRITICAL
82.30236491649671,0.17841770059858855,1.5676131714338997,0.9778465008672995,0.9508434070221834,3.195980880098794,72.3247982511128,0.3120221584434138,0.025600348705799192,1.1302811296346875,8.911144570264195,8,84.57918482996189,0.42103449583470093,-7.713277886348941,0.16294373976601917,0.9164457828105679,0.4442628736639456,0,MEDIUM
57.70393700401462,0.4607710576273263,3.836561799197181,0.7592209760289339,0.8886568248305411,2.4905969914362176,40.47349424437793,0.3174476691806571,0.01543344189373988,0.9158519610296063,4.879673674008898,1,44.63703687761794,0.5110681182904475,-3.773561630075198,0.3974002915678515,0.26518694696035594,0.5448311112883876,0,MEDIUM
54.48822746682115,0.3457690562693224,5.297348633596429,0.5417205318997748,0.8961139378929814,2.834828826545316,58.726270188776766,0.09996039603113335,2.2365444185242325,1.1605657823838385,14.044791207481515,10,48.283421347592,0.11264017306971774,0.8385431830352004,0.32871362129518905,1.0,0.39863252624643375,0,MEDIUM
19.755354108883484,0.8498518408189516,3.0637542587054027,0.2552895646415428,0.8647398997228459,1.3658125998762007,15.84918910716411,0.15299837348295203,0.3292200491472667,1.4163816137355838,3.2786667004563625,1,13.649154587657714,0.31176818887456714,3.11516132827892,0.627816070825207,0.2011466680182545,0.29442797118078823,0,LOW
83.11187393470198,0.05,2.0064188783755648,0.995747901934875,0.7386437903292701,5.196780916192713,85.79058698748247,0.17771783406822145,0.37925199224971573,1.0626223785723945,7.454044419649017,6,65.27278405611837,0.35644178206624083,-7.314205932281544,0.4170343145060949,0.7181617767859607,0.2779941814061867,0,LOW
71.43921577272111,0.23521707808368408,7.562945662874219,0.9620510735008871,0.7307637290373004,4.043834534966287,73.3370809543252,0.3575164736560578,0.5077638064482398,1.2840718918866532,8.829646353893729,4,51.65311348461053,0.26175852231210106,1.625363322255538,0.5214629454858914,0.6331858541557491,0.5408968696098179,0,MEDIUM
15.751810761500135,0.803419984988875,10.65116741687003,0.1553105229855943,0.7993246656294881,0.7954852744229773,12.049340908808116,0.22824493206446517,0.24717795366528428,1.1703177633594073,22.445812712754503,10,12.055084887534726,0.05,11.683415206713013,0.7027229940502053,1.0,0.6444095264391868,1,HIGH
70.16598326453034,0.3490063134403957,2.9316348835160815,0.7790817634002678,0.704203131346982,4.742063764877734,62.41973396415465,0.1044185715408485,0.7140870889275073,0.9411126063028701,9.185969134610968,6,63.42533818377892,0.35706524276020596,-4.285318303198915,0.6181984596997249,0.7874387653844388,0.35367142715634153,0,MEDIUM
56.200748474124914,0.43980298347290037,4.261976160973233,0.7398387621702311,0.8961434481225431,3.9336662648135308,40.24420900369166,0.29583420851113584,1.2282825497979726,1.039459593942824,14.225146121903956,9,39.03762043229381,0.07676762051370388,-3.346815732403517,0.37568631955263554,1.0,0.4480068721014954,0,MEDIUM
16.94665438847615,0.7180884118067354,6.870384206165888,0.15414945465520224,0.6882862975992449,1.440170416193808,14.266043937252032,0.1879440091914325,0.238015318080177,1.105256493394886,16.92419943434244,10,11.543180432177428,0.05,7.280324065875636,0.8266147595045004,1.0,0.4987079376654681,0,MEDIUM
48.955554529935796,0.4316450046352808,6.915949836982907,0.4680643914145659,0.8442440177294667,0.20195761069144633,48.58307802167939,0.3633420277547446,1.0871340636669498,0.8510060512655774,10.904506316827685,5,37.73015757585477,0.07926728327674314,2.9685660272901706,0.4494564757234404,0.7861802526731074,0.42708847037983794,0,MEDIUM
51.199184406053995,0.5039025567032526,7.100559655335355,0.7143733146252568,0.6681892403206074,2.236406856872394,40.694534491128074,0.3383863188361776,0.8918400287154843,0.5,17.917193586428787,8,32.9805726530381,0.40702284937634287,2.291262745476698,0.7496674178707151,1.0,0.5206250303083464,0,MEDIUM
24.09083591387844,0.7527662535120511,9.003730783677105,0.2505921739630403,0.6835896085538415,3.722592218114452,17.99226904389295,0.24732541078397394,0.596535658182055,0.833184887424192,13.448451672912865,2,23.277822845292434,0.07114981055786404,7.724561034195727,0.8509987139252633,0.6779380669165146,0.6999329453287361,1,HIGH
90.384342495024,0.05,1.8630754321855503,1.2543282331563927,0.7404611114593384,0.9082554608961493,81.60345123251784,0.12540496359088704,0.3149582090203187,0.568371810309586,8.318530101664148,8,93.21557476445153,0.22949627692834035,-7.546521887922901,0.4143083328109925,0.892741204066566,0.33281901607262426,0,MEDIUM
82.24790657585626,0.13905423108047898,3.2592904162071417,0.8152953489552441,0.9639849767872971,4.033364781924726,75.23993699288712,0.2967359513626363,1.6494350874211916,0.8497093146717487,9.617073533265438,8,79.00746550368969,0.16495856779916057,-2.6244065708325692,0.12354965035929383,0.9446829413306176,0.4480630595358541,0,MEDIUM
66.8668986729742,0.38702445304300104,7.460150760514974,0.7225284157164957,0.658827644085788,3.5336705247868303,64.88306293944846,0.13053696299276232,0.41239730839640887,0.6585110907505096,8.946286404066566,2,56.11026325024341,0.28994805500409054,0.6796013861935868,0.7052707603928186,0.49785145616266263,0.4187631968963319,0,MEDIUM
49.29512268505161,0.46563336731994676,17.805918310967172,0.6292200623286152,0.9496861150809138,3.7742365894290875,49.47530122493107,0.4991344631725264,0.3755717469294104,1.176021740815007,17.487447146105403,7,44.53131535257436,0.2536126824030875,10.070146450311372,0.30828751103860264,1.0,0.5425925768605457,0,MEDIUM
45.000071034683224,0.5429519901308419,5.115557792433767,0.5530010145661431,0.47665343247599623,3.587578796932597,44.024641057685905,0.2688047774989881,0.8203731494242666,0.7634804998532572,10.091392901517255,8,43.313030632678085,0.11580693516692207,0.02707110295548598,1.0,0.9636557160606902,0.482772973244311,0,MEDIUM
65.3327447078311,0.5202674799681325,2.4363796682037244,0.7778263093633154,0.7618827845471146,0.18533656651060168,67.82616128644625,0.4472777578938747,2.023906386300079,1.1088216177906438,7.3241006912140225,7,41.20554366088628,0.11512677808565153,-6.9597694834270065,0.6173095631633945,0.782964027648561,0.30169642269506586,0,MEDIUM
56.361708899586965,0.32248830005341655,2.124926313812579,0.6565854955605471,0.6263194991981387,5.09799299895402,44.47855193039108,0.17997467467345188,0.5674503866536736,1.1533204126346945,6.871007505145636,6,44.42180773796994,0.6602744904336514,-3.4157385992486353,0.7217649012295002,0.6948403002058254,0.3094911134937933,0,MEDIUM
15.293213999960276,0.6989204414744246,9.717644030417404,0.20213350200557403,0.37415822930066456,5.309621715841148,14.190675711952167,0.21040441731381315,1.026097326249815,1.140301754738037,13.757710494974459,3,10.165417621443034,0.550270617551706,11.447508881276288,1.0,0.7603084197989785,0.5951508699625492,1,HIGH
53.5627251454782,0.5270599217291065,0.9370902645051556,0.5449869527811544,0.45706229162894313,4.601609959132934,45.20898306412321,0.23279550354452744,0.48834444678744937,0.6263327631870859,9.528209105656803,11,34.32483375190862,0.5023085477463624,-6.172353167544509,1.0,1.0,0.5556800819917299,1,HIGH
78.54430746479136,0.1602654804485581,4.97741604767271,0.880666629853173,0.5267840479321624,1.2154161923278994,85.2083947389588,0.4024439421593216,0.19754709915450921,1.2245288790804385,16.731719143978175,11,73.95244047559954,0.2991536959854197,-3.6375138319644145,0.7899566683260355,1.0,0.5133944064315116,0,MEDIUM
49.035389595741435,0.4841871018231761,7.311334179933688,0.4794318249088874,0.7379716447349132,2.5502124146935112,42.9604839016883,0.29836376199413756,0.10586781395768058,1.0840676732102945,7.362492520379431,3,48.35536111209237,0.10943063971795607,0.2134043590911241,0.6351360838092183,0.5044997008151773,0.4299912805608515,0,MEDIUM
14.416309092112815,0.7933443988283827,4.136435267480398,0.1727031730535192,0.7195521942804554,1.6741734060297122,15.625629444503229,0.24371076704231676,0.11724832127398276,1.160853148240487,13.574125752901288,8,9.193397440929303,0.40913307996632065,2.5340889667437896,0.8173439079935083,1.0,0.4411241893063453,0,MEDIUM
76.83364694764282,0.2108795192621708,3.9100379360454176,0.7877540317246007,0.6158265906750581,3.69441858034272,77.41960044076411,0.1451422726944075,0.017245115539888528,1.365975253840737,5.895270642234645,4,52.282286075620995,0.41000949403447395,-3.445837188567316,0.6816998736184983,0.5158108256893859,0.39637335197914203,0,MEDIUM
27.115921481557823,0.856723834152129,4.764717397307322,0.28930546935390256,0.6696544663952575,1.7266499181877735,26.773868905567134,0.21181060712817706,0.6439824710181122,1.1588664274213467,15.97422837502491,10,18.96404889500294,0.05,-0.8886293335715236,0.9238802174831783,1.0,0.38643182888514505,0,MEDIUM
31.982770965483297,0.7443425670346165,1.5365299329654654,0.3632044573748005,0.6917732914128291,3.2548245624870504,28.676567521173748,0.25765307425822587,0.11242729336411311,0.7634694738101107,7.802621146056935,8,31.5231431716695,0.17944170413306776,-0.6120696691795211,0.8345113463980647,0.8721048458422774,0.5913795097186382,1,HIGH
24.00004004174515,0.8289774805335066,8.656478693196174,0.21921283601978656,0.8843574467516727,6.725495846092851,21.05646521952909,0.37347425236122045,1.6061334577195663,1.1306566881697644,23.44398999988322,10,24.26658530650479,0.20838933982086863,5.908483078901109,0.5879525701392443,1.0,0.6325543965329841,1,HIGH
38.06828051407729,0.5060190303958154,7.158213169786192,0.3601141202992941,0.9003418877922559,1.6572256612236265,34.665710002505975,0.32559740721459685,3.2548256557544755,0.6992766212442063,13.573058757442023,6,35.94554690591874,0.176236531296814,3.0651216132543553,0.4024966835095239,0.962922350297681,0.5947627817298777,1,HIGH
74.32387798353398,0.16466892124043075,2.3740449242616295,0.9238195003780969,0.7557336438801795,0.23410275603142205,60.75629376483948,0.24513384880310984,0.5479348656714691,0.9874068762324596,3.876582866109761,3,71.22974075673962,0.09101145372558521,-6.648991905529144,0.44873399479994613,0.36506331464439046,0.3865072222061105,0,MEDIUM
54.14779805783468,0.2313957266628191,16.721249710077192,0.6034690819643361,0.8257432135298006,5.438940706917294,57.49434726595528,0.3999496888763705,0.477795480689643,0.8993542400439676,23.70464515421599,10,40.83881721798253,0.2241712904801916,11.432414716495828,0.3770830430367086,1.0,0.6631020502473264,1,HIGH
27.414908302810566,0.661100451285274,5.695391329671134,0.3652748979117667,0.6171621211630374,5.006662512880378,27.90103664245198,0.08174367961344511,0.3422575054672141,1.0020301080723035,11.44275298623231,2,21.48620479773051,0.22778601810973087,5.371875198405328,0.9048070438980809,0.5977101194492924,0.5161858355403192,0,MEDIUM
84.61555664292347,0.23038068848161808,0.412448156512355,1.0554403011493554,0.5627894983222331,2.1854809634977097,86.35511217206435,0.25998258636999844,0.8129484040284052,0.6980915656423987,1.195784831251066,1,61.449523975097094,0.4852838425813717,-6.833639028209626,0.7710060967574595,0.11783139325004265,0.2820424316589965,0,LOW
84.76445767087998,0.19371114455106989,5.935807994212053,0.7663134786647134,0.5324507515765668,3.156997143731278,74.02153221220127,0.21755675944805744,0.7492500430899839,0.721124184726355,9.322963556148656,4,87.41513182753744,0.21429928492895037,-1.2526103213377406,0.7981794449106847,0.6529185422459463,0.47523555912231524,0,MEDIUM
83.99916612891059,0.14228727767472424,5.084756066841005,1.0150091027894763,0.6461400196313125,3.174230812147586,61.18798123963561,0.19174022997948872,0.336522435605272,0.9101295169961764,9.720233077350002,8,77.90463925958028,0.33837057673958104,-5.2703648635840645,0.6019336093903933,0.9488093230940002,0.38062034916829035,0,MEDIUM
30.29767796743084,0.6952391976282474,10.436977442555511,0.28687733075396693,0.9696945278406564,2.8395428243284253,29.486637219356297,0.353697313836021,0.3362599586277346,0.9554953785230715,12.634064151635702,4,22.83249936960499,0.1629042099504332,11.010779651913237,0.39307780705313916,0.7853625660654281,0.44873152066012933,0,MEDIUM
48.35534425538399,0.46133571404012763,1.9236230917183406,0.624009562044561,0.5899023902024298,5.7228285367726475,41.090700077500685,0.3813947006463452,0.8280680479338299,0.9148409842237228,8.152774938935803,8,31.96548840995826,0.37708288200080603,-3.6467235922361656,0.845814271716419,0.8861109975574322,0.6372330709872279,1,HIGH
93.72412077197438,0.07913950287239889,2.8694067500181615,1.3081580185605466,0.7745572631803931,2.0395067022804825,98.2390108314735,0.18578059853349443,0.6469293610092164,1.2900904996038423,10.586948209238322,8,64.45073828803478,0.12520483610981414,-5.58141115678866,0.3777338566656098,0.983477928369533,0.300309680397776,0,MEDIUM
75.62106048634918,0.3050596574949574,3.2973929445485237,0.881438625125208,0.7839932232249952,4.684867756354739,76.5387504419806,0.22608194011220367,1.0142558017357217,1.0847284248915254,12.779695869346925,11,52.317495156744805,0.30754693231556635,-4.0479419777149745,0.4765399939099859,1.0,0.5511877515975144,1,HIGH
12.309230804172584,0.7476367489654363,5.577576876253463,0.152805529518789,0.9762415039680227,3.5043845454449944,9.332012619758197,0.10768043182424715,2.2695120291073296,1.0792382919518764,5.224185386126128,1,10.791071781494887,0.3181673346168151,4.578909164191849,0.40945611853068414,0.2789674154450451,0.3390495185461729,0,MEDIUM
15.542390257141825,0.8685479124555696,15.214777072216926,0.1583236588251383,0.9542980079281632,2.238415488022542,14.620513463155591,0.2167341801398186,1.2098183303689658,0.9235375317275973,28.45470711808445,6,15.640779083810882,0.13250841004492078,14.991959255156608,0.50282694433554,1.0,0.7252171900705298,1,HIGH
49.43416702904828,0.5802531193858905,4.668518010353726,0.553068903042733,0.9344697625633523,4.475217202354623,48.29152445398087,0.23561782552217544,0.29032195919396675,0.7216336320638996,15.026974363214151,11,48.98456266737358,0.17105504553681913,1.337261542636171,0.38842191584791674,1.0,0.4135092068766519,0,MEDIUM
87.28371749823262,0.09395480190060428,1.9882890346114017,1.159169373136474,0.6549879703268942,6.104244053056484,80.9342662557705,0.07331902673066296,1.1387731990849648,0.9991758430318054,9.833503051567691,10,55.10857273177906,0.553166620826801,-9.110419411209378,0.5644954454599609,1.0,0.44936272878285377,0,MEDIUM
55.78965282598071,0.4981595207098396,3.0670261045657092,0.5488092160831547,0.7737597133032849,4.284616593363549,50.52405079643196,0.19911271378616321,0.47830527749050067,1.3614539932299892,9.063835995878891,8,51.27490575821008,0.15952135628656358,-4.643843754843905,0.5884401903999925,0.9225534398351557,0.4102548100716878,0,MEDIUM
52.314063182914666,0.7020317237286576,1.7147571471574712,0.5402828008931913,0.51066377217859,2.3560138482462833,41.38802154920588,0.26455956866170555,1.2028250432053564,1.0448759255768307,9.332045552146923,8,35.33599260947083,0.35964216736356147,-3.707819020575055,1.0,0.933281822085877,0.4978808487009895,0,MEDIUM
18.9652644963136,0.8019999315979126,6.635449125241124,0.21292621780364557,0.6117771794709578,4.929768782810392,15.065299427794907,0.2994528002151037,1.7412644589275637,1.2226384854470453,9.853854855776206,1,14.027872812887036,0.11010789450374606,5.49344159633561,0.9833341965925195,0.46415419423104826,0.5240875149203765,0,MEDIUM
65.826308901565,0.3732014749847759,9.74010372333968,0.826860357960692,0.7109019268684109,2.283233635150948,66.3004726203758,0.1931184804953906,0.2300809663156883,1.2478781774099048,21.68124964702631,8,55.604339599119925,0.07249210702901217,3.2375813049114637,0.6202478471897716,1.0,0.3880150671927387,0,MEDIUM
79.87876865101917,0.14216774679689695,2.4000369250383526,0.8690346551829414,0.8420423084010528,3.943774753699421,56.51230487858083,0.36897924251682707,0.21812444286332278,1.1119082517896026,9.289522355827764,9,78.15444076630469,0.5526552080589692,-6.98294627327031,0.3080204107968693,1.0,0.2951685340635114,0,LOW
42.3357006381428,0.591143086626736,6.044121009902356,0.5774022860894601,0.8350017290949583,3.264968449181335,42.82527174219609,0.17901002664674756,0.4533877252307592,1.044054794346807,16.696542847896655,11,29.911674576692757,0.5961916214656715,3.0349953273424406,0.5430689496709306,1.0,0.506420781924986,0,MEDIUM
75.92700732865283,0.277551656712056,2.847470387807045,0.7192022720774903,0.9122738442751205,5.813907443633591,69.1482057420299,0.06126064843591923,0.04232736248408876,0.8024537038580657,6.691254248269588,6,75.4124974399735,0.09329274764270658,-2.4296901959028263,0.2703650619433473,0.6876501699307835,0.5525379506864557,1,HIGH
91.98051558156898,0.09578223140592126,2.363353279068545,0.9983584465840459,0.9314469087903418,1.3217807482400876,98.8320578132988,0.17365376501018828,0.9258900796386911,0.9583105716910453,8.704653122002984,7,85.60014908101085,0.2774983915515725,-7.03029418437616,0.150720752517448,0.8381861248801195,0.27650512426981405,0,LOW
27.320149025853574,0.6452228841647557,10.197880845498636,0.3427250027554715,0.6714687484455737,4.603926410391125,30.022893642291578,0.43077466659518443,1.10807951493713,0.9278209527624808,13.41006153015513,6,24.681525941425384,0.4827993990256668,8.226467316300582,0.8154083194140174,0.9564024612062052,0.7326698464439998,1,HIGH
54.48301865155301,0.471678755190506,1.6535746388127246,0.5519093737066733,0.7703278436969371,2.7425977898696567,52.59756983042674,0.17463483898848134,0.33902140446342066,1.0659991114892295,6.319818635270253,5,35.94828510766159,0.3908487824357477,-6.155662799753189,0.5803476120498474,0.6027927454108102,0.4792055407603288,0,MEDIUM
34.40672643718892,0.7729084107255217,1.2618865899465896,0.42258567363079097,0.7341006605608715,4.187689692529096,29.758476710102908,0.09590471252581878,0.5008174861098311,0.7171866785069629,2.968375041563604,1,27.98648832504068,0.25588510606260884,-2.717709072268885,0.7853032145214536,0.18873500166254417,0.48352427817088456,0,MEDIUM
77.39262561787635,0.26196460498239876,6.68142351752272,0.7600795384018642,0.7218448682159738,1.6734699221443639,68.88209627554002,0.2511018456113171,0.7139745779275377,0.8925418608696426,9.28665498114108,2,56.01740240495904,0.5001815315965191,-0.06392471863819793,0.5482150001672387,0.5114661992456433,0.3368290043100373,0,MEDIUM
59.095436099898386,0.4860046141267634,2.6490887807305286,0.548399821633575,0.6990858143744103,4.07719739273299,46.19408517208611,0.1132403036716975,0.06115747764264606,1.0808031780232814,10.56027964851323,10,51.09771493492955,0.06638904559612953,-3.0844804410740463,0.6943735855017662,1.0,0.4634477965797771,0,MEDIUM
63.93950549177582,0.3416439874812316,2.834044065152608,0.6141439748541895,0.7815468147025803,3.7938842059562368,47.29565128577346,0.3526378247319702,0.9938869201159038,0.8595770360801326,3.7196400665169183,2,57.745028701679786,0.26635829704456954,-4.763113803516093,0.4985017716867454,0.28878560266067677,0.47577495635857886,0,MEDIUM
77.822703567351,0.2817649834803868,14.063919803343788,1.0622739826061338,0.5067973237833158,3.7138132901568133,72.4922652941802,0.512190370261244,0.5984234976610082,0.8168780492432599,28.555729767283317,11,48.98280367077917,0.12125268511647691,5.799213828190812,0.8806865060652198,1.0,0.7250299218977359,1,HIGH
43.65749017630866,0.5857665252942355,8.466370862047665,0.5133577053452933,0.4610966536645408,6.501302172012833,44.62660085403273,0.4623502118901912,0.7830911504822236,0.8417169889038958,18.214861259068293,9,38.85010810659279,0.10689396361139329,5.39372942498986,1.0,1.0,0.6849368759724557,1,HIGH
87.78265581459867,0.05,1.281164253616642,1.1395706379230863,0.8556687942549593,2.8649857251621107,70.63928312206289,0.01806064526387667,1.029392611271489,0.9455181241801975,6.405919963863772,6,72.34624028590747,0.363443229829374,-7.948875728919557,0.24149680861756098,0.676236798554551,0.294252122629579,0,LOW
55.307453715921895,0.472407143224691,9.324721139660241,0.5897584505042932,0.5574890403283014,2.3301873376335744,47.999188952905826,0.07274631800971676,0.900520622844582,0.5238616824468547,18.467979746800374,3,54.05812686469301,0.12811159729121105,2.9733547240574665,0.8999700111198935,0.9487191898720151,0.6138697502971873,1,HIGH
23.42615994100458,0.6864026675147292,10.33938206301887,0.2802540208479612,0.7213331256345678,2.565716881221885,21.596798571440942,0.33907124146264395,0.08014059603739003,0.8507681974677596,20.739855084984725,3,22.41809874948016,0.27815065387880994,8.602525448515754,0.761201645305513,1.0,0.7114594631835057,1,HIGH
69.1514250443482,0.2578553275657346,0.05035114663415275,0.7934960522713385,0.8956772989592401,5.831175339114835,73.51896874927837,0.21301161304336205,1.2207838852398776,1.1905506423353829,8.07353183515666,10,54.34178086880752,0.5490315268628218,-6.9634040752790005,0.28541171534400717,1.0,0.2251997022501778,0,LOW
77.42721478725163,0.24087411671087364,3.6314218651663754,1.062974213660757,0.8161116150854157,3.620615040771664,58.492582287240296,0.3936898125552492,0.7533823900730922,1.0647757160813076,11.03291730551394,10,80.46949297631691,0.41427103685752714,-2.5824531372994106,0.3962696357273132,1.0,0.4788961368207338,0,MEDIUM
36.924742550739765,0.6545321163630122,2.072378711587127,0.47034268782546285,0.5409714113530669,4.880314119372585,29.34605979349633,0.031195428622212053,1.0038784702970538,1.084007715646004,5.197890053118943,2,31.90699252184421,0.30301456211025396,-2.41636397689314,1.0,0.34791560212475775,0.2911049311371458,0,LOW
82.860236844894,0.07625903434488958,2.773229614363593,1.0484068089595395,0.6469457068721393,5.027441618267682,88.44602610511285,0.09192334320197747,0.2425092102765139,0.6344617668172268,8.411810767562091,7,85.64768090908481,0.5225642826644724,-4.90100349767221,0.5677109568642359,0.8264724307024838,0.36511954908203254,0,MEDIUM
87.02217665509015,0.21409709514372866,10.73500167862662,0.8033684019020656,0.3542870925070081,2.2346791022214645,62.29171300723164,0.2473739037759193,0.20023424284328784,0.9171602043888248,8.26067502084117,1,80.37966890852319,0.5427647470112513,0.16076181904448528,1.0,0.4004270008336468,0.5399456475127253,0,MEDIUM
33.536881427113755,0.7103916879929003,9.939665275470759,0.3940029654113121,0.9494764696778057,6.13458680117356,32.277445887756045,0.1673031825072469,1.3993843623815192,0.976824189487746,9.639361694199705,1,26.27272337929651,0.3096432333908772,6.797160315365719,0.43098113947974154,0.4555744677679882,0.5409730595725952,0,MEDIUM
93.59932518079387,0.05,4.963022813856263,1.0609443513791832,0.7222672750586688,3.0609185612941885,89.4632040684963,0.25852569441564205,0.3959476267727946,1.092872321962588,15.923226339919978,10,66.0062707805788,0.558387588698785,-2.2770842191984775,0.44159908741199677,1.0,0.41769480238561707,0,MEDIUM
21.960479884144466,0.6573884174426213,5.1130366163661956,0.29952362611462185,0.8998521513696962,2.25746109934334,18.738916431019966,0.07524240351796294,0.6851858083532562,1.2221711035790968,6.718050274530841,3,17.77555807971268,0.8318411974611376,-0.35410900570450154,0.47891598166676635,0.4787220109812336,0.597090260319518,1,HIGH
27.171331814211648,0.716694315531369,11.540784657823602,0.27950360908203836,0.6858943369105831,1.432708353753014,24.10819540474667,0.25076869345630914,0.6416475924201248,1.1909451831600424,13.19573607721113,1,27.74795336673217,0.43046664944046326,9.484728670898434,0.8295056523998099,0.5978294430884452,0.5412754831018239,0,MEDIUM
25.65911133523222,0.707733389538785,3.0992026498269447,0.2655504351169219,0.9549627309132338,3.3892610004929242,26.73595189447391,0.36942675445328704,0.7039030571058322,0.8829250066054143,11.676702471579667,11,16.89914409971074,0.5879668436711917,-0.0023449608874772654,0.42142259839954177,1.0,0.4475524578351207,0,MEDIUM
85.98912535066898,0.14915998305755201,3.1342864387773277,0.9507586489440149,0.9011607097037856,1.8213913095255982,65.86705307576356,0.11970482549569349,0.05763208837140167,0.8875035590883914,4.4604206855275805,3,69.40548777568743,0.309131997460972,-5.534058950330274,0.22283892697309762,0.3884168274211033,0.37443245022799,0,MEDIUM
65.61486694762175,0.31480199763133715,6.829168867581509,0.6703771593497968,0.7538081903819662,6.092346764770027,52.00811457400246,0.16612938624955578,0.28817198555053863,1.2824031978122665,15.900791035642587,9,49.61117148892867,0.09759613945531734,-0.2603820238413591,0.5266887132427193,1.0,0.3378747931887828,0,MEDIUM
22.928864073893195,0.6101148104014673,10.324989748623544,0.2211699791248878,0.7970075233823375,3.2586088444874903,20.74925002856864,0.3402811523238388,0.05503477551202625,0.9279858835426112,19.585285555758983,7,22.70583651465926,0.12000624544657916,8.082876993985309,0.6095461201272274,1.0,0.6331451307470101,1,HIGH
47.42749056130966,0.49465733932281075,1.1866441524217717,0.630172587785075,0.8616112057265997,3.0566661217389695,40.97252226566627,0.2615207392268967,0.5233888665256073,0.7834810597825894,9.038558766624387,9,45.61700053257711,0.48501094458086197,-2.801657334548606,0.4549118610715059,0.9915423506649756,0.4213712033074007,0,MEDIUM
62.30033213093317,0.3525471498052033,13.232337386207554,0.7346070536347333,0.37384259463407604,1.3325587898020612,57.92367143722864,0.29175532401544924,1.8590362004381096,0.9585736283993913,20.12371577472555,7,52.85947895763334,0.05,4.972399658681687,1.0,1.0,0.7086440369395065,1,HIGH
17.09444722409758,0.8797484097409489,2.7828701635485067,0.22747262271691931,0.43682042112786085,5.281697693456233,18.26260780429285,0.11602288270340022,0.39435737103089313,1.2698719578571638,10.941687358933113,11,13.4495806574299,0.26308941761612475,1.9046693181045844,1.0,1.0,0.3886589067340144,0,MEDIUM
85.0053913146238,0.09409011288487812,14.007714547203427,1.1183032016732601,0.8525230894557878,2.6899028453103613,90.687220277531,0.1941909713928172,1.2202603509781857,0.8190257646319794,26.566883450129193,9,77.17478686455458,0.22923379907436944,7.912252256866762,0.26826042225875735,1.0,0.6576658798360049,1,HIGH
78.30630051253048,0.3512309687445005,5.842610368945768,0.8151851715698829,0.7496124684562093,2.0738666992309063,62.01916445201753,0.0645583979743393,0.27089555418258127,0.9142240280452612,18.54593119522072,11,80.56833948105167,0.2960093850534135,-2.350530164071018,0.5511967816879363,1.0,0.4512426808797795,0,MEDIUM
52.94257575401425,0.3176429984077169,7.6218932831078785,0.6214763374833684,0.493074813758472,2.4850068374064107,43.45832864957679,0.08173336527291039,1.5518314590728823,0.8272978201714835,8.069054755481808,3,34.175635674201324,0.2941164620654051,1.4607013321983586,0.9192092785661505,0.5327621902192723,0.5571948331706483,1,HIGH
92.20576229702948,0.18283577685391517,1.2268545201224976,0.8682176192620443,0.7285697797996428,3.4395535243087774,70.52150012930741,0.10279471793280391,0.4350966666960783,1.1912788657451339,6.60496596694624,7,92.61813860371602,0.288374200158223,-8.293692961550308,0.49856321872749343,0.7541986386778496,0.4208919824529667,0,MEDIUM
45.509683238383474,0.5269576499459169,3.182492413619408,0.6178512657733187,0.7329314099023675,5.174474294098697,48.746156633646606,0.37009927601884635,0.3510736780308994,1.0575708126899332,7.966700059751535,6,33.331461392378664,0.1586265246373567,-0.9833929614474856,0.6640817101194072,0.7386680023900614,0.5171743888437725,0,MEDIUM
93.64937711810231,0.13227301860646146,7.723059506124649,1.0321391513525429,0.7866086861837964,5.971806500696406,80.45845517095023,0.3210556810104211,0.9564852646148156,1.1851760488720964,12.26056964566298,2,56.36733209648624,0.11000581278162899,-2.77579779804672,0.3862234800275361,0.6304227858265192,0.5838045386704085,1,HIGH
66.77319989830829,0.33865211974161574,10.835883447602713,0.7323938916948985,0.6061200152395106,1.4875806336127622,58.75254054266199,0.09737883467543287,0.5751943090649252,1.313003776311065,18.112693707089953,6,62.32949998953954,0.3488566166688808,5.028752786267086,0.7601460370115419,1.0,0.5065002420120396,0,MEDIUM
63.94705822658502,0.4516938606161873,3.428615795567821,0.6723251006058532,0.5915157140128038,6.012958852921518,65.29354745597267,0.04325364244129504,0.32917050193461184,0.6975796442045454,7.388094991776267,3,61.05609230639393,0.3246927594331214,-0.024277931311024403,0.838573359288888,0.5055237996710507,0.38353057636030324,0,MEDIUM
24.106166100141724,0.7279493818343579,4.796916180710263,0.2724796786328231,0.9698334874235198,8.299668839774785,21.820645766311777,0.10514560169808565,0.047878333879421836,0.8481697255280937,4.658538614390659,2,17.769654464294096,0.3668570263145491,4.896846434227123,0.4092244597818992,0.32634154457562636,0.6438709218800744,1,HIGH
84.96385945589473,0.06247177142682772,2.4175299414601366,0.8716269807788013,0.9232706962220375,7.216677873394611,63.544656803342896,0.14836837915638898,0.14583099672972585,0.9132956166414229,7.801685089101702,5,80.74126147520363,0.3346666849240216,-4.63257795453946,0.1463298413803576,0.6620674035640681,0.24977429553938174,0,LOW
46.33662347325229,0.6502741082491621,10.315779605413018,0.5038765543726625,0.8980886268257624,4.703444359680655,40.551008746354874,0.19354427166890792,1.18386437669958,1.0137676719247894,22.413450347411917,5,44.44183916332202,0.681274304243508,7.098471530107984,0.47800411388593744,1.0,0.48040926878984885,0,MEDIUM
23.789839491510747,0.7530231534143212,11.8655504405584,0.30926161486130715,0.8787599030185249,4.920811280089503,22.652913958112332,0.3161634977512663,2.0279336587620778,1.101179521559812,16.583770046047427,11,21.503320890534024,0.1841147893154786,11.246739294339507,0.5583717221793733,1.0,0.5541819140850271,1,HIGH
11.071639197939518,0.9070082859105416,8.606025500899337,0.14582763245440747,0.7997653326356664,2.7090400557408127,10.935276849567714,0.2157298225738748,0.1479447199207817,0.9017092744898659,11.879885138118592,2,6.835499577241594,0.2673095754858724,7.533297266328092,0.7538561440017713,0.6151954055247437,0.4567404986145784,0,MEDIUM
57.57923310926252,0.5229878220309584,4.703991366238815,0.6057860669189894,0.6861472845813148,8.168427955638304,55.16900908403605,0.1993845869217331,0.6741371432236776,0.8616116942756995,9.399054936014494,3,51.840792583242546,0.41185979002346684,-3.186027133848958,0.7322729841435069,0.5859621974405798,0.5159676027606598,0,MEDIUM
54.828967880427484,0.36915390182817037,3.7847363151385123,0.6220385966650264,0.6412805859059834,2.978214065345881,40.99409984700223,0.2650343168145125,0.027817014661950013,1.1913318864443636,10.834497023626927,8,55.90266284729219,0.39887414475562466,-0.2139909684764103,0.7226560720551102,0.9933798809450771,0.4594690661872528,0,MEDIUM
71.14505790137848,0.33618869279735575,16.408188864867807,0.9511453140064758,0.7694581237822256,1.0357662579280602,58.462584076806976,0.3094053878362458,0.27494318647799204,1.1092195040649915,25.51979467456699,5,62.54659743088226,0.0878264010237998,7.064571644415706,0.5139071607253396,1.0,0.5407321480394522,0,MEDIUM
85.67193450651318,0.09608907441783691,0.8023998785954207,0.7936105417323869,0.839028617464383,1.6563841957600114,85.1087150423921,0.2329292420476046,0.47650857159446325,1.0631763562698473,7.768181939521867,8,65.54892998939326,0.665220767634231,-8.600980544845324,0.289501611012344,0.8707272775808748,0.3837873565182951,0,MEDIUM
16.74955969465751,0.8219308546018751,4.55177936936014,0.2252099703426795,0.9253480130544713,4.161116227253393,17.62181106733397,0.0711861280676303,1.0650749271560838,0.5708482073104285,13.679766309761053,10,14.296865914561328,0.22089793837092941,3.6742077803277877,0.5229434077192305,1.0,0.4004142931094814,0,MEDIUM
72.1772016789308,0.2840103004414351,4.417819742170737,0.7286953787154413,0.620133586430705,1.252076812858907,51.88635453383334,0.20794633977702728,0.036088151785720106,1.2413352996938112,7.104971969692758,4,75.56344211812264,0.3180074663888936,-4.07740988570761,0.71180477057466,0.5641988787877104,0.4241458581020603,0,MEDIUM
25.930015248294488,0.6206820986013003,1.3081238306110081,0.3213428019798753,0.39890019361435436,6.041313282032475,18.589011240276694,0.06820585350633011,1.2157898440780441,1.0367938281971976,5.1443327441538305,4,21.072337042150515,0.4054513170971763,1.6221718719905214,1.0,0.48577330976615324,0.4231914561773991,0,MEDIUM
82.94504951835894,0.10824254139077584,1.863234001832609,0.9881043421833537,0.4732497812405382,2.121102681323153,79.40842288139724,0.37904632659166876,0.18116699670863678,0.9676041632087734,6.7573555174285564,6,81.17813866122685,0.14155054718313337,-7.061504683701875,0.8442465988345806,0.6902942206971423,0.39291831149384554,0,MEDIUM
79.62039867824078,0.3118818446106434,12.02671823657988,0.936710402185532,0.5457465593058376,2.045033987746675,73.18854039019136,0.16429834377459213,1.140133841839781,0.8361334716649668,19.330829395409452,10,52.73580709148964,0.4399572062381747,2.193317676538202,0.8373210833465652,1.0,0.4602804095171936,0,MEDIUM
55.96746917377127,0.5112206033490709,8.293332873829616,0.7441883070040347,0.43287695940618615,4.442227404275336,42.65480183017311,0.20229327424201077,0.785668431924559,0.8734171227888634,16.248130490795404,11,35.002973465752135,0.12555204910012968,3.1408549453693806,1.0,1.0,0.7755220169320899,1,CRITICAL
70.37063788298147,0.2912824549840065,2.2316151935740005,0.6690742236439164,0.9030862653741926,5.501262161791638,64.69289785804061,0.33753918368895264,0.33189838324770465,0.8218171820884106,5.5514999622561785,5,54.577111105479794,0.3332394444592644,-5.920673552016062,0.2910118294307144,0.5720599984902472,0.3712997224399094,0,MEDIUM
36.71975962061862,0.6522522804748453,3.1684827952462706,0.3941917649434441,0.8596697240210645,2.135338212412319,40.01700813710762,0.15457964045420575,1.0291635091956663,0.6004850250282314,9.448170704521141,5,24.30839500169146,0.2886684185909863,-1.1255524792552847,0.5366215542058259,0.7279268281808458,0.6029397983932208,1,HIGH
50.04927140928925,0.47596788545619095,1.3025035369650788,0.5851392316266256,0.6450359701932242,4.1195621800948805,47.66492853162691,0.05047260985360655,0.21568784728223173,0.836495639817829,8.86203237257751,9,37.47376074148605,0.11719432312482421,-2.903989544853241,0.7704299874382592,0.9844812949031005,0.3244077335616239,0,MEDIUM
79.83913630539008,0.3101353078123378,2.179909653095511,1.0424152337147186,0.9609854872323129,3.7745275335157022,70.23101220505865,0.05731308607256669,0.19849011968986188,0.6801924205833645,8.606385449822666,6,73.60709448692965,0.370600476945221,-4.625585405092873,0.2135894230576995,0.7642554179929066,0.3488416249884073,0,MEDIUM
49.03754175972318,0.49359637617923496,6.962691345007723,0.49440705954452413,0.6303657363208455,2.4149030532334015,50.558342805752055,0.1449618311496769,0.05098660333723636,0.9879065397568652,13.778058284989603,3,39.25306045122382,0.09524678836878933,2.89621096588648,0.8012495836083493,0.7611223313995841,0.4953433325387228,0,MEDIUM
40.41285255266256,0.6144188418441623,6.681597738190211,0.5259590994219198,0.930059037763238,0.48154713902696555,31.729302279884404,0.3429002164355771,0.39948290859899654,0.7698478265916164,13.051328071559622,11,30.089244449556894,0.28832602765685816,2.496604236627663,0.4121208642772242,1.0,0.5185141032772907,0,MEDIUM
52.00805801627549,0.5716018313686103,3.263544566399786,0.5719946290618839,0.4612254882463054,5.146624926945738,45.02496583224183,0.461456400988853,0.08225245529559613,1.1459868178223194,6.126558465050427,4,52.06925925092981,0.20309029650724453,-3.994769520757423,1.0,0.5250623386020171,0.4440082940360867,0,MEDIUM
80.40118645716356,0.1337984166406918,1.3762655416095813,0.799555169091809,0.6051567372568746,1.7144854278311423,73.25409639024971,0.09324000566838038,0.43509362997265033,0.6671358616296148,8.546584288512157,9,48.58185181081492,0.18716488020863148,-5.881233337269718,0.6591641024350341,0.9718633715404864,0.38590422286793674,0,MEDIUM
38.49268402652418,0.7397762944945097,4.430974431054998,0.4925112824007541,0.9070299565865292,1.4118345543599844,34.713316675961465,0.18504667455615784,0.007881558024637756,1.2389489898395878,10.063050154377825,6,37.19597159191018,0.20993910065450588,0.7269378883120027,0.509343212367461,0.8225220061751131,0.4986142643425891,0,MEDIUM
24.769735416538225,0.6298657330551477,4.920042752076232,0.23418532744473666,0.6632995462428054,6.433512724093851,26.463712546887216,0.33226825952325767,0.13481383374356842,1.1673229793219018,15.98008561912965,11,21.786739863217022,0.5887516050907485,2.6217752477550804,0.8199835471633659,1.0,0.44587002504008666,0,MEDIUM
70.52119172811636,0.4251594532078603,6.312964092056683,0.8162007689658137,0.6640653898504294,5.035596749041927,57.62055569122055,0.15783263730491032,2.1549858428293756,0.7867528560765977,15.344978331565223,8,43.786965464813676,0.22756773873789954,-1.70218458714594,0.716481641828286,1.0,0.6255407402927988,1,HIGH
80.20814808018696,0.16810447248197244,3.6888341105458156,0.7474901243753445,0.8117795833581404,4.168125000003396,57.95852717587601,0.46269844227545576,1.2699917030054981,0.9811465704493793,15.383559361786777,11,49.357635992506886,0.07930325367452691,-3.9829524857111163,0.36638286120377567,1.0,0.5473250293672811,0,MEDIUM
18.55418567450033,0.7950422434289741,6.546137818561442,0.20005288638202676,0.6705029261132694,1.8177850514329492,19.78898309232125,0.14642076252185315,0.21552130939426997,0.8291244323609743,16.78071908537083,7,12.567775485899912,0.09546975357034383,3.8107309621984884,0.8917667325445828,1.0,0.5659126562412968,1,HIGH
30.3892995842553,0.5449061904628115,12.72829585284112,0.3648352108490501,0.8714767245892628,2.1634788982756517,23.911123334110517,0.16893835767233772,1.0135073844789728,1.115719869101536,11.282006993011999,1,31.59978569836512,0.35150547818652406,10.067202600567308,0.4652380083475115,0.52128027972048,0.3371153249786368,0,MEDIUM
22.06761912968448,0.7429402313129397,17.00368609533046,0.2599693019753507,0.8539497215657583,4.078653766233742,18.79303137846471,0.3422202371567399,0.8832580335857694,1.359971364630702,28.547304626327655,1,14.091697760502807,0.7151734559687912,12.130672424632547,0.5905455333078324,1.0,0.7571217259560229,1,CRITICAL
39.575019984484165,0.5210652776730076,6.676079851555439,0.4362464111123923,0.8753065602281208,2.8010580401529017,36.106532649098185,0.08314304437722736,0.155766958785244,1.236212802221364,18.758651655516488,10,36.90311610646253,0.07863532367807956,5.082123785975725,0.4475727984943226,1.0,0.3026110554473214,0,MEDIUM
48.27983320696008,0.4685899603005214,6.230878861537199,0.5380903267964134,0.8319013894457989,1.3721630471867008,52.64202178407104,0.18258483182118113,0.37097365945819716,0.8624543756105258,13.636326322978668,7,37.692860983980616,0.28069058300282695,1.7167928229726732,0.4864428959815623,1.0,0.40591783078348076,0,MEDIUM
73.65023864188106,0.252512736318079,3.1186927807928027,0.7463603063819132,0.5119670046339605,1.4744843485485144,67.32422643468236,0.24215846062533014,1.9599937799652414,1.0229269229722058,4.736609464936409,2,52.03319716434136,0.4756890302283164,-4.846245284982521,0.8583058612080988,0.32946437859745636,0.3412001323135343,0,MEDIUM
65.3475447149423,0.42314788200840936,1.8409656005770574,0.7370819415935193,0.6670091404149318,4.379364411953041,57.44685159865676,0.2617237917809702,1.0737236385288218,1.304452464780578,8.765446972484973,9,56.11733620472877,0.05,-5.220356560219261,0.711060230381807,0.9806178788993991,0.3926703056544121,0,MEDIUM
62.77892823566665,0.38881898575538365,7.3703670835731865,0.8642319450089947,0.7629371907691216,3.494933912962888,58.60132905345143,0.1181798329094116,1.142857919814788,1.10485415314767,14.301286716413028,10,48.0688531998297,0.45816114201617436,3.0308571342747426,0.5500037067240094,1.0,0.4597858511548716,0,MEDIUM
39.951870461820626,0.6250954276538828,8.197439801301146,0.5294527581822626,0.7568579151279062,3.752261893503463,43.480550062589614,0.13555747589943434,0.6638813434181967,1.2020225459777196,15.441635551030629,9,29.547685352243953,0.185271701414244,2.6969920675901626,0.677260841135082,1.0,0.46092982442508246,0,MEDIUM
81.5230420122046,0.09712802877030907,2.9492750305063455,0.7929065045461603,0.8611298840570716,3.8659478995542544,83.73866216377408,0.2624716062055214,0.8761899090148886,1.1302457103514862,5.153097238571942,2,57.70445665802485,0.4045593110860647,-6.065357286494666,0.2568691882995472,0.34612388954287765,0.35347679510360797,0,MEDIUM
50.05940922884399,0.4289455805433417,5.444750409314211,0.4579887261578716,0.7858212949462928,6.433189014551651,38.424964493100234,0.1448664566735014,0.5686229264766368,1.0152516479247509,14.281361022686015,9,40.34877515839368,0.136422799235826,-1.3137959459216535,0.5357408478522316,1.0,0.5912456759711351,1,HIGH
93.22391973128813,0.21165880415522367,5.4328242493368135,1.2741492555610985,0.8940260586201819,4.175148299813158,95.20996267301503,0.27461894261897596,1.0804138204730795,0.986106893050298,12.578757292724896,9,63.0494105408656,0.19424462346996357,-3.688328367354341,0.26479031414733895,1.0,0.6948391435791418,1,HIGH
63.90208175513763,0.302163099667564,9.562358459706017,0.7434207637031278,0.6152073130050492,5.626853694336329,66.23064958209933,0.15361720224419406,1.055589668706935,0.7578192195832892,17.829100076875424,10,62.839802762315166,0.05,4.023738267522374,0.7282705803262083,1.0,0.384583910859465,0,MEDIUM
20.732503032982734,0.9251716298347563,0.3538032543132377,0.2423461487953239,0.8726500711270365,4.250738125646574,20.240679165160792,0.30657750685230817,0.02526121573149219,0.8468370600119437,5.018021788845059,6,17.960240593438122,0.2581086487065165,-1.3792344807309207,0.6536107082268234,0.6207208715538024,0.3611008630628297,0,MEDIUM
67.47509277641188,0.30580417632541185,2.1897930555748535,0.8706709309502665,0.5071548285312423,2.2640874815999865,64.97132039671763,0.18675315408322848,0.7992475721447576,0.8196390039588848,5.319445391256772,5,42.39437613974149,0.3053350287573629,-3.8359888198864645,0.8921698453658424,0.562777815650271,0.4205727317032703,0,MEDIUM
37.63384131169441,0.6238446217745363,5.008423118646822,0.3979193463313169,0.8444825047449149,1.939622052496992,32.9804469533389,0.35802730176183956,0.7949990308458704,0.9297307252110798,16.457318159930438,10,30.320442122410633,0.35434588553916513,2.8421199502176853,0.5451985537698958,1.0,0.47322538200453007,0,MEDIUM
68.33781171831828,0.40225109563521166,1.4124746547306721,0.7797028489886005,0.3876869823234596,3.3236224729379065,65.37729162101583,0.4129260104666075,0.05575446377439169,1.0199096044237388,2.4712376315577878,2,60.363859148338136,0.3515867521176069,-5.623007235147744,1.0,0.23884950526231152,0.41229803794329045,0,MEDIUM
15.919497593804488,0.9425564178170477,7.5703220830346645,0.22037861291947605,0.7820679941627119,3.3056822600476656,15.840377513434454,0.38871552956982747,0.422623330500928,0.9784131798737391,9.643081034782782,6,15.724081491101305,0.42746366616895354,4.658517370131531,0.798176217664456,0.8057232413913114,0.521693801325148,0,MEDIUM
24.86492215995655,0.7424857735781075,3.5654480628026906,0.3073489233420655,0.8649645559890475,2.186817702943772,18.627011875183182,0.48158095338593543,1.8324392429737952,1.043172761263717,11.819087250053517,11,15.181672188106253,0.42976327203323184,-0.2997018479977731,0.5737960528054824,1.0,0.5418016821537602,0,MEDIUM
82.73766700699184,0.14156388564835845,3.712053136995943,0.8082415293691598,0.7434649848887309,4.527342132202305,66.43271912752611,0.3221169654767217,2.453590586600905,1.1328470411426594,12.738673502852466,9,66.63062418215968,0.15457808002279902,-5.746147343311366,0.45558446549108284,1.0,0.5988504719710661,1,HIGH
29.310262346998766,0.7024237406482353,3.5215769644001544,0.28331691579828333,0.7375801154802735,6.796320633377832,22.79261995861935,0.09877383337611581,1.2193826677833928,0.9168828649086442,7.3819907714258175,3,26.89592913658617,0.08146599992366022,2.3352083065033806,0.7448416971037075,0.5052796308570326,0.6076854173355681,1,HIGH
81.1484956456499,0.21555164580207048,2.0001552690277946,0.8132153500715772,0.887724218199616,8.586530918291265,84.10917698564968,0.06668267969935963,0.13140099170790584,1.1475993274351668,5.153438726700812,3,55.85106265998433,0.06422734562051609,-5.002366963734867,0.2761894956016112,0.41613754906803246,0.2841872303110989,0,LOW
33.73846751862489,0.7339196197633316,6.643283813243797,0.43298459228559333,0.7427507880242211,4.237442306585193,32.79382540182754,0.21230056689811033,0.37564452836769935,1.2276333768313012,17.36946273834824,11,23.603622379897246,0.1740186528500186,-0.46124061403221095,0.7528336278453341,1.0,0.42876686958094046,0,MEDIUM
64.64496235499016,0.3538887651696306,7.420303082048957,0.6772778376639433,0.5544911645062218,3.203163582395092,56.907698337003005,0.26310742971285783,0.16125570985707005,1.0830297131322062,9.448183074969332,4,53.03170129855235,0.18069052398482635,1.336979242525214,0.8452076358254825,0.6579273229987733,0.3553912613484264,0,MEDIUM
69.00279874833564,0.35948291635849594,5.666962358782421,0.6284046401479184,0.7614665925240555,5.26489731732247,71.1020226061794,0.28380489570817635,0.8447552572868502,0.8910944525419328,14.10626804912171,10,68.86635151535812,0.32187553514592326,-0.4907363616415288,0.5375415693931648,1.0,0.36409668515205357,0,MEDIUM
53.5756540173295,0.5953122384083802,4.285883615557908,0.7351046813120237,0.6373392806872402,7.799563575079847,52.863769443137286,0.2536262508635156,1.186753450761592,1.1893355776279215,13.830427441933598,11,41.74733244814647,0.08335761344933591,-2.1465935357440333,0.8416471981733298,1.0,0.3635392650272567,0,MEDIUM
35.95140751922216,0.6709906937889613,0.8295915383332636,0.3540698486444637,0.9535150882177384,5.814650426660524,38.30396813600628,0.16854373847561765,1.72171796610558,1.0965296220448488,4.277582473733949,4,29.408930528232577,0.600409025174139,-3.3788617254830307,0.40522271456787295,0.45110329894935797,0.5307855334077701,0,MEDIUM
28.07477199154317,0.7441845085649506,3.6141646174518733,0.25401466740768724,0.9655983931304971,3.3964066118571683,20.514875955201948,0.19523261118922902,1.576604467846486,1.1237648582501512,3.829086198224007,1,24.87680887069428,0.08413467561716226,-0.6635867937343138,0.4236946645867296,0.22316344792896028,0.4559541831793886,0,MEDIUM
12.821095137806228,0.7502761826147323,3.720007476857224,0.13059129041194117,0.8874122449308893,4.930820129409414,11.585948688006953,0.23637417813996486,0.08358643407631856,1.3070342987906192,7.086417306287862,2,9.485726176826313,0.14417956466901186,0.5815082423022169,0.5440197239110321,0.4234566922515145,0.3843704509855607,0,MEDIUM
35.83544410546152,0.43118714799905977,8.890301413714136,0.3646308017688851,0.69571530287464,1.2730744854633016,35.215460871926666,0.21526014699653478,0.10744158651478555,1.1418885366936047,13.42979362279265,6,35.48385153099927,0.31841179760315114,4.5300732870717635,0.6720206196875699,0.957191744911706,0.4629174916077243,0,MEDIUM
65.51883719515905,0.37588168638682296,4.300104182142281,0.7279160013847474,0.47063733606676933,4.810894197143761,51.301070966759895,0.26800555381872093,1.923444574585431,1.314854210697945,9.986901250532181,5,67.67026617117816,0.4640357801961413,0.1650975323423456,0.9819848390932575,0.7494760500212874,0.3938344891172705,0,MEDIUM
89.75590956812103,0.09485496581631994,3.055443143162527,1.2208553185307665,0.6863024904427416,3.7658269007763616,74.5737416953575,0.13968221818668167,1.4852147031393361,0.9703005599544071,11.717801490775045,10,80.119564181475,0.13977082489764434,-6.94114441976059,0.5179737472440475,1.0,0.3194707164485339,0,MEDIUM
84.05238099235942,0.11829357608322644,1.461813785087791,1.1259593572907594,0.7715281288609183,5.061948805187341,72.92304729572542,0.3030898614843164,0.4935093523195767,0.9137142572279979,5.115936985915732,4,74.58087827730215,0.24526556417442977,-7.302806950178448,0.4018545947502358,0.48463747943662927,0.4928506734203019,0,MEDIUM
75.11550600550072,0.26832735627990034,8.44783651169099,0.8476388824928223,0.7076720402566667,1.3388482006635614,76.44732250366151,0.07891089278453367,0.44976824913000224,1.2297858138446363,17.256954136260067,10,67.83665209514079,0.28960911263479217,-0.41621597375925456,0.57265561775495,1.0,0.4566105354772022,0,MEDIUM
77.01802417653039,0.22498745989894348,3.7538228518653236,0.8513957116727384,0.9361515636453801,1.1099865957044879,69.11832243796451,0.13937325177226698,0.6437989041087733,0.8028507856888214,11.457146176215554,9,52.930919972069006,0.3408587836117626,-6.871405924381973,0.20826638448140158,1.0,0.3152398692186259,0,MEDIUM
66.52371679545959,0.42498525209611604,1.7888166256751752,0.783319787596935,0.7271443985286605,2.265038065931939,59.681620349675796,0.31535558586048507,0.7263324213808146,1.3776818780609101,4.53692420360473,2,61.838291291609785,0.11419610845958607,-5.131844795245197,0.6217760282550673,0.32147696814418925,0.4968927483113932,0,MEDIUM
32.12438289311025,0.6856450405296156,2.7522981938444593,0.32822349552521657,0.8792426178528766,4.9095456601880585,28.023867562084998,0.3308794472489099,0.23465601312848958,1.2603814761693497,9.623079914007539,8,24.290524433403064,0.5051046145623379,0.9458564208683407,0.5239585934854929,0.9449231965603015,0.5985962264557549,1,HIGH
87.11157760999554,0.06913036109443121,3.5402240620647274,0.8067337833787339,0.8600806793771558,4.620788775386039,68.94320680421055,0.07291512287630753,0.41366513840029423,1.017523004323992,14.296787616283904,11,91.2065796009521,0.19233982673407335,-4.564022746764213,0.24444416148148188,1.0,0.3028916441127663,0,MEDIUM
67.0122465119959,0.40909083399678414,1.7172896042289258,0.9178078153235695,0.7482916123775946,1.5422712119904307,71.65141147547281,0.2115648578285717,0.7734210907208557,1.2402547269407953,5.044419697787818,4,62.88934800603397,0.1381387267956946,-5.770525884556002,0.5821079984320002,0.4817767879115128,0.21954694754564552,0,LOW
57.637453633337394,0.40625497767092983,2.4764628551151526,0.5725413531212826,0.6687821426217824,4.01317070291099,47.67311648592489,0.2899756320942856,0.18480690617939452,1.1324666656487805,10.76768790734233,9,49.723539862372654,0.34670251715435124,-2.5015003697334177,0.6999542749027914,1.0,0.4926326667432263,0,MEDIUM
19.434104883145892,0.8477818858623256,2.2193970286548357,0.19418564685358244,0.9078720075894707,2.0523619524848957,18.0151482857965,0.26240243678106123,5.402818059074264,0.7419936428165579,5.151902510642722,4,19.638280199551456,0.09568936269573276,-0.3290165086904231,0.5620829315469567,0.4860761004257089,0.6282109043676889,1,HIGH
47.99972122354616,0.4818099312691143,7.8450936235184505,0.5453873113827875,0.4649041770694147,5.104718683228143,36.45635918799577,0.47719978892648424,0.2660759968409045,0.8367417682929146,14.939976073046202,2,49.752579755824016,0.3045026337143196,1.045772610009633,1.0,0.7375990429218481,0.5496303204496561,0,MEDIUM
49.13045305216374,0.45670931863856773,2.1617230954629676,0.5629400092619488,0.5504585338410626,3.8911764246119116,42.92514697200844,0.17227417814213658,0.6431115490645366,1.0571494525632212,8.6062141648927,6,47.56483862780126,0.17031942522851157,-5.983244054200968,0.90266685855769,0.7642485665957081,0.5048042701537302,0,MEDIUM
83.48790680942695,0.17185439032058622,8.253092402322519,0.7590863291928475,0.5730381117127038,2.85690993857509,88.62420025938609,0.1353723900217688,0.6462353795844763,1.0319087161558282,21.078311428504087,9,78.5177686034483,0.20203352311589634,-0.43325604839212073,0.7263700275912375,1.0,0.4346648166681609,0,MEDIUM
56.46509871596202,0.43637530432387456,5.951911527021682,0.5499572830954914,0.7705184433591268,5.116896664127247,62.00918628549713,0.103285447747847,0.4804328549657251,1.2616257185707043,11.645361514030487,7,35.420304789420086,0.2109004761837643,3.77272210679109,0.5624099871232471,0.9558144605612195,0.4904473308194476,0,MEDIUM
42.33404666248482,0.6150456962044983,1.804557278432261,0.461050538635333,0.7717357810907205,2.433958984562982,35.75960065701742,0.05214045977156964,0.22117581980105944,1.060411501465495,2.4814649684002035,1,38.850259685681294,0.2540345643549316,-4.211138756596801,0.6499191764661685,0.16925859873600815,0.18619867150832778,0,LOW
93.02802792340604,0.05,3.8265119819896953,1.1552828415505956,0.7254518336634478,2.673220125725355,70.84979428337246,0.1673383371710758,0.6665769904077132,0.7462563902863222,10.333636077762762,9,69.87238654755397,0.15549406757307935,-6.6067336325110695,0.43682224950482834,1.0,0.3616703967831318,0,MEDIUM
19.411250432736832,0.6589787129709999,15.297390326746674,0.19687069323975143,0.8095688779067409,5.1922642910629415,16.029434236643837,0.15517780415358687,0.07634083472109915,0.8909344708547544,30.003875218597546,6,19.76959769202679,0.13636361959717383,14.718535334963514,0.6151360396253885,1.0,0.7174747069359085,1,HIGH
45.916616406515296,0.5062119252477759,4.4938962082070555,0.5103665079711253,0.6548029035904772,5.142911841951984,38.151965385047305,0.11729717795854516,0.3914158539317653,1.1486127478537604,10.535997737074155,9,40.1905124523384,0.606341594062801,-1.6621292665305625,0.7709016072381721,1.0,0.5069105412129499,0,MEDIUM
13.57209738956945,0.9277845034758108,17.28580946252913,0.15997058399576392,0.7986355314033947,4.129514670861983,12.999402622472054,0.2995971743050192,0.20314224415848023,0.6354768811346508,25.295324473273997,2,10.407003618288405,0.14849754720660666,16.153712290611807,0.7659389546328133,1.0,0.5417907057198489,0,MEDIUM
72.89185026518908,0.24729141100866076,4.901425372996165,0.9798824077109608,0.7373870706363925,1.1853051995813888,65.49060785360201,0.22197155239662697,0.10607371756898241,0.7177282212617111,13.69043039410871,11,54.85404480627839,0.16946525057640718,-3.818349297882345,0.5175650995497416,1.0,0.38950270602705506,0,MEDIUM
88.03650693692781,0.0999242584295581,1.6763630595116306,0.9358591026325969,0.8933785628000835,3.649608804162944,88.68655893513221,0.06550891859689247,2.077381651320363,0.9254690307074439,6.983840377415039,7,74.80234183940425,0.4543851688918581,-9.408946089618027,0.20989428501465374,0.7693536150966016,0.2826737655250249,0,LOW
33.8031730117916,0.7408783903545589,20.799107996084064,0.3268020229468154,0.8411793956302768,5.905889822728257,33.14473161209655,0.22020217175886553,0.9630260311241016,1.1853430554072397,23.484020359872567,8,27.75828928366688,0.3320797567944734,15.547053717330543,0.6086701017318643,1.0,0.7257641156511468,1,HIGH
82.95904252792528,0.11345171654003343,0.8225183170812106,0.9495791597311891,0.7254628971791265,2.3998026871338727,66.41066221584896,0.2069711897708608,0.1479356700515774,0.9566503816531384,7.753177614408129,8,64.36740400930604,0.1279720838995021,-7.432168407268084,0.46853151250132696,0.8701271045763252,0.3635275185806295,0,MEDIUM
34.838549589261305,0.528190246647955,4.0907655974469375,0.4436204340515658,0.6989357837569894,2.073582153214888,35.31591700958132,0.10463130551175069,2.3869775197608027,1.0921865270937814,10.675248481077869,5,24.171130778434115,0.19599277957894254,3.3587238457061988,0.7156914476884935,0.7770099392431148,0.4609013001120049,0,MEDIUM
87.4154637397328,0.11299487304063244,2.682010738761746,0.8347563817030905,0.7672460684533071,2.888362520432916,90.82333345705231,0.27392714833622656,0.19466895403546253,1.0009629901023713,8.084707338898363,7,83.7800776899179,0.2450509503289331,-6.313435867159343,0.40562833384035557,0.8133882935559347,0.48823804613209165,0,MEDIUM
74.08676180572664,0.22039846584283462,11.752066171813544,0.8240979797124247,0.5095028529031952,2.162075070959384,69.59384984608397,0.40738603143592605,0.2149451349383579,0.971829582391216,13.127437202233462,7,58.90156243104999,0.15075424839040874,5.697253904090927,0.8459449535666245,1.0,0.5272608990504736,0,MEDIUM
78.41707603152229,0.13852953410451685,5.447252140624906,0.7127269781567582,0.9091061388858048,2.285240923008668,83.98994893731908,0.24822258022836424,0.1144225621417919,0.8692426872574635,11.349313062029367,3,50.54004858249707,0.45848346696386916,-3.658332975686287,0.20560555872355119,0.6639725224811748,0.47786329711646125,0,MEDIUM
11.530557226038633,0.8706641512677185,9.729108476206925,0.10570979535656097,0.6843268220954041,3.6614448883235826,11.682521311911145,0.5787026888578928,1.0411307321091585,1.1679651262627866,15.306734469870314,11,7.361472501905396,0.36833332634936294,8.550680109320668,0.9088418424907532,1.0,0.710663272629137,1,HIGH
91.8388803512922,0.12093164826682062,1.3635436560263672,1.0483194038601775,0.6956612811732239,1.2043581368569407,86.15941362709529,0.22508461535083632,0.6768064283071853,0.7491464232515137,9.756749799489913,11,64.94408111558467,0.1533828007579312,-9.823448341380972,0.5169739023735744,1.0,0.3605505422894997,0,MEDIUM
71.76703432597748,0.2815865718148,3.21245422409327,0.7529069875953548,0.9222785282207331,5.187475928327042,76.25006252187198,0.43097122692506057,0.048013307895009426,0.9532685831180258,6.695931689690241,2,60.89456330930854,0.33062027188362414,-4.33079888147131,0.2573754935763004,0.40783726758760963,0.38836603747764215,0,MEDIUM
35.90384310782133,0.6655200547366857,3.3031194557596715,0.4748475873342168,0.9200119452412746,5.34371602698184,33.75476084867748,0.16253559877682394,0.020500396592732933,1.2292258676053454,9.221120423642882,5,23.933151009772754,0.43959677617439896,-1.0623001555927427,0.45274210950643096,0.7188448169457153,0.508907753655228,0,MEDIUM
80.49854651300198,0.3400871507512141,4.552372036839887,0.9668496507156419,0.690676085521352,1.1272721565230688,73.13103384155292,0.43132156170806096,0.6085577110246587,0.8471508205053784,7.037593319269249,4,56.08797946036382,0.0685661980886718,-1.7272396559828467,0.6340294470935791,0.5615037327707699,0.4746630665855383,0,MEDIUM
33.929301865269046,0.6332766724227044,12.088508151056008,0.38237185921528916,0.6376509238030259,3.5094632025955335,28.585550015219564,0.11541237587477757,0.8433652449217433,0.6887325300081992,14.207508192197267,8,28.01767908025855,0.2901462570713539,8.290029603906765,0.8601619505068133,1.0,0.6800428504819866,1,HIGH
84.18407636312088,0.1804271271403647,12.988449604872484,0.9293649994083526,0.8936307478536559,1.2535153198933795,88.65806707056943,0.18600807074812936,1.3847134161786756,0.5766344886426302,12.774719090345098,5,58.75982671410334,0.2669755803876583,4.466311350408428,0.24976744178969845,0.860988763613804,0.5191898548037711,0,MEDIUM
19.569333185014646,0.7635695991419228,4.169804099772213,0.2247778110479926,0.7297720865773923,4.25046531126009,14.65920878857604,0.10341427653463311,0.5204885368316127,1.133254921190405,11.97053564057681,9,19.297886107504752,0.16305481115173462,3.998106743774122,0.7871266697048729,1.0,0.44110164684291087,0,MEDIUM
69.81330808416763,0.2341581415673658,0.9706073928299981,0.6424356156675747,0.811458926595386,0.12668158507025906,62.092032005458485,0.1425263523910209,0.902920308094609,1.1467231223578889,6.669494328562767,7,60.4236870314459,0.17342251008594212,-5.006918079490299,0.3998906808906039,0.7567797731425108,0.31745847071166977,0,MEDIUM
55.95937051481738,0.3936136825784047,3.344408290503944,0.7534351057589119,0.6386528734033667,2.0485406145304985,51.20088406357092,0.0510060110942141,1.0583722397383994,0.9311539558756108,11.538223429020768,11,35.73688131168231,0.21873257958285858,-1.189350584955951,0.7388275311841522,1.0,0.37833600706827336,0,MEDIUM
18.20542996661247,0.7796450146121402,12.544987754910615,0.2547215606353262,0.9612519411395065,4.371774328506755,16.78357938156393,0.2764451469320964,0.7595734022310427,0.7457943288179258,22.01167139399511,1,12.06926439336369,0.21047583604512116,8.573425326887065,0.4479445955968103,0.9504668557598044,0.45407614566388443,0,MEDIUM
30.560975402001315,0.7231483097837569,2.653104253347349,0.302780896410945,0.9284925262509592,3.1294651097622745,29.36163841111065,0.263212097171233,0.3473586888935542,0.9707805921438201,4.95058163917601,2,21.02070433205013,0.44434225885325257,1.518572965050907,0.4688353655154396,0.33802326556704043,0.4973696082757083,0,MEDIUM
11.054343083571757,1.0,6.477966956685959,0.1061428607223267,0.8875227727282031,3.5856970592299104,9.97453550276864,0.1795319660783313,0.11315452824973189,1.2356188936721992,16.562678021966654,8,9.76598650349802,0.13367464590614234,7.5494368855338125,0.6687158409076953,1.0,0.39073340420569397,0,MEDIUM
49.84527706448299,0.44426375445310295,6.978239877969557,0.4843907858094014,0.8613426763371964,1.1574480536985887,40.01216263485788,0.11575878739525625,0.8342512071132218,0.7461406167415281,13.055533942242569,10,32.27694433743361,0.22881938567603113,3.4808713199663623,0.43011786272075686,1.0,0.4912349109043429,0,MEDIUM
35.607547164600035,0.6105945039047626,3.6942932851089014,0.4381556852471855,0.89832019945554,3.385435114580772,37.130758216410804,0.1705296951987803,1.1712190806932832,1.211634883934471,12.932065572240493,8,22.058176579526553,0.22863116174700454,1.1683674498497654,0.4578169527690713,1.0,0.4365757900428436,0,MEDIUM
60.8603861653095,0.3863462972980051,4.811222720103468,0.7490211997558867,0.7686578058936878,1.4224680570086288,58.60916846193345,0.35482123697385887,0.16840609626308498,0.6609541986760983,9.161727428430657,2,56.46670280011755,0.4480314178988644,-0.6223951492560574,0.5401864398084708,0.5064690971372263,0.4949868021873944,0,MEDIUM
35.26521365523246,0.6790117713444552,2.3253752835238575,0.46689805662800293,0.8706015397911535,5.2640724575999815,36.79132020138704,0.17431495501450459,0.5463463695338358,0.7726032679923706,7.798383866585681,7,28.746685886877284,0.5091088268836413,1.0729499190521143,0.5336035759854973,0.8019353546634274,0.3487653264286537,0,MEDIUM
35.4931244780937,0.6661528201754459,12.484258517126772,0.45286145825448637,0.35,0.15339007068020932,28.764245529359208,0.7401111094558664,0.40499608401814324,1.0218554019501043,14.201945740603808,8,34.852718531900635,0.21214110388809226,8.96473621505947,1.0,1.0,0.5097130632075025,0,MEDIUM
73.17142189218629,0.37101344459398655,2.8568543599000313,0.8230649610830136,0.6203449783505729,3.6669015811634598,69.86573885503462,0.2968623988396403,0.18423834187612306,1.1895305067430209,5.478085792202005,4,70.00939325565237,0.20262690382751677,-2.9724458167403522,0.7549892547711339,0.49912343168808027,0.3863904820701381,0,MEDIUM
14.092141058160042,0.6649672237755828,7.355484466776689,0.1700114905405811,0.6226658584258787,5.798419365471056,13.890193602972426,0.1034338720666064,0.22516190704166894,1.2943285406106226,10.507269401084892,3,10.189723758373177,0.07799662666160782,7.081744962687747,0.8984848242489734,0.6302907760433958,0.5069374206662987,0,MEDIUM
86.74607459131892,0.05,0.46180145715338256,1.079244638100893,0.5058479120819568,6.090916424573276,74.02580926990927,0.02825032507765127,0.21710495026818788,1.198351303762699,8.278735297808264,10,59.55262647913527,0.16693581347070255,-7.5858479559232475,0.7662281318770648,1.0,0.42640855783096193,0,MEDIUM
82.44242932325042,0.13590545300668383,1.1522468146177336,0.9533380649739666,0.8200307188273724,2.13850446038841,84.49505184967462,0.3287897239808863,0.4343085520872337,1.3104529828709732,7.947818104122643,9,68.62007268520631,0.11415801419687213,-5.500396127201926,0.3379066482622832,0.9479127241649059,0.280624446045828,0,LOW
66.76339807424455,0.4201500342610512,7.5262519365880145,0.7596509627649555,0.8597455401088593,2.7324942353716426,46.801376385361145,0.09516883895552387,0.3960430814680405,1.0364120975859208,7.0065826214535765,2,42.46464955986276,0.36108131840329905,1.019161924157117,0.4204567069672367,0.42026330485814306,0.3191624812898443,0,MEDIUM
60.423833459127664,0.2705098228802757,2.815200265820091,0.7387108042342506,0.4890657384515327,2.740578582060026,56.67561618478535,0.29278280589197786,0.6462697217478784,0.8756824132691956,6.824536951384742,3,53.46227004481394,0.05598428128319002,-1.8301379083828955,0.9016563037628389,0.4829814780553897,0.5097756636908082,0,MEDIUM
85.84571234187044,0.05,1.3020854185347768,1.0118954099232236,0.7118447720793066,3.492622512845345,81.1608876024655,0.46266483759130184,0.07827611917944749,1.2368172738247964,8.035730439744505,8,51.97792504623265,0.11462865264979503,-6.042595613480124,0.4572328418810401,0.8814292175897802,0.5883862722306418,1,HIGH
25.753065259940726,0.7881636998981295,1.4202060440740296,0.3146950284042284,0.8463172875717442,3.116567102366618,23.526384087395545,0.21327664466470303,0.6963855984020912,1.2727008039395082,2.7776020592240345,2,24.7589286649193,0.5055505637952125,-1.475628440924831,0.6246059185914485,0.2511040823689614,0.42006588531782574,0,MEDIUM
16.712378786220434,0.8523687900340129,14.45773267950975,0.2016227146930801,0.9316247699040565,8.605971182389878,15.910508737187461,0.4413710663211446,0.0176705979140012,1.186164611951518,17.2629388062364,5,16.72597847152399,0.417438710862328,13.593647983050971,0.5287472401609217,1.0,0.7538800106107387,1,CRITICAL
30.358364442310737,0.6091996830329383,9.152966086164131,0.3823934364294462,0.6960778451336702,4.065931270073557,23.281548657639366,0.11020155811460902,0.23805139610085546,1.12251213675482,20.545188022592797,10,31.824375252215464,0.15178004647279505,3.786461998947133,0.7604830738159638,1.0,0.3855725885205547,0,MEDIUM
77.53915368951617,0.1457652950471639,5.106638461624197,0.9470645835040239,0.5533310367489119,7.028314999328876,75.51635820714493,0.20852398859290397,0.5579459014974686,1.2783943313690407,11.416415324441033,8,58.53029759113131,0.33599753075748995,-1.6767680595724324,0.7428860924002141,1.0,0.5672315046202207,1,HIGH
12.946972671751082,0.7929507757117152,18.956288428739686,0.15016821288701598,0.8823291068500082,3.660981130987544,10.801861080354534,0.30278926456283806,0.929078884466104,1.0683942310252892,32.490613661956004,7,11.042043436391712,0.49009730314457345,13.834214906295127,0.5729817275808453,1.0,0.6933815421981216,1,HIGH
59.53858098209662,0.41345701557694897,3.1677366816202257,0.738813302148823,0.575014996816696,1.502845880005105,52.44286203171409,0.09634669442903039,1.180155101690862,0.995893756838159,8.058908593167974,4,58.84392024682791,0.2689756855864235,-0.8039502387130666,0.8442060125634305,0.602356343726719,0.3649676596969586,0,MEDIUM
94.61218887626134,0.05,0.6542254440998337,1.064142062819336,0.7450702736971311,1.2839363975528384,78.83501463852944,0.40044313345897486,0.028967217415248422,1.1451042931997646,8.63325707353861,10,76.44310557342388,0.4690143905452936,-10.966599536864258,0.4073945894543034,1.0,0.5108636199758303,0,MEDIUM
82.73416797619085,0.21218343375613316,3.1206385036701714,0.8445798508088633,0.9422976479691719,5.108768190753641,73.59820457146343,0.19608679941496998,0.6168642976719086,1.0955159342803138,10.44488744122545,9,61.898926123690345,0.1889975602929461,-5.468298228912625,0.19264524492430868,1.0,0.35747449506331813,0,MEDIUM
54.3228835687051,0.22840103128059766,14.635248524057461,0.48929116115439336,0.4953297444896,4.292034556733801,51.532191586768676,0.16468825302242818,0.350105474800416,1.177058224333615,11.260567507213912,2,33.78727505275827,0.09955917607063426,11.040479527316851,0.871205898905899,0.5904227002885565,0.5894583686370927,1,HIGH
15.409477289364599,0.7773570778961301,6.6527844891035075,0.18182906964579282,0.7166038133426932,1.0240496444621885,15.954007972736054,0.2458836825571,0.9497159399581616,0.9736127338453657,16.13640070133228,7,11.978295775417662,0.2341173846489181,5.89203632735734,0.8137728189340252,1.0,0.4849944274682063,0,MEDIUM
80.66674872278534,0.10324819589926255,6.832439549176011,0.9642319222382635,0.7137206754471584,3.7184001980041677,72.06557783332933,0.24543684993215936,0.26701405160233976,1.1818500628329804,14.668590641564293,7,51.26380743284077,0.20680176413759155,-2.135323081149028,0.4810430847788936,1.0,0.3279304460049072,0,MEDIUM
60.913173195062896,0.37036101377957165,1.1446420936180506,0.8442714934828894,0.974898177479991,2.4732898117150888,50.5146568331798,0.15050351814545657,1.0891990760426706,1.1715232930952524,7.506884667704201,7,46.4979625349444,0.3747239340420308,-5.500979952349685,0.22283324066979937,0.7902753867081681,0.42972290033461363,0,MEDIUM
19.76930475006318,0.7592631318201571,3.189578873272402,0.21365461948684308,0.8287635490254712,3.302975088013035,17.69702200696197,0.09935131352108893,0.7375189573980625,1.0426698552022793,8.236836144385082,7,14.913259772878384,0.20804057199545273,2.487711819607208,0.6364862423718718,0.8194734457754034,0.4263794028008902,0,MEDIUM
17.97786920998528,0.8840488102918086,11.778332267887963,0.19722920234424127,0.868964633985168,3.006784847877089,17.537797320597043,0.17028763003468916,1.2472711091089674,0.8499397377908563,24.64412477757276,5,16.022440433913783,0.23255570156594027,8.758385823319951,0.6385774541681524,1.0,0.6313797588521016,1,HIGH
87.31827965211035,0.05,3.1605973779493657,0.8739684782555739,0.893787918247371,5.452979155325369,73.2321198119373,0.2616923026297149,3.328077709271364,1.248124863718189,5.3768067232937184,1,66.77530110418746,0.20177409408841465,-5.32352172268918,0.18431812262894345,0.28507226893174875,0.40024918307177076,0,MEDIUM
66.88202234973667,0.3348190946090935,3.4826711772930206,0.6255255827000574,0.9129746187230553,5.514584158745807,57.90062483711412,0.24479109291206838,1.913885111662857,0.7580685077983143,6.11127770548385,4,51.69156328725762,0.25717529635735414,-4.123587275247112,0.2979476192199638,0.524451108219354,0.57303101848255,1,HIGH
80.48937794192422,0.2397731344376942,6.787316986563064,1.0354171659831466,0.7414610236151153,0.023315305504773724,74.46361526013882,0.07641257770644101,0.71972428584147,0.808458845443191,11.843193933612886,5,58.66531084105611,0.16828165259124592,-0.5232093921367793,0.5076950317961741,0.8237277573445154,0.4053160811319042,0,MEDIUM
84.71320652399272,0.30139972968502915,5.489736122076516,0.8681752765584723,0.9184419097786324,2.8893346549336614,69.26183156142424,0.27972531595635297,1.793660070915621,1.0336045695254774,15.898309182660451,10,74.00474961361974,0.11623802957313227,-2.198735586378103,0.273037000174566,1.0,0.23646458101848297,0,LOW
58.60064992410739,0.37545222307144815,4.858528426488826,0.705816952308509,0.7784959048184326,2.130189588217568,45.92145372226117,0.22845961838958792,0.13292850110454602,0.5,6.2140715673624385,4,45.42766684861802,0.5059731504404847,-1.5613722337463385,0.5199822543080752,0.5285628626944976,0.6142480251948746,1,HIGH
53.98293989917851,0.4861272893564163,0.26373528428767773,0.671486511303243,0.5663140041653687,4.240550246241689,40.81957321826451,0.11395341001028941,0.03519089983963649,1.3085918668346996,6.005188114100672,7,55.43317064317859,0.546726733505499,-6.471781951653329,0.8935926384301551,0.7302075245640269,0.4193530812944777,0,MEDIUM
46.586329877284165,0.3898276778221691,4.802653055277874,0.5290429077177939,0.9608190923430807,2.26272479528029,39.181152910872875,0.10547147615074505,0.6093691149819699,1.0029384478905516,9.943247370402242,2,46.65095181660148,0.3614953928816625,-0.689481163902538,0.2536852003964635,0.5377298948160897,0.31605861067889085,0,MEDIUM
36.94045996224514,0.43923890403250665,7.216390303733012,0.4943283903807558,0.893827796479181,4.375774362412187,26.57264565346504,0.20027667792466847,2.9311864034432773,1.3078966485253152,6.635565679050858,2,26.102595669619703,0.2937602088461615,1.6141035039371134,0.37887775729748185,0.4054226271620343,0.5267428301493841,0,MEDIUM
46.9406566729905,0.598175383332631,0.8079630754996165,0.5266260163752838,0.9417823021827437,1.178182371977066,43.814080855477236,0.3144807122556581,0.9895727734300798,1.3608067199119465,10.155553031399396,11,36.69761949652342,0.17519574932919574,-5.973842645467052,0.3864142383921999,1.0,0.2539188630838011,0,LOW
75.77977073706329,0.24175746913752144,4.486085831452638,0.7899694873091564,0.8504552433144708,3.861386314719206,58.37798808626212,0.20634136797249927,0.2912386813234301,0.9690337317206592,6.791893894743948,2,67.10769695327943,0.31782954398254176,-1.7318160830138345,0.3451958695970546,0.41167575578975796,0.2286732643598625,0,LOW
61.16349163628618,0.482646098821012,9.127926970228831,0.8244886144498045,0.9731812985253764,1.2419499061005717,52.047557435102945,0.26001073178757783,0.8839570920511259,1.2697502108300966,19.124373104724686,10,37.14704930338888,0.5130601504578254,3.600129261600425,0.28155110162244146,1.0,0.6020063003082365,1,HIGH
85.86447964616191,0.05,2.8620277850659845,1.1426691615596594,0.8478448245560785,3.3160516625897127,69.35180653353572,0.09217821893649131,0.03258069356644387,0.7879777145619505,7.002511639687159,3,60.30565944365957,0.4830584255524464,-6.744428455104174,0.25323276316588234,0.4901004655874864,0.5177384776195604,0,MEDIUM
47.68730122223096,0.5647191589399907,1.9372671984300434,0.4682988228436372,0.9805813212314478,2.9711147518859815,45.405749340526086,0.07101398188897566,0.5088384415577087,1.086659424442746,6.533150702772595,5,34.72891654111221,0.22464475582970955,-0.8097400083779847,0.31148759762282363,0.6113260281109039,0.44850307583407967,0,MEDIUM
61.60261419109409,0.5334792853325673,0.2916062698617832,0.5624198607081694,0.8295222223202167,2.346542179082431,64.07523621873149,0.2917701700567703,0.216665925301538,0.9053220700523158,8.29793730634164,10,48.11648577581347,0.14434119229931655,-4.961984293452243,0.5224563091859586,1.0,0.3365598504574485,0,MEDIUM
63.66114201281904,0.3969650285403909,5.3596816412155945,0.60159319452475,0.9145804842774535,5.34576560073958,60.68946646279231,0.3341388705351372,0.040359679528917204,1.1392971803593896,15.12755510974429,9,63.67327080812833,0.05,-0.2962899965326783,0.3266117878540151,1.0,0.4369719699775706,0,MEDIUM
60.29425879603767,0.4191839324869072,0.801873714800076,0.629034144193015,0.7431659611849085,4.658250054250134,55.28995418425019,0.20598328640341584,0.23005006975894027,1.1765147014150235,3.014229319406953,3,38.79014048703244,0.616216115046717,-3.617291686062339,0.5948430244660908,0.3305691727762782,0.34475105233242603,0,MEDIUM
69.72387071226889,0.3034457793432591,5.673794143034646,0.966463419987296,0.8758078434260025,3.6056802442038745,67.46715275305682,0.14478371469873788,1.0254334129206117,0.9680184197504708,12.740646100205161,6,43.89988368997099,0.05,0.15030301740344365,0.33801112453262583,0.9296258440082065,0.31412609622744214,0,MEDIUM
30.181844811858532,0.5725110353113417,17.98340770285045,0.35592184260480797,0.7438787994463604,3.54949674403055,21.48936047817578,0.21737706314473168,0.640922344109387,1.1089642678239593,32.30649487857823,6,27.133122748879128,0.0609262972464637,15.973231857259876,0.6704373184861303,1.0,0.6695143953096347,1,HIGH
53.550921091392205,0.5729366239429059,2.4186336487853324,0.5819008376142086,0.8824340221291874,1.2144746415172034,40.11702266224706,0.11184403775753753,0.018971089973775085,1.1889412605784404,11.222802478750614,11,40.91410230851989,0.15734176674526634,-3.043353836978732,0.4628172787776718,1.0,0.3399136316861754,0,MEDIUM
18.859108238709553,0.7625403064284992,5.149022693030915,0.2535339392573111,0.8026719491189125,7.165113406985035,13.917472974288465,0.44176326463932747,0.4217506837259391,1.0375640270565898,13.884313779348062,6,12.823708213059959,0.18040726874321825,3.253242740487453,0.6772622295358809,0.9753725511739225,0.4855084696272292,0,MEDIUM
42.68346284980907,0.6135240320125508,16.616831681787122,0.4808583045010881,0.9072031547227567,5.092714910525794,31.554982025344252,0.335987233057369,1.116013366855285,1.5078080637093896,26.743827052830888,5,39.090053932112596,0.26477616300557644,9.734559128491627,0.44595728392214035,1.0,0.7589256504478941,1,CRITICAL
51.451700832807475,0.3604402471462249,4.98910938706845,0.5441631254924368,0.9049421698978855,3.526797386663893,41.377122657409636,0.15960391741923974,2.473877249385473,0.9725722751786915,5.166287426803594,2,36.49588725068586,0.06778332087819115,0.3244230435183339,0.3228068687262843,0.34665149707214377,0.32933578895971705,0,MEDIUM
65.43906206136516,0.251252606225726,2.6683198629329987,0.8969141743270661,0.7697630556402154,5.23786904763702,59.73414379779809,0.1276091720237092,1.65945221628932,1.3311712556540665,5.495019032417632,1,55.92015863319437,0.2706627155636936,-2.994606186976031,0.4709817196525399,0.2898007612967053,0.5179510292311617,0,MEDIUM
90.7951394698273,0.2068555972395058,5.305625198381632,1.2028166301486776,0.8609517188624348,3.2965213217152587,67.72160960038283,0.20361451169473543,0.0012167257785889922,1.2290782533331062,11.920193150514255,5,71.17797944075753,0.3978227709046739,-3.8592250304134383,0.31200022032610064,0.8268077260205702,0.5191363267507804,0,MEDIUM
61.05534065661025,0.3616624103172701,2.9472429379427174,0.8070503662217067,0.7727124435572145,2.392852800293442,65.576274723366,0.2953741783434635,0.19743890881075934,0.6280209109977104,10.628626715409371,8,46.55758270833226,0.05,-6.262671785110581,0.5217625398228134,0.985145068616375,0.47483734627870683,0,MEDIUM
73.20548287500759,0.3842072093333277,1.7833453443460214,0.8463596057975185,0.716859898553808,2.2699015582586974,76.25835070753594,0.1698884509093109,0.18628938037856746,1.298594681585818,9.61196531834479,10,67.67947569986828,0.2142891858738507,-8.727673142229378,0.6168137568359517,1.0,0.23514888498048966,0,LOW
53.03261505709224,0.4634153967043962,6.872811953794788,0.6866234490921664,0.7273224878323382,4.547587342549652,57.73436693565323,0.28887975479864514,0.42631334538959875,1.2147889985957496,12.025906672227224,5,46.45837565182996,0.05,-1.7597256566482873,0.6407239666036908,0.8310362668890889,0.5405002533763104,0,MEDIUM
63.89884266698816,0.21365975149348987,8.43234348584292,0.6323919444301004,0.6220660583196344,4.893926363445361,45.81547134467145,0.18496623690050895,0.8302122284657006,1.022829183754656,16.576970963371622,3,53.11456310677342,0.5881680629801618,-0.19361347809739637,0.6737307882672934,0.8730788385348649,0.7372433531949883,1,HIGH
16.02923837137074,0.9110730242648303,3.2030639247501638,0.19020478247539246,0.7521973773681219,3.1128128757721236,16.67939996970473,0.40226383546831374,0.1329088988188574,1.0737746978814986,5.506284160840037,3,10.541438557233022,0.3845888409192668,1.848375947974187,0.8272404460802323,0.4302513664336015,0.4101720828178376,0,MEDIUM
31.623284371556995,0.6365757708639814,6.441497760049606,0.44017175632403716,0.8472803815284072,1.1970241183270387,32.30298355080856,0.3000248774829516,1.978496564607151,1.098558185677447,8.737167969619717,2,27.30791606363578,0.5223411778864924,3.2979080025292973,0.5473673131393799,0.4894867187847887,0.49396319729617344,0,MEDIUM
40.75751292243679,0.6483199758569956,4.397771252032249,0.42611132626056986,0.5536393635085575,4.036547527276057,43.23729561928208,0.2916163905520903,1.2008863413729731,1.2750617286807628,9.593626533901965,7,37.160188923129645,0.08267083938284021,0.32209395528837076,0.9937009426656616,0.8737450613560787,0.4221399124777139,0,MEDIUM
50.16193517555365,0.50039751764767,4.519312610364974,0.6506886668113425,0.9201017019437695,1.5522915960149601,45.70643506867274,0.4325858617603349,0.4348608048781672,0.9173846931616509,5.482460109905554,2,48.48952298297251,0.3371277160269405,-1.0111600127646159,0.37004620590818077,0.3592984043962222,0.27738997044862856,0,LOW
13.880143367702617,0.7377491080875442,2.641618411592835,0.15896084336337551,0.7051456950206481,9.502614003351162,14.090505661476769,0.20796709312757417,0.7016434694485145,1.3172004842025964,6.523545238175082,6,10.198189435441988,0.2747234155297585,0.02661383969212272,0.8111560115128,0.6809418095270033,0.5067746769080005,0,MEDIUM
21.902048292032003,0.7941230983093255,9.729969471524056,0.20147756460942545,0.8161975791742434,4.070467153450048,15.780748887666558,0.11894139940541347,0.62436310832572,0.7831882526987554,20.84199620750933,8,15.746259159667328,0.10891042150586347,6.731658907735832,0.6727651803932977,1.0,0.5669879052465125,1,HIGH
33.529216162260994,0.840405689749614,15.025260467082061,0.4296801570871476,0.7448533482286571,2.002145273548151,24.48810043579197,0.42721985407902363,0.6982594963208647,0.6479733063666557,17.051573060346428,8,31.415120272039147,0.05,11.39234488064058,0.8029228225318213,1.0,0.5217556165373448,0,MEDIUM
92.5802787265893,0.1136361294152638,1.2607665810389446,0.911253400401926,0.8260792824381041,4.97397577365499,69.19569427069256,0.32410188211955643,1.5735491491921594,1.1186971643532606,3.1603109445621014,2,75.02281382670988,0.07021997072233979,-6.966878873185834,0.3176991410504757,0.2664124377824841,0.4538660461247478,0,MEDIUM
38.16449560375931,0.6137536237219697,8.42908207513945,0.46397981131747407,0.3700839901813785,2.9018193402779033,40.6801291433165,0.3345771539614014,0.178634489448932,1.25180523825521,10.361125476251079,6,29.86886671260822,0.39002777226923263,5.745154110397589,1.0,0.8344450190500432,0.4516258363653005,0,MEDIUM
50.97348993952701,0.5762925727612817,9.129545047453488,0.4805944241228985,0.7726364904656678,3.4600832082800816,36.92864904393271,0.2103377351244572,0.9208866499116013,0.9640833238500376,18.65654564146211,3,34.268426282924956,0.3962612868473437,4.154288966032648,0.6291915506821391,0.9562618256584845,0.5028359779008703,0,MEDIUM
26.6683055827634,0.7501704213886149,6.688560974041585,0.36627149575876194,0.8352181763800473,3.1906115049802017,19.736141180726783,0.15332782013517926,0.09056434324588107,0.5471562721834945,16.90734214841627,9,21.211155801130282,0.4737725920064469,1.2619778803034132,0.6222579461242366,1.0,0.632638092083289,1,HIGH
61.9163060414403,0.3975996780066205,6.342179571041262,0.6475590817642518,0.8653795573110022,3.058570975069367,66.38444432234802,0.25187228212774726,0.4917113134454491,0.701811938096149,11.002922788113283,3,57.381384329621724,0.10464579335042337,-0.11776901922360955,0.4007305030368069,0.6501169115245313,0.3417469051324801,0,MEDIUM
33.85807331885782,0.5740892530386936,2.98763913899221,0.3430609505444492,0.8310604575968316,2.214495152248561,25.155093687031957,0.2302414552068642,0.808127073255969,1.0872567676530118,3.260835020904894,1,27.179523063827205,0.12040919799541436,-0.09132995150919937,0.5404539401240995,0.20043340083619576,0.44835489372957815,0,MEDIUM
27.594369167266276,0.7427641503905051,15.23882368145277,0.26616651053909496,0.8933868307932424,2.540303212165572,28.916208974119634,0.4223464187703624,0.010064371505787012,0.9979890095634444,25.99960150418964,9,27.393721426367648,0.10244460200341349,11.221622113893249,0.5313018290053889,1.0,0.6672490584793014,1,HIGH
53.90867341790822,0.5437487391342735,9.533565638808575,0.7401666772278719,0.3895213910265608,6.747561789563755,54.755487853313696,0.40972324599480403,0.09149074893223333,1.2568560901966026,17.880984187081317,8,32.44731297800809,0.2517539141431753,7.076684196319734,1.0,1.0,0.6644635345315015,1,HIGH
10.46799292863577,0.8284350985456403,15.24106868389684,0.13147295306644652,0.6513336489444971,0.13837660035068075,7.49626367848743,0.1971187513466104,0.07656296287352334,1.0145848792652479,17.304068296380372,2,7.128545203135777,0.2413575957840748,13.230507871817556,0.9372170758560745,0.8321627318552149,0.6904672338829867,1,HIGH
10.651442775184153,1.0,2.2886361495215266,0.1353617775505221,0.9285628799391658,2.13813789377161,7.549092461731558,0.17181786639942226,0.3756095378521889,0.8518823415451418,9.801921819874833,10,9.336814637995907,0.26996963824075837,0.6666873997385119,0.6071556800912514,1.0,0.3967724946715131,0,MEDIUM
28.62084877365791,0.7064550303318108,8.125048686588237,0.3290545511036159,0.7372055057258267,4.254121470099663,26.152453785937364,0.1994720845330577,0.7783078232711358,1.061816224822941,16.454577277226672,10,25.82721862070288,0.06551463382341959,4.816683757296438,0.7474192565771653,1.0,0.44494646374715885,0,MEDIUM
13.121315812569797,0.7977652809512188,3.783430013636805,0.14923710829080733,0.6955569582054938,4.802777481284075,14.41862242613908,0.2544685186714618,4.4102052221057795,1.2031224118521493,7.435461153285178,3,9.500694768859804,0.4133349462930834,0.5304476008662589,0.8555472031673688,0.5074184461314072,0.2562006511919748,0,LOW
19.18218910110877,0.8879886751425319,17.28219747745444,0.18319194335098662,0.7553576163802203,1.2899826878523142,20.17068689828672,0.3230513328912512,0.23450834303648477,1.2702468861083775,26.076301063120823,7,19.63970607133289,0.22524006021087795,12.723692928313236,0.8109579130009356,1.0,0.5658983109319269,1,HIGH
38.803155193793884,0.5890249092029995,2.628822906403961,0.4578464013231911,0.7408301355866905,1.699563596308285,31.974194637707384,0.08900507499979363,0.11690853817885682,0.9777981283481755,8.175548180297136,6,29.05539189678352,0.22731975791188896,-2.0992960422466873,0.6832672512214639,0.7470219272118854,0.3808348856929015,0,MEDIUM
78.21978276428409,0.2785633633560477,3.8638664299009373,0.8005468179201969,0.8457703825634535,4.359511264008138,66.84065768393639,0.27639144792746345,0.42859022782736267,1.013484839126568,11.370560724121733,8,61.405313309467985,0.3022158133284713,-8.469954897297194,0.3706261078328436,1.0,0.3916447198133168,0,MEDIUM
58.62413468639057,0.3904179625554113,0.492070639102876,0.8140387101688599,0.8835675343622678,4.705710175364147,50.13315562812178,0.11803755670292061,0.1262362545921543,1.1558543863303379,8.439719118150125,10,60.93218290854138,0.08082477081505807,-5.115858578902833,0.369857679734304,1.0,0.3984691700294784,0,MEDIUM
53.57675670629539,0.4594463414546538,5.2909714094443965,0.6955819264569766,0.7458700453128624,3.325219811882547,53.23769761387038,0.15235583666896096,0.01988062500941265,0.850278333162838,7.8791827753296575,5,43.69911388245995,0.16415168174313657,-0.7565316639788073,0.6109181027580333,0.6651673110131864,0.31869699736712465,0,MEDIUM
34.946549972690335,0.69001931661984,1.8931566875579384,0.38668218810348837,0.7811575630941267,3.912641977380029,29.231150096178194,0.1640497327881535,0.6640153109108948,1.1473546817003304,6.321202606668889,5,30.605843447126205,0.4705119485040457,-2.569256465916106,0.67327331366873,0.6028481042667556,0.37308676211677466,0,MEDIUM
89.1990661517894,0.13128110308930652,4.00233649259605,0.8702890900937102,0.6472664442088353,3.6786880221244838,67.71269024811336,0.14141051945594477,1.6933659813575823,0.9535918637338974,8.28729031685262,2,75.20197463646257,0.13754434565308662,-4.294081966467911,0.5947408852314002,0.4714916126741048,0.4639729257387352,0,MEDIUM
43.74627850516129,0.4028946725122481,4.371751772227458,0.5654932009438843,0.8055602261221265,4.361185968083516,43.695662461279035,0.1344453484732387,1.577762837167402,0.9848848591347519,12.644842538515285,6,29.74210136035091,0.37330967487732936,-1.1239936667547692,0.49310699707293426,0.9257937015406115,0.5611247110137977,1,HIGH
17.402885177640577,0.7362716490160428,4.608477940679911,0.16724640506883837,0.8149464800030203,7.205796328930796,15.370336909902651,0.3158094099429853,0.08498967340724978,1.0005352810516626,15.911247683474112,11,18.206472701491695,0.16764006325306946,1.4732431967805946,0.6457161045034909,1.0,0.7153514185803131,1,HIGH
62.450653870013106,0.44984626008313416,11.482582383662105,0.6211759683578977,0.555930518682016,1.6744419685652172,45.633410308019144,0.17704715575358138,0.1276439930893056,1.0259179786053974,18.736339671523872,11,39.1305118799795,0.16886890741752558,2.5809642429578226,0.891027352018543,1.0,0.49486482258550696,0,MEDIUM
19.67626344551112,0.792666438432765,24.54101523301738,0.1978960381659317,0.7364670757414171,4.27294067823966,19.991495040087173,0.4405958254790091,0.5404359986150729,1.3827567760201736,37.287139396955524,5,20.513941532224116,0.30159961760379106,20.311510737291016,0.7916326056042569,1.0,0.698267682786136,1,HIGH
39.343967138143825,0.564661824396848,1.325479558231822,0.4636471391020772,0.8544887923485616,3.7148168366123833,36.75216385047798,0.13198196512612692,0.3667339530530893,0.9062036648818514,8.375222791005882,9,31.89214371496775,0.3736190861549715,-1.1706828102995055,0.5005977236755816,0.9650089116402354,0.4994282721094907,0,MEDIUM
53.13001479101376,0.3600139308692645,3.3963778939862648,0.6872517914584936,0.9444631238471833,6.142475226299014,47.5910901496292,0.044808150958997026,0.9714193259464903,0.9165012070723385,6.787246577140101,3,36.411214943344255,0.621575419890938,-2.9959338814721175,0.26331227966385723,0.48148986308560404,0.44418333515190445,0,MEDIUM
84.30891459823994,0.07053194831553276,5.2943350786739485,0.8912779627209406,0.8865581377576937,7.616036651640657,81.72377284849932,0.22256229291713198,0.5464640202139915,1.2893475180295728,10.230509328532726,5,56.918538099114706,0.7966004679366611,-3.3828941944885185,0.2054287675212259,0.7592203731413091,0.4121082290455609,0,MEDIUM
51.95145932891009,0.31874151551394336,5.945894049424319,0.4895567360237361,0.8956896875984427,3.0854763092957813,46.867856978312176,0.13358454469014927,0.016258644069120354,1.0889381690589535,8.689964109989846,3,46.49713122896817,0.4512521097667245,-0.06210622555321588,0.31583622635930764,0.5575985643995939,0.3128863011001346,0,MEDIUM
69.69199511269147,0.2949775913769626,6.338949183048396,0.7891010176622284,0.4845973162839501,3.018146892930404,66.8602740927181,0.266668233379539,0.26789070489182626,1.1535111420131798,15.884151934632687,9,64.10712588216352,0.4613773688682352,0.29127025079335445,0.9205928212625561,1.0,0.4094529833091891,0,MEDIUM
94.38943131492098,0.05,2.287813605636894,1.2025733829540624,0.9110782392197183,5.397313634527796,98.82530210814099,0.10759076373391094,1.8540929625294638,0.7939498976836781,10.927430278077033,9,94.80592723783451,0.5327624581277182,-8.483316290935722,0.15838264117042253,1.0,0.3705921352057505,0,MEDIUM
21.17657519132844,0.7109072168078904,13.366831058218418,0.21405958192365046,0.8090287163478764,2.162782406667556,20.020455892836146,0.3541118008774333,0.5731471016048758,1.04928683576284,21.433288339383772,10,14.959844266454297,0.11613806643765683,9.74405257209212,0.6419105338821305,1.0,0.8141508728168771,1,CRITICAL
33.352179669159156,0.6610283292949722,6.290320512326629,0.3368444322217716,0.6882454197758886,4.366486440380553,32.14617149413245,0.18926233516358762,1.2793871274549233,1.16207514932623,13.044627927778793,7,26.513153232247884,0.096268486389595,0.48538403132268826,0.7981460349836532,1.0,0.48937551012925257,0,MEDIUM
43.53896642579994,0.5937279862102196,6.7708582538276065,0.5980571265384931,0.7967390215461719,1.1933816994033595,41.16794001677207,0.32077280086944615,0.411727837560734,0.8651260740860743,8.5661056965729,1,45.15149043603096,0.20916768451660242,2.7132041579201682,0.601755460785852,0.412644227862916,0.5410541108274636,0,MEDIUM
45.855395175800666,0.708901882818789,1.7057825216393285,0.6314640376597709,0.7967879721519614,4.501341926540922,41.841760068167964,0.2880242650614167,0.9039923333796432,1.1256985722878776,8.733615793330829,9,36.34504051256543,0.3533245765922703,-1.7685522044515842,0.6592689831814524,0.9793446317332333,0.356558999090736,0,MEDIUM
44.93679139757139,0.4296814124592291,5.208281464337497,0.6269728825186119,0.7116196240980742,2.2450639742077163,34.546909321556846,0.10971399084565661,0.1481034845270427,0.959120496042039,12.956889911535516,9,36.25552517426405,0.05,1.5202699852228656,0.6474112700825032,1.0,0.2701805861243734,0,LOW
87.14693521730717,0.22128113129097002,5.0808302916566275,1.136247711836132,0.9202396238066203,3.6896812986625616,72.70416579496413,0.09544774007946558,1.06706253622942,0.8709158416938505,11.180098858697292,10,63.603216216243624,0.09033144712274148,-2.2229589723981107,0.2302811299355546,1.0,0.47946464169069386,0,MEDIUM
70.6927747796828,0.37092037708437786,4.545074977391779,0.7027512784576017,0.8238353876240804,3.6495383270431447,69.08406079666845,0.04904628089407668,1.235598501514146,1.2026382885807974,9.54916578643545,5,70.12214324592297,0.18793895484508363,-2.400954567955388,0.44970710710606837,0.731966631457418,0.26828027399732274,0,LOW
61.671943197709815,0.3209531488727658,4.475527042171289,0.6204140503278693,0.7580508662885868,2.1998360556145045,53.66633555219476,0.30922462522787786,0.07557185779781762,1.2275826254972988,15.356429151548102,11,47.1500413370458,0.32013082653715397,-0.8994993172965726,0.5234002750035027,1.0,0.3661303033541292,0,MEDIUM
36.29668101833648,0.6532920661835178,7.590953728242021,0.388415364494652,0.8640184714899873,3.3159378310677066,31.30413079188617,0.1562047314571712,0.16199728234132202,1.0257457777821386,9.503197778909335,2,32.158618534132785,0.5352190938795996,5.20523113167303,0.5306183258567778,0.5201279111563735,0.465587315567634,0,MEDIUM
80.02218265881005,0.1631675134648903,3.62177971252504,0.8474879415896814,0.7644470720444185,0.5429502166188195,80.31888199793482,0.07959871872522861,0.4972408090363737,1.0901408790537768,6.217780489983128,1,54.58870833428412,0.31057429559768646,-5.980978987990313,0.4349131486658174,0.31871121959932514,0.4514352406191326,0,MEDIUM
91.18014347622406,0.10305365167125849,2.4994994971940985,1.256702978285629,0.7573224703060076,1.4534920417998842,64.02920823762264,0.26432315665528283,0.811645039727589,1.2649178153004186,5.351217196727445,2,79.97266410747649,0.2896511157922379,-4.887659595164264,0.4155431203766178,0.3540486878690978,0.44452517944541764,0,MEDIUM
79.80185401676925,0.3227119409046715,5.862066008471773,1.0330645201027011,0.465877129548782,3.4287430859146615,77.53530516803073,0.22072685778483916,0.8117655202815968,0.9209025883203766,13.63997866475976,4,81.42057818459942,0.11642180981575893,-1.4851059371328899,0.9625402761291627,0.8255991465903905,0.41698261536238374,0,MEDIUM
10.133033941275198,0.9471181591977531,5.998042728992171,0.1278793337952502,0.8977824739137775,1.1413951473488049,9.07606329319942,0.07672891110464203,0.8825855074522363,1.0697163134706669,10.728341193979157,4,9.622067384505248,0.7856593416217479,6.4276037010824725,0.6268853687282103,0.7091336477591663,0.4795524809587816,0,MEDIUM
64.0941164655896,0.39974750520277946,1.3051355380921423,0.6364427908957985,0.4625739227003786,4.445419650987463,54.52518743082465,0.09454127355306999,1.0025731486360587,0.9227313093605216,2.215911429336956,1,40.4088773273708,0.4432094715689483,-3.999365440475539,1.0,0.15863645717347824,0.45252268623873765,0,MEDIUM
14.346507422578561,0.822110180177843,17.70742226685529,0.19436114274528993,0.9192754659205972,1.030208317741322,11.996759606045096,0.7153112926477669,0.5637979840473671,0.7963084002181571,30.613646078386616,8,12.70072881672933,0.05427164485056325,13.882884516882116,0.5321418912080258,1.0,0.7912471818718919,1,CRITICAL
31.896613728366358,0.5623093295223895,3.325989157912361,0.41910083211661964,0.6624690735985962,2.5798222950382885,24.533286768723638,0.43092724064698945,0.6842609140498523,0.9210704395432008,12.496376600511113,10,27.15687078057978,0.40288811812428044,1.2546745364136926,0.7874510543633005,1.0,0.5093352814620099,0,MEDIUM
15.059599529560593,0.8327265478611614,1.5477111154334549,0.14785829874943748,0.7641660832238717,3.9282282288053954,12.55520067393862,0.40151760257449254,0.006753331687190854,0.7750112888931048,9.16237124182874,8,11.330218496367923,0.1546288608229867,0.40846439600559153,0.7701141490947732,0.9264948496731497,0.5629239981815207,1,HIGH
61.32261350069796,0.4833025173821336,6.351160371619745,0.819015729306869,0.45201714006885113,6.077998046185664,52.52695092339182,0.2214363094380761,0.14579392506969455,1.0851111977383743,15.604309124619634,8,60.04809278842104,0.11307682160913611,-0.46879247264702584,1.0,1.0,0.602074904350948,1,HIGH
68.36014264687158,0.1942251450041124,11.218400273278306,0.708295685929568,0.718485639828834,3.4391418529164843,59.81372806585072,0.2925595849522358,0.5522235046569602,0.8455639509875079,14.858250956153796,5,65.37064897371377,0.2239154580013395,5.141147641861101,0.5193841127588052,0.9443300382461519,0.578051248863318,1,HIGH
19.731449235601936,0.718278358189845,9.708362034316453,0.18556142954332858,0.8779930255936134,1.157938359232163,19.11820083417271,0.2723269743873077,1.0950561283433389,0.7205892534014668,16.00951350471294,10,17.597941781322078,0.667472863595181,8.65727473611028,0.5421496407045024,1.0,0.45673508292429743,0,MEDIUM
42.626305058823256,0.5838383683104929,12.541656816425746,0.5236262855639824,0.6886716054569666,5.320703855043824,37.57203619708286,0.3542379507226155,1.3240709876968655,1.1485413691451292,21.055513759765354,2,39.850556582782026,0.3709922244466013,10.396408690420241,0.7589117759697965,0.9822205503906142,0.6409106440366813,1,HIGH
48.78010326122107,0.4334265846000084,2.148631575223566,0.5984842233381652,0.7882202259078617,3.0140850927035063,49.6832045169766,0.1483915898378489,1.044342961107849,1.1355345740186884,4.952663493379988,4,33.5081796287602,0.3269417333099552,-0.11811620990647986,0.5343829534382116,0.47810653973519956,0.4574637070199756,0,MEDIUM
41.36950684967791,0.522903055734004,1.699940561386829,0.39196201374699385,0.8843603249612415,3.1437798697534833,39.544912980592095,0.33787867741064703,0.533052663173628,0.9339470001004193,3.0999024313945824,1,41.95548304300746,0.20926835742688482,-1.6560596342181533,0.4349110404251397,0.19399609725578332,0.2154370603833953,0,LOW
20.28712504124141,0.7632408630493317,4.610183699027923,0.214927057958785,0.8675004860571167,6.121409788273789,15.739539392529297,0.26439398603734254,0.2642240120353693,1.140640342268075,11.498112864503506,10,18.270879052172337,0.2158287437513614,3.2856439589278015,0.5803697024389908,1.0,0.6224245044565376,1,HIGH
45.61056216593541,0.43464498600543383,10.172306846485899,0.6369091882431487,0.8725404527527049,4.025482426544712,36.98420320710641,0.08878658232064728,0.47062069838367915,0.8387808119375257,15.676454581162007,1,36.968172561619845,0.3535468429740032,6.674038647854533,0.40851181387365965,0.6970581832464804,0.6192244442065591,1,HIGH
73.85013406371554,0.18356891166553507,5.1363283135071605,0.9151607081284145,0.8894438398750193,3.291620252986271,54.03611906185556,0.24577199285206514,0.007470692170638721,0.9255367126157712,15.907242621379535,10,50.7275625839476,0.4351258531662409,-3.0594105117752566,0.25761869602023857,1.0,0.5443165616392516,0,MEDIUM
16.035651485326714,0.8959177184897176,9.870125509855441,0.2028570180166545,0.6323857597895216,7.757407181015334,17.291061825345484,0.38706473541533537,0.728961872004371,1.0814660288275981,20.05417913181472,3,14.548240772031416,0.20319701189294065,9.717814283886687,0.9993802195605764,1.0,0.7159596897673658,1,HIGH
16.815301196961794,0.7272574054519049,6.910927240595627,0.16923905221003585,0.8583968951546919,3.020658597520256,17.73375618514587,0.22210343549579734,0.061994751418901844,1.2067603642773415,15.259985403025084,4,10.82102724303388,0.6002456844368904,4.359277527587679,0.5760333599939147,0.8903994161210034,0.515212529838931,0,MEDIUM
40.15555980605866,0.4706146311798264,3.9319002793348923,0.3772177290737421,0.9535772932169501,2.5355947751845234,29.47090782521032,0.09134612292681375,0.12568813237916826,0.9235121285580531,14.52708175170622,11,29.871177466087325,0.37475550276041736,-0.383058350136922,0.3049413757644881,1.0,0.35925201626932185,0,MEDIUM
90.04668548760863,0.05,3.032455658592246,0.9350905662239256,0.6311752994811684,5.074658752323373,83.7101368193243,0.030405476550986327,0.7867495770893471,0.8808180462130862,11.629390313792133,11,77.27822001877254,0.3985492966687346,-6.803921122161543,0.5782370507782475,1.0,0.3982277757486752,0,MEDIUM
66.8286749714477,0.39026969048631066,3.363594727551376,0.6846258211679993,0.7026081575251651,3.8078383055532257,72.45302487786812,0.4165058251186401,0.01075085339948253,1.1965014077244422,4.594616902827765,3,59.52716239727057,0.5037036113559402,-4.452412678333108,0.6412226089554076,0.39378467611311063,0.41179884306341685,0,MEDIUM
67.68694631716801,0.3073767921885688,2.7273932055266945,0.6885603866362215,0.7229335898987802,3.384060245774889,67.60958798775543,0.14192708266088913,0.6818181268439035,1.1225372835628673,12.253670240977307,11,41.140029908883044,0.16089963166605284,-2.590643772796642,0.5692880112461141,1.0,0.3823734546206981,0,MEDIUM
40.76319922121852,0.5552015215385654,6.801887812686942,0.4061552071101281,0.7170721359483301,2.8861956458334888,36.5533748317534,0.2170811233620496,0.8137292669831022,1.0297447000313587,12.733268085993148,3,24.619524997129165,0.6883161069267525,2.8771237227565245,0.7019925568467875,0.7193307234397259,0.5482657547362291,0,MEDIUM
60.461167252725765,0.3989370312739909,3.370626421322726,0.7179025049853934,0.7042176772172303,3.039043465050122,48.15376433187449,0.43397396889763823,1.2419736640129222,1.236223769644659,8.465346294680105,8,39.30929375206284,0.19219401857465446,-1.9774614520673817,0.6431419998111501,0.8986138517872042,0.4872022356289852,0,MEDIUM
10.861150642358187,0.751731898947646,8.053831106677677,0.11556826216822046,0.7655567230290987,5.239711276514546,8.815070932555116,0.3037374646272686,0.056364176126944845,1.3894011028956135,13.104291669944129,4,10.271912160992304,0.05,7.697119885564796,0.7275308649301749,0.8041716667977652,0.5301515879936188,0,MEDIUM
64.06816394481109,0.3988948128538917,0.529108447868781,0.8394034700801682,0.7500680746074937,0.08203856990111691,63.71548035427862,0.1588662594469937,0.0023487753112304364,1.0731833557056605,3.2780372073609865,3,54.790845966694214,0.3505296627973417,-7.473085982616455,0.5743452945157053,0.34112148829443945,0.3574760005364061,0,MEDIUM
87.62939054398012,0.1543808970724903,3.203841975762921,0.8692605154863466,0.5911195388721359,3.1128191090322592,88.7011075680097,0.3854651477531757,1.164885691225164,0.8820256466268672,11.572159522727103,9,76.56935572208683,0.09726685066553505,-7.508762966814828,0.6905111402280413,1.0,0.5053423803390729,0,MEDIUM
62.06874480930963,0.34656787397924604,3.289267025124514,0.7028127987499702,0.8705963167030641,2.0155253911861677,56.574253779138594,0.09202686168770526,0.2740529584178219,1.0994618213075051,5.4725262626890805,1,54.095586727209984,0.2657116247430855,-0.31002996738682453,0.3673894619350268,0.2889010505075632,0.2526948235380106,0,LOW
84.26438044463933,0.23783015649732003,7.658828524400526,0.7641337696250433,0.5179102606018952,3.5467377798599213,63.061733270803025,0.16570688302053885,1.74574818487381,0.83601322268944,15.354691729415576,8,51.95470134890533,0.4834817862693805,-1.8987802642018379,0.8420496873458173,1.0,0.6462500839632406,1,HIGH
71.53770971461798,0.1944232149375772,0.828369568560749,0.8161316382238744,0.814126643734083,2.1968079376702625,76.79911864989727,0.0648874015264208,0.16362290533398482,1.2484325532358596,5.434553859255829,5,48.46864155335337,0.38393596032135874,-5.839415055417223,0.376021641867664,0.5673821543702332,0.25493004732228564,0,LOW
20.24746539431367,0.8877580655171489,6.647653533765687,0.18788010077320533,0.6366078871873316,2.9358367004921364,21.01494746983787,0.1996569401341572,0.7045569516339,0.8596701132341165,13.377222192813086,8,18.780330965740063,0.2984993014419383,4.362938342934412,0.988967201977577,1.0,0.5620377492837911,1,HIGH
86.70853111929655,0.1452741820546546,5.163144299204291,1.204261627850054,0.7828851786821263,5.3864445225561965,65.57033622141448,0.10747980017759864,0.09269659013013942,0.9613719148193117,13.446685157026309,10,77.22028826228767,0.26572349351398467,-3.6081089032950535,0.3983093230041379,1.0,0.4547949314974838,0,MEDIUM
15.647726770240865,0.8165985251073374,5.771565645557871,0.20268438901129165,0.7393945429311424,1.8513858594502308,11.308471830752712,0.5788960088281841,0.41225542866635695,0.8324647136513226,9.44872813355696,3,12.524136375054082,0.05,5.187446869346347,0.7992074481569551,0.5879491253422784,0.5516412155362677,1,HIGH
55.38723516655992,0.44453775750493585,3.461017678724473,0.6342147145705057,0.79508498030158,2.6714274613737827,50.643156361639555,0.07221387498466258,1.7100932188412394,1.036434653154173,9.31011660537997,6,33.74078447976861,0.30243923369694614,-3.4757842923845286,0.5296414083000979,0.792404664215199,0.5142221010354388,0,MEDIUM
22.081655522443903,0.7706022635106856,10.961190539058725,0.2082948607815695,0.8833647829208691,0.29553770136801516,17.966894627290273,0.1266191479527506,0.7499042667305196,1.0434908575870043,22.44569720607496,11,17.391070186524058,0.2649398263800919,8.196494788234567,0.5602539573740393,1.0,0.5168349840206636,0,MEDIUM
10.995061912126845,0.9876720125921489,9.56835619477405,0.13152542871438103,0.7697320671902115,2.6442645747109683,8.942282575130836,0.1473858683875614,0.9359587003580292,1.1485291908467279,20.74056379606534,7,7.823859313556162,0.5964041556236684,10.346400548117185,0.8392379055107573,1.0,0.612063788391892,1,HIGH
45.87291211084931,0.45513654869382575,7.4426244444728145,0.5868897232418718,0.6532159430702101,7.025071745951456,33.71148186095769,0.5250412531702418,0.20491605865273385,1.023928437592199,18.318734779439563,8,41.91734406809314,0.4832047037882999,2.8067594623018484,0.7477443597415977,1.0,0.7495191705901638,1,HIGH
35.07846015060328,0.5882138593622394,3.8992048490223854,0.34915647915322684,0.5005308327031728,4.524310585035363,37.932244917709085,0.09351064713022958,2.0485762219396197,1.0092534095386059,8.555590916672276,7,34.06485449857981,0.09192880272115452,2.415717438134286,1.0,0.8322236366668911,0.5235393944057921,0,MEDIUM
51.310041972796256,0.5698038116378358,2.9833886312562026,0.6075643468306617,0.6504380441871375,3.085211615270542,52.95537973677911,0.14286397267696482,0.7814324749178818,0.885223982321123,9.524339300785728,7,42.4186766652915,0.34783394617994906,-1.1846744036950032,0.8092448395382117,0.8709735720314291,0.4849046888392238,0,MEDIUM
59.06199037243682,0.36173730146092314,5.142705846005302,0.7720024945590416,0.9382155783001039,4.232594144149107,44.032712288476034,0.10890431004612702,0.08953713463846223,0.9427305381146567,10.757508586875101,2,46.162055347112556,0.12641194490894367,0.34857346652637866,0.2735452832803057,0.570300343475004,0.6384349212783135,1,HIGH
13.717821146260526,0.9348644347239221,12.393743489900567,0.1761538183651662,0.7472145890350469,3.3576286828814235,14.412484847048962,0.1657041238642188,0.012539562191573525,0.7214174038026788,18.754658979638265,3,9.916188631249616,0.18210824377487989,11.532848328659936,0.8466103338093907,0.9601863591855306,0.6221318278950281,1,HIGH
20.45528008551838,0.931402077785513,1.7706489263742262,0.26622465392920636,0.5052372350981252,1.818647369070432,19.906719024193638,0.2885925464181763,0.012840513319808353,1.278740181603862,7.324585785872238,6,13.125638585736583,0.11100468165536097,4.023552380464092,1.0,0.7129834314348895,0.5280939837331174,0,MEDIUM
57.48460369828616,0.3930103608618077,3.999482336302963,0.7700992262908531,0.7804800722319094,0.24120467043800073,47.72236438491602,0.16438530387019928,0.04205574349914853,0.9811396355079144,8.933728633943357,3,44.1071743426611,0.42379703074080816,-2.8015747707086613,0.5257850720830397,0.5673491453577343,0.6535885425485819,1,HIGH
39.16922501967595,0.6628167359292649,3.5021262622101883,0.5361644314591187,0.7876246817265079,3.774757722896728,41.06894111953466,0.4919743536775049,1.9408502103208507,1.328139286320694,12.943214818729206,9,35.452629931387854,0.45983840317383534,-2.8773841539674994,0.6499713453748706,1.0,0.44832612802279137,0,MEDIUM
71.97974644170307,0.1879071530757806,3.6451766486263177,0.7937642676168128,0.8543217838996227,0.698571629950107,67.60401668641532,0.13579230123053093,0.3550056567747455,0.9757941905045194,9.462302018090188,9,64.76269235240211,0.22975033985188656,-4.8322114624325545,0.3124709006884563,1.0,0.5060663443701521,0,MEDIUM
65.44479013031487,0.40593076254227606,6.620947797049889,0.77511798390892,0.8923366803194889,2.645710496477863,68.02776103217677,0.49134410663759887,0.28332253251726464,0.6195751362859293,10.674892509285742,6,51.42323614806054,0.16963584444080843,-0.27264292065328566,0.3644603607919047,0.8469957003714297,0.555141985182656,1,HIGH
81.87637085414208,0.1971902103375206,1.5261381069199276,1.0605690005566317,0.5046564242793856,3.6173718707683955,72.68224144400818,0.06668968864347524,0.43103135265167136,0.9099212155185055,3.295928449004238,1,84.7166843869315,0.5516798370337838,-2.821527883542301,0.8416104687496819,0.20183713796016953,0.540737403087245,0,MEDIUM
68.86189026688416,0.3492241599039756,5.844243993013303,0.8597888392450103,0.7522193999278565,3.1174618493201973,61.99363398266898,0.14466324362571417,0.42152549626584224,0.9994787537988358,8.984985303253874,1,70.44803061060432,0.3211278177412459,0.10924843573590337,0.5462829800602031,0.429399412130155,0.43412675475546864,0,MEDIUM
46.54414157816259,0.4829128184555425,3.5859222081919406,0.6505754464447733,0.4663621503523359,2.2019845952985175,37.99882390854133,0.09144260402582333,0.21796502106988377,1.0130700723441193,8.069850704733188,4,46.26687103034501,0.09060494021032087,0.6083781241747142,1.0,0.6027940281893276,0.5065682179640922,0,MEDIUM
67.20216290352676,0.19509169771935866,8.10606371174722,0.6094153048201003,0.7392160432595014,3.1024005545030895,57.46302900869876,0.22577860772336772,0.07705720124901644,1.1353674453525964,22.028552627720376,11,53.50025958025057,0.2724278741628975,-1.864121020063508,0.4887217839704272,1.0,0.3970788348872874,0,MEDIUM
33.407399811710576,0.7061861670628546,2.860310534023281,0.35998698485775976,0.735670085112227,4.277702471621682,30.97202801511438,0.11428548823127734,0.09199348107331808,1.034776096891214,12.484566802832237,10,31.267303552170397,0.1023284002496082,-1.1491517188291458,0.7495879558630869,1.0,0.34421293885197213,0,MEDIUM
36.036647396148076,0.47456127384016294,10.172432787564436,0.3749663480026826,0.765751424361742,1.3058145197890427,38.87718890052653,0.3596556367802316,0.7314116252584142,0.9326007473095043,21.675135895385605,8,36.68710590410641,0.21369192192802056,7.544171578383343,0.5886535003774684,1.0,0.632134190107333,1,HIGH
77.06373859326743,0.20397457468792293,1.0649760846987948,0.7946488478695443,0.818437420841707,4.281138013580181,72.44354428703183,0.32830707217456384,0.40445165876734546,0.8170020595295925,3.099501197972761,3,71.81852153567766,0.4675089307773258,-6.358793197103261,0.37433115608140094,0.33398004791891045,0.455058966081797,0,MEDIUM
47.94565889413448,0.5958379603722528,5.53232683431116,0.48485761527459786,0.8226029353246593,3.2368990612716613,36.38841903050897,0.3174791157872566,1.8619563566346047,0.9187263281475935,11.708640338507024,4,35.58010335121422,0.13812283848824192,-1.617286771943145,0.5640145771991374,0.7483456135402811,0.4168049359538496,0,MEDIUM
77.86232894405997,0.23672852942924322,5.2207590018492045,0.9768311292746925,0.9025041230813301,5.3296193470413185,54.72152597881151,0.10932773221501069,0.4985040213916957,1.1209051687217468,13.189254791016754,11,49.100264663605294,0.07231931798815948,-1.9805684766378346,0.2646080800926265,1.0,0.524155238050199,0,MEDIUM
79.90590176180366,0.3568083939651484,1.6968800550995742,0.7530170265808335,0.8105776400277185,4.706860018575382,83.13371202636839,0.17880267965734128,0.560123862630465,1.1716825418203456,5.8710885279969185,6,82.3914225527089,0.14908250164536432,-7.3997397366084385,0.4625377369409965,0.6548435411198767,0.36340605846090673,0,MEDIUM
82.89279870120912,0.25308074519445073,2.097981794058354,1.0534053472463998,0.7885288306904614,2.396172245675499,70.1049406831757,0.2233360798405685,2.1075979837584593,0.8652285972252305,11.297160267389788,11,86.75492166306731,0.21417692315993545,-5.679526580775408,0.44374712656153326,1.0,0.4623168833322999,0,MEDIUM
87.91399504650262,0.06854817846892763,2.862132692846788,1.0960351356192015,0.7609893166067875,4.36402890627745,72.61576215547716,0.2274542397453365,0.5571472443199886,1.201399291242553,12.153871281641665,9,80.18973778524608,0.2659706695479447,-7.902315010874446,0.39279011432428257,1.0,0.5250860634337776,0,MEDIUM
46.63374374363018,0.5358476329518133,3.792105225878838,0.47818337191712296,0.8342321726801007,2.858106663445159,47.58005661847884,0.0796614844817928,0.5576952103698682,1.1138128147645565,9.509091609322692,4,34.597986964164555,0.20485738838604772,-0.9302338447530226,0.5165755574557556,0.6603636643729077,0.271939736091975,0,LOW
37.1036795572968,0.6251735482234771,3.3896161605932833,0.3808384343747672,0.7605813778839423,1.977963766883445,40.00317329744286,0.04933370233898603,0.36099320974412175,0.8225831597576286,8.428326167041526,3,36.70529452720667,0.4119436621428917,1.6266787258641124,0.6717147072858252,0.5471330466816611,0.48090082077580376,0,MEDIUM
59.48689346049968,0.27855692432731305,7.678076237158884,0.7224268543539764,0.858061655160696,3.3473447838369266,59.44037681212694,0.15877308744920723,0.9914364589374746,1.0493410101113168,14.878316820188012,10,61.21525547287307,0.4797480513190181,1.1542634364258988,0.35218597942261254,1.0,0.5167613119535513,0,MEDIUM
41.54965599219834,0.5092715267592685,11.56794194563415,0.5322866401299866,0.7207343159190815,6.250408765859317,31.974077613194066,0.10464476903986189,0.39836393707060586,1.0739534125985615,24.593882850692115,10,34.39893156553433,0.335192874033218,9.516384076275871,0.6735342895010119,1.0,0.5706599004245723,1,HIGH
61.091304178019804,0.34422608566141316,8.99144889116932,0.8175499835860702,0.9097635488217387,3.422498572733601,52.327837077591745,0.4527058118929579,0.7100113620146404,0.7871114397573675,13.197436097845689,9,45.22235975359732,0.3149231379111737,1.109799035877356,0.3074677195980985,1.0,0.4468390279278906,0,MEDIUM
69.9747983247251,0.1373543765242741,5.167835279863552,0.9279146555487066,0.6503878517666674,2.8832322701592092,70.23786304919123,0.20061665422999017,0.4744899523295379,0.7282724745218632,13.683235245062846,7,54.78060250582226,0.11623337969763507,-2.455838191922081,0.593095410612136,1.0,0.44026830967722697,0,MEDIUM
68.51442657183163,0.3186552117418151,5.786799449667871,0.9471718644167265,0.707777557688944,5.910884532078259,72.81509945442038,0.2415513969601114,0.6018845081337592,1.0947638090807672,14.309181259096471,9,43.38550221526297,0.4139523065248043,-0.3739158901007711,0.5976612693374915,1.0,0.4859545250749764,0,MEDIUM
41.836995396710314,0.5617042984606536,2.322212990971846,0.4981499445199455,0.7420111955317543,2.3589552206747912,45.99726728914385,0.19304639905868967,1.4036971964467597,0.9091448024110018,12.969633963803863,11,35.75183033551319,0.24930927264044528,-2.8426513863451737,0.6678353559326953,1.0,0.4047275759837339,0,MEDIUM
24.18311714439399,0.6243373164511342,5.691512425934026,0.3275186737185409,0.6276137326647006,4.666802707319604,21.876636938601873,0.14705563606714314,0.42718399854294065,1.3024203421067275,13.054025176486455,10,18.632706540536795,0.21062981642527337,2.7787279101404616,0.8707480592285164,1.0,0.5103653353624994,0,MEDIUM
46.59499376928764,0.5663870915293101,5.283993287349365,0.6077182985733647,0.4942262734760563,5.386622374133823,47.946711152792396,0.07142793837251667,0.20917265281500352,1.3442132556670647,12.945687197551266,6,46.503820798522604,0.30583021556505846,-1.1475916654912661,1.0,0.9378274879020506,0.5794649935658058,1,HIGH
22.120502246962243,0.8360647971056543,7.576092567492128,0.2980370061922727,0.5076764767939905,3.777152254192775,15.896957716408236,0.19370137387828323,0.675772418828991,1.0943978578203062,9.299866918771595,4,16.015211622422015,0.05,2.838542593511834,1.0,0.6519946767508639,0.5484099557427821,0,MEDIUM
85.6582479906237,0.16158027840295408,3.5803773268850567,0.7759038033965635,0.8280820936838352,1.6161561206133488,69.7540725119842,0.19973406043569886,2.2181838630887536,1.1903480213542237,7.382090619120784,5,51.71759344146796,0.18884418159092448,-4.503064723770006,0.3386669986757242,0.6452836247648314,0.265111474868812,0,LOW
39.39958416271788,0.5800787043561036,5.348077944640112,0.5448771385696509,0.557663287588591,3.5285935062556417,33.434698355009374,0.1814608469870586,0.945278713261425,0.7952293106873329,13.105679885561074,10,36.70950498432834,0.43071556752066714,0.9063265226026478,0.9535444207951653,1.0,0.5726145638594379,1,HIGH
23.12907851398252,0.8160245870003232,8.368642626270471,0.2629232882019183,0.909127503553739,1.0630385261402338,25.21554200370259,0.3821302521299047,0.29495550407147214,0.733620662788281,12.424340602075882,2,13.95455385973191,0.4189705350976277,7.80719528050397,0.5443210381695531,0.6369736240830353,0.5019341874656262,0,MEDIUM
12.163059591988825,0.932787032918247,7.830349685411705,0.15800927266545248,0.7675924397359887,1.9865048060524468,8.530652572580815,0.35956391514457436,2.6373365382763687,0.9717171375881404,10.528932671044899,3,10.286141342028907,0.08764626963084833,4.904981901550922,0.8150048568551405,0.6311573068417959,0.48195906857140863,0,MEDIUM
64.89490283435117,0.37564325723406333,4.690519595716943,0.6253286203319331,0.8009661561493419,3.429899158834546,53.422022323273275,0.32107123087769274,0.3357123656485685,0.7426878823481962,9.2836735729407,5,44.23019375264981,0.16037458370055135,-2.4535911306489675,0.4863723943930189,0.721346942917628,0.4234347653686181,0,MEDIUM
64.13669698365317,0.29266405012868746,2.2393650427280036,0.7042020432808607,0.8584427110469,1.638933372652768,68.76511555442477,0.26583474668787144,3.271677822053812,1.0615275417525538,5.145835939755223,3,56.10137096726093,0.38430864806794934,-5.247191896703008,0.3586679584939938,0.41583343759020897,0.37097449229062557,0,MEDIUM
38.95135415940979,0.6326145196467966,1.9122059667810796,0.4034309895630822,0.7831926822238148,4.111258548841187,32.044160930059654,0.12627241106086423,0.1705444067864055,0.8432647258709148,3.676328814285988,3,26.839349659103203,0.31667551227376034,-3.4232552367376523,0.6415182364876761,0.35705315257143955,0.4174238739623764,0,MEDIUM
16.095510552050335,0.9346833465455349,7.9793734272093495,0.1683315790594323,0.8468133640055826,0.28077930279154323,12.715883188068979,0.33359165968522325,6.0,1.0380911613993173,18.358633415157257,9,13.292392116147756,0.4689506000421928,8.36108758751835,0.6971216272643935,1.0,0.48678414356865496,0,MEDIUM
44.81845606609472,0.5040851146501144,3.52831802972911,0.4309867375331918,0.8363831276085457,1.138410963523778,44.46149519592796,0.4529371736912124,0.0631528816518767,0.9653796163695336,8.065974988986463,4,33.64884488199202,0.10625041764093943,-2.443984894873897,0.4974678659122386,0.6026389995594585,0.464269475799843,0,MEDIUM
36.453487080388456,0.8033002763267099,3.1376342830430968,0.47494589102075,0.8672018179982541,5.2579692051998554,36.38552163886457,0.15696529966652903,0.9992873900375214,1.1274704744387265,8.715214977076778,4,24.86673543026468,0.2899743112618206,-0.5043208350608182,0.6008474111659737,0.6286085990830712,0.4205226101589915,0,MEDIUM
67.55525437747579,0.2823969815064113,6.143237499000614,0.611119123960089,0.49801507825519503,4.54750448895454,60.047916853701196,0.3152887968789783,1.0790187998119314,1.0652677560790853,5.46925745042715,1,58.9701394636266,0.3308726814484253,-0.35547383319118453,0.894175873370413,0.288770298017086,0.4290085279557546,0,MEDIUM
61.49123620347868,0.38768019903242407,3.9517270120823955,0.6495028601830739,0.8843815717809194,1.821917434166516,66.33471566431314,0.29552757969139865,0.9104848499433609,0.9192153717797166,8.117882940541534,7,39.16981835090337,0.26575157798292237,-3.715259742875525,0.367267741844833,0.8147153176216615,0.4145476691775126,0,MEDIUM
40.9904668967909,0.5362964833515841,12.782717265260263,0.404660050061937,0.5950606167275495,2.259269605612497,32.01694996123564,0.27511324964812667,1.2026465177063035,0.7263228669802995,17.71323209977532,10,41.95420636755068,0.3747763427717527,9.899855650707076,0.8755573165844679,1.0,0.5976662603677088,1,HIGH
28.520867111674157,0.7326529957568793,8.601910891765808,0.34068731074852643,0.8094699699629184,4.531391175877992,30.385171625624363,0.19332845917588312,0.5106741175396391,1.0325021175718232,16.721952535497344,9,27.099338701937647,0.3819372770236185,4.041629298577018,0.652121542934062,1.0,0.5022886157705796,0,MEDIUM
93.98305712322531,0.05,1.3285498230517152,0.9653246045022276,0.7865503677003628,3.4106633070199317,94.1901234715117,0.28603784394891674,0.04450653448876847,0.651504691826621,7.538195417394462,8,95.12405195053063,0.27686936833441034,-6.375575017001108,0.34517444844945583,0.8615278166957785,0.47810345414991806,0,MEDIUM
48.59013780166976,0.4704152780779647,7.733265581336655,0.5002350931947271,0.7896529682408191,3.0657353508473895,41.169614069897776,0.1634919121513913,0.35422621590300774,1.249221382167175,8.247372351632086,2,30.082653108037388,0.23414805050211426,1.8652896093772353,0.5507281866777537,0.46989489406528345,0.524965536023928,0,MEDIUM
68.50331004132015,0.2275972035589131,5.051409649248412,0.7837936867874522,0.8295741799732371,6.179833934964395,70.06268156969371,0.16475294511825517,0.8224809299790092,1.105786816060834,13.100868338102082,6,41.167945647251436,0.08156219817085847,-1.1737021578997946,0.36943733181960087,0.9440347335240833,0.406364813949939,0,MEDIUM
21.947002244160664,0.7913570453897767,3.136159609636779,0.2691458592532178,0.6459811612398569,4.678270718084162,16.532256956784362,0.12573186770421124,0.8313251865655176,1.168554914457395,11.100398694922179,10,16.703155723907173,0.625842943515621,4.164953325813623,0.9267067808351029,1.0,0.5268210230706949,0,MEDIUM
51.27512447104881,0.5668045453302244,2.9788557950475347,0.4925756893669522,0.8564165390712438,1.2133969354251017,38.57904458653858,0.3348571510663102,0.17372305283154993,0.8061031933380606,11.277208227728995,10,44.994241796803124,0.5229548827506748,-0.6432487303911665,0.49877746405824647,1.0,0.42817611549568624,0,MEDIUM
12.340621188904567,0.9282742830801185,10.323132843802217,0.1218951924460967,0.7559402256321768,1.8619886276018152,13.228835934131434,0.22851877779774407,0.23335765079889154,1.0712162209953058,18.668975644696005,5,8.761569545151321,0.3453608672297188,7.161643209764866,0.8302268030917941,1.0,0.5372209273573333,0,MEDIUM
52.96368502238825,0.2806304009074061,0.8198355992785394,0.5421295917924608,0.4203692073837784,2.068719746233765,39.08254950118632,0.328425850689393,0.5335129453481339,0.8666794388434234,7.226337263675557,8,44.87065388693992,0.1488549275461625,-8.336436519128936,1.0,0.8490534905470224,0.4034180590464435,0,MEDIUM
91.9414796050047,0.24395077618418337,0.28541787633550175,1.2751125742887233,0.8395990841627434,2.283577822211406,64.50906975947969,0.0887819273272348,1.0433602434411238,1.0298139426365125,1.1611186018315907,1,80.23739663813284,0.4049378592458341,-6.823613683371965,0.36257676184797655,0.11644474407326363,0.23651813663959767,0,LOW
42.65757060379302,0.5970466892117392,5.76288430829389,0.46862593946807735,0.8401412186306547,2.18900505295225,36.49833768737962,0.2547520379097085,1.53276014844706,0.8003127740497302,14.273663870118478,9,28.50516001787847,0.33369244706441314,1.8151747546572272,0.5383115166598875,1.0,0.5072102872319019,0,MEDIUM
13.314661068867485,0.8047334580718851,7.027843614983794,0.15970869982161903,0.6011347902937826,2.408788932356095,9.8733589587014,0.3582331229706544,0.0723642532737515,0.9833116278705856,13.622201183243874,9,12.595570670309664,0.5740800835096893,8.008071879800386,1.0,1.0,0.561722949083914,1,HIGH
12.631242228144199,0.8862578112378332,7.964533981310253,0.1289361089327117,0.7695759275772915,3.1357347880302666,13.202358758859448,0.34569406707781697,2.078853645394464,0.7242938999373614,20.432305874691234,11,12.901065966176459,0.4743457247913165,7.955038430794593,0.7887650142529793,1.0,0.6031004550470993,1,HIGH
42.97887459548391,0.5843064398453763,5.444123659526841,0.49220686348887643,0.740363303332368,1.6919345499274046,45.94774373857084,0.16887789126982686,2.1018953428805953,0.9679938819318089,14.315695246662898,7,38.16771106537162,0.6043374977459403,1.1089222831717898,0.6816082649241362,1.0,0.592810183263748,1,HIGH
23.602119599371495,0.7106309066501599,8.260366198378298,0.22116592448666372,0.8409229870385103,3.701709244962872,21.075997619332057,0.4031793651052489,0.006372305350255694,0.6711236533959386,19.122175334230153,8,24.228329889528755,0.2912916439387301,7.753848422565249,0.5939309727673145,1.0,0.6523524600348622,1,HIGH
11.984928187895802,0.895984051508408,15.04349191250545,0.10994626431092465,0.8127631221670428,3.239207945326012,10.429148039174754,0.2650079759244995,0.5648393649963745,1.3494227417861233,23.361939676229476,9,8.518410039014272,0.1296417377985147,13.301819762788039,0.7288473425036397,1.0,0.6456143353653003,1,HIGH
74.27815718576502,0.20862064513272516,3.5075699652360686,0.8425867275892974,0.7032794005615208,1.4528856160350465,68.01024768689727,0.1635426727400154,0.7077256437194718,1.03208099741379,10.031442662425682,5,45.78739907550932,0.29678025559010457,-1.325921844256782,0.5493912217240813,0.7512577064970274,0.5587690917552285,1,HIGH
48.97445575496071,0.47790648303519107,1.2526625173023334,0.5383907099840195,0.8589137654041364,3.4002575561630906,38.71322248706478,0.46537925605764147,0.6454351981616179,1.0011360432279297,10.902916477091967,11,34.83778396636825,0.475799192697222,-4.3425685635786975,0.45058259341139084,1.0,0.5352502834279855,0,MEDIUM
34.58580561767563,0.5992396129628369,0.8537312812491825,0.33494283120781493,0.5152448954406035,4.269139880948845,28.33221967788775,0.2068411458016703,0.7652146090161263,1.1352114110898528,2.3856059429513143,2,30.838435666811343,0.15582390938536955,-3.220174456602769,1.0,0.2354242377180526,0.5972495489125728,1,HIGH
86.50707055640086,0.05,2.193108636836716,1.0759755616392477,0.6124565795392511,10.986543221732305,64.0490450741388,0.12576391247537802,0.5598978458742461,0.7401386358555515,2.4420453307547834,1,75.16908315463762,0.2554406132038191,-5.579522607578421,0.6063151306911233,0.16768181323019132,0.4585323999054826,0,MEDIUM
19.871811617044678,0.8129488014467839,4.83417233151172,0.2775002601786832,0.5545127950653003,3.4897583478526197,17.45897697472225,0.09295665589802021,0.27829326850641717,0.8438498066200042,12.08548888995851,5,14.31431282435209,0.14612565993694854,2.380981299401636,1.0,0.8334195555983405,0.5131802976008445,0,MEDIUM
91.25310046120214,0.13429295030928562,0.8200407656229796,1.0017978997599137,0.7368903613701202,5.821929910588409,86.2046731557774,0.17691051264067176,0.0804791724684269,1.106211962989514,7.6249998487552775,8,71.50787162248574,0.07530967526085545,-7.150887447675238,0.46181093309946253,0.8649999939502111,0.4699614895342936,0,MEDIUM
36.68717097707499,0.6743189779153599,0.4541617412647272,0.4447509860992258,0.8297606690399848,2.4950728098478447,39.33193056017566,0.06861263981855967,0.18693844457934597,1.03229093298132,8.441985045630934,10,28.0816759636081,0.2271909825566846,-3.5672697127994875,0.5925184853977028,1.0,0.20786500414603726,0,LOW
85.5143121462379,0.2104508987484397,2.101332292346434,1.1813699359395122,0.732326446522167,2.2282712740681356,85.14055202712107,0.3196496964197572,1.0784442692336291,0.8560699839250525,5.229576236674621,4,87.88233912466963,0.30941509093591557,-5.765700867224057,0.5067357795909693,0.4891830494669849,0.40164055149656597,0,MEDIUM
61.25014450075423,0.4134457717936471,12.231489757434737,0.8059094866057971,0.9356757249821732,2.1269318810231015,60.59020441588298,0.26795871049073505,0.22066975388050947,1.1296091419622536,15.267610136160453,4,45.41404995180931,0.3994670168814838,8.014741676902,0.3032092984235637,0.8907044054464182,0.7304067162517605,1,HIGH
80.27012557802644,0.1546807043623833,4.245591347001066,0.9084781060846375,0.605791062808123,2.9349131900971246,66.07833405069667,0.16126595961941734,1.4162035070913395,1.0605462574354532,10.135601205805408,4,55.137612607514335,0.21324068830910017,-3.590255354427374,0.6686537579690072,0.6854240482322164,0.34099911384993264,0,MEDIUM
93.64111887288946,0.13076192042560048,3.1481821961189587,1.1880667722650915,0.8444923614388454,0.032624065062815,98.82109451747425,0.09294523845634241,0.41332522843708697,1.1011114545398242,9.196459501318149,8,80.01874182699213,0.4315292428837235,-6.539491779857098,0.29864241805453207,0.927858380052726,0.438544218956153,0,MEDIUM
34.51446221459339,0.5462539746667113,4.810237537020422,0.33274271995680105,0.7587530394235086,4.335257639735414,37.23359019499767,0.08805122280990521,0.42819828669019966,1.0779476960499963,12.244400643484417,7,22.647379978278003,0.19785891170919956,1.016319865420431,0.6349974281980928,0.9797760257393767,0.441368909241562,0,MEDIUM
91.6965162596454,0.05,1.992482236045703,1.0600593438826253,0.7751477232179597,2.5416134278194917,98.38166678930845,0.2510793514969341,1.6229910837193273,0.8637194000299,11.990626710429705,11,75.97436448218417,0.4435772691299909,-5.989515454037819,0.36227841517306053,1.0,0.6643135435654152,1,HIGH
43.10596106670573,0.4918043836190831,7.210441730139875,0.4480994568172639,0.9924737671291974,3.2841873209947505,30.843229446946204,0.1061537521284234,0.1929328160684864,0.9848304726357265,8.477782699472547,1,39.188711293719436,0.31936193244100114,4.614850870345187,0.2571915411157454,0.4091113079789019,0.3578899463422141,0,MEDIUM
42.768511902638394,0.6587193657047609,1.7612137095673819,0.4193802626440459,0.6348927533803995,1.9608858048217641,40.27682928470113,0.21112269069090536,0.1682008508955333,0.6285887618780774,9.186687247955184,10,43.814988523571564,0.17626160625270068,-5.220913881957047,0.8770205527817811,1.0,0.37879756637111545,0,MEDIUM
38.93290386163298,0.6860940425148763,18.227650793729474,0.4333779024609847,0.8444738007741923,6.14261595179994,37.27008118417974,0.28210268100073643,3.381738065058481,0.8978335592658675,32.3351414819308,6,38.991924718985864,0.39329322041716225,15.311047939943071,0.5763363200961497,1.0,0.6691019922608632,1,HIGH
56.01964662454474,0.4787879527181522,1.6429958291213038,0.5408737648311189,0.4747219188939507,2.074880426568212,45.8255310397986,0.08156735316852762,0.6222749232925994,0.9509313405390141,4.224972027246766,4,54.817866040021144,0.30633972841050455,-5.524316906122586,1.0,0.4489988810898706,0.3919840641062937,0,MEDIUM
23.102328670171403,0.8547311025152298,9.195807421301167,0.288661876554554,0.7408866507337954,3.75900201285537,25.34244304175872,0.6166410490850792,0.16909126603552593,1.1253506866641199,16.286201265881754,2,17.956117451092226,0.31076221024068296,6.179818608954679,0.8160355751569217,0.7914480506352702,0.5848379186383228,1,HIGH
57.06547625543095,0.3590026148527315,1.7674613470628082,0.6437670633023904,0.7294401939388053,3.5528128361690854,46.59253378563756,0.1296085594149898,0.14503030981458082,1.102430180606115,4.22584549112859,3,57.19606773802427,0.2195593883757223,-3.891381294137215,0.5853410165181577,0.3790338196451436,0.31293043806059373,0,MEDIUM
56.04490905485034,0.467438519040375,4.828650594733997,0.6532439446289455,0.3945456119506899,1.7303401681164625,44.08742861158628,0.13719928631841394,1.582461422049869,0.8495836398072907,10.740349008148641,4,51.70072824110946,0.15912916643764466,-0.8008051927957504,1.0,0.7096139603259457,0.5034260363274096,0,MEDIUM
74.76165407141394,0.24236950501520746,5.665331701725867,0.7275714230981617,0.8250390161447009,3.1944297769730787,66.8113697054352,0.36788640506825887,0.7327245790743506,0.8451588122332161,15.106781363488071,10,59.71117400301162,0.11172654506592215,-2.0088481572643837,0.38362622829055243,1.0,0.5535500596127199,1,HIGH
80.86024676469478,0.25914810066384536,0.6728463947910639,0.7842520759159093,0.7490901079349952,3.0633917064763607,67.05408348312415,0.17435261591594564,0.09776868806846328,1.2613948597676006,6.293744647408387,7,69.04133185267176,0.09683573965472074,-6.9504625047431565,0.5059388884294299,0.7417497858963356,0.18101138981316528,0,LOW
47.43751477655604,0.5164069136302637,2.167080769293019,0.5653165246441195,0.9054830398498335,2.458511727068961,50.73972480621066,0.12347359421320178,1.7436435322177262,0.9412183201048132,4.438949456480876,1,37.77211586726778,0.11163812183832061,-3.423486101579856,0.39997889704038164,0.24755797825923506,0.42699990757577266,0,MEDIUM
35.69832619487697,0.6122213069784239,2.5779052623318113,0.497100932169638,0.8712218373981734,3.7055158630774465,31.272829418513876,0.2744145364412948,0.4694529169862988,1.022849983830401,4.719584797900634,1,24.580241640280292,0.14131097485681235,-0.174342680775317,0.4992778973919519,0.2587833919160254,0.3104959320934075,0,MEDIUM
32.04346627195303,0.7228380187653489,4.555243371090275,0.3038122080357466,0.9333739179210676,2.4500038793216223,27.687471759010116,0.29785984369146395,3.6343027593643544,1.1570497280049228,5.574316446737345,3,25.739213523901906,0.5395918862101422,1.0688602926144153,0.46135813250107305,0.43297265786949385,0.3883936539191579,0,MEDIUM
26.543026119914114,0.8046632721761575,7.0501228332905805,0.27680811893773655,0.5569966998746446,2.695253397549446,25.225028230713882,0.35076050799585945,0.264761568146518,0.9840996663922038,13.703014343979895,2,25.56980896428876,0.46160695890116227,4.91649261544372,1.0,0.6881205737591958,0.5260931762088222,0,MEDIUM
14.900044486917114,0.7975319395430848,19.338783506196446,0.1988752979621049,0.5535256949214737,4.525588694196474,10.913476024915338,0.17022441633109905,0.6020073732806377,0.9696680155662956,24.840902177927425,3,10.727504950108662,0.3515404129895703,17.160604721049147,1.0,1.0,0.7495459320121415,1,HIGH
39.10807820095063,0.6040331642823036,3.345023079033763,0.36610480134364504,0.7666272855332125,4.122656770162957,39.213403245199984,0.19337305714022235,0.15205747980333706,0.9369336235114216,5.0049567331480365,3,34.733965672956955,0.055216742095864135,-1.861019465126394,0.652075653841333,0.4101982693259215,0.33651539352437415,0,MEDIUM
32.97105383111658,0.585614210997502,15.936445035639874,0.4411338608255298,0.7305156636954713,3.0661000298381715,33.21370524877959,0.19088367787757432,0.4634348759868829,0.8981854001036542,33.110313032948625,11,27.99153263667169,0.17986183714127582,11.087876509246508,0.6970336099555441,1.0,0.7575137518612708,1,CRITICAL
92.14547779864462,0.05,3.3679994869613217,1.070862212393795,0.8954695749035045,0.17299831060851428,81.97356927100414,0.2049897907754488,0.15538986180647274,1.0285805054342687,4.912784656332226,1,93.44002989510024,0.4020202981353216,-6.401313240654013,0.18179563764474319,0.2665113862532891,0.24862146859509712,0,LOW
57.40525023125373,0.44198426820056097,1.5655812050740223,0.6338305336730494,0.7260769005091695,6.4784628395506925,62.12850694132703,0.044522419703061464,0.2936470348656416,0.6355072679985707,7.003211999137035,6,53.71847419055522,0.6930727953834761,-5.7017138405397905,0.6318767833365262,0.7001284799654814,0.5498191309439787,0,MEDIUM
39.518548317593144,0.6535269453244392,4.606974384373719,0.4168575665850509,0.8527257847957316,6.424329537588579,36.82084007921648,0.25886503331341243,0.25162147276519414,0.927776706786339,13.00108166937611,8,30.137877889285985,0.3966254358960137,2.069740431121381,0.5476747954686223,1.0,0.5162600675213904,0,MEDIUM
59.33974608446416,0.42756788388229644,1.1359385425712636,0.622211998363396,0.7480045173706842,4.152414626236464,58.03988412454929,0.23507168945091333,0.26624836343754665,1.108050176571397,4.95035971868561,5,50.603563538042216,0.4068294740674326,-4.102407586754168,0.591777165885122,0.5480143887474245,0.4005292541940051,0,MEDIUM
21.83171961438412,0.6257178664358094,4.662331327017978,0.2298664577164151,0.6743608854153963,3.0314789625682073,23.35421968827451,0.17670244520917816,2.8006279779787056,1.0847357978730412,9.029196424025473,1,22.05102797945054,0.5609367092919532,0.740051960131586,0.8013176050948103,0.43116785696101895,0.5636668956253594,1,HIGH
47.74371868218725,0.4944948587720095,3.4729769935996715,0.6409124150721659,0.9415867709696427,8.156078076534198,46.146124926194574,0.1806612362083789,0.03136404679642121,1.2822129328651317,11.323644645981421,11,33.512092651632344,0.7436839092660185,-3.905877807340918,0.33486727293154067,1.0,0.4749710517932729,0,MEDIUM
63.22991732079043,0.1902330059880092,4.488821801862433,0.7978968186927847,0.7679731269535697,4.932966759992693,55.18267123073464,0.20789589318274843,0.5495118794411377,1.1674835018017704,13.956457418367613,10,51.43864383060994,0.5415462569033322,-0.5930204993550703,0.4431568125636501,1.0,0.6880033039871007,1,HIGH
51.55631570235837,0.5940129315887511,7.048115789802605,0.6366490954456044,0.8906680629389984,3.402861625533074,36.60026521215532,0.11295473417367818,0.7937727849133007,1.081651541203251,14.26649320919704,11,36.07685569659316,0.1466193197460012,2.80607909033892,0.461004371385878,1.0,0.450265987522795,0,MEDIUM
44.15119805561756,0.47160365287437755,4.672715476129572,0.5736894418612368,0.870766817657352,5.226648411937689,43.76795357022459,0.1299958261235806,0.8648412072284751,1.0057325884041064,13.32287263444458,7,34.80399178969373,0.10388522215140172,-1.7041370342109232,0.4296515999511608,1.0,0.48844713912122645,0,MEDIUM
94.47711305647435,0.15566115819204823,0.994479003812275,0.9717512729338686,0.589326933376667,2.8765122349489953,100.0,0.042157553530946655,1.1237155611531537,0.9086933595347466,9.603435054769921,11,59.16161113868556,0.3619802332394972,-9.323786720273363,0.6938401790310236,1.0,0.5125389310951982,0,MEDIUM
84.8267547826588,0.22740202366814366,7.3222520583369475,1.0255736233721489,0.6750877653678657,2.4161999924769297,75.33413615361356,0.24271823441273843,1.1449176016554496,1.1006536506956976,16.268612883739976,10,84.33363144161055,0.07213391342169058,-0.16152393160308454,0.6010693637822733,1.0,0.507739415179172,0,MEDIUM
62.98950644355241,0.29805770736159093,12.65152294643831,0.7118022846084856,0.8786874555327948,1.2954840348253733,52.653398030199035,0.3543071959857772,2.489866490471013,1.0646979061668882,16.109788876623266,9,65.52235154616898,0.3454107679518436,2.6574900949795692,0.3309976703816032,1.0,0.6025541244288699,1,HIGH
58.397075700494035,0.32540644689364,3.710112054866924,0.7540351983144664,0.8983140336904977,4.750184945754723,53.00724580333804,0.1277355323443001,1.1273817096054872,0.9251435932744037,9.820771856314716,7,49.95950398065447,0.5619970015716024,-3.6795889736250653,0.3152321729110735,0.8828308742525887,0.412230748505023,0,MEDIUM
62.75614078508964,0.40046820946001066,5.110273336635438,0.6618438671033604,0.9827697913035535,1.3775490193923197,62.21486168278026,0.22057600812908154,1.3884057689102622,0.8265816635452451,10.291075260892864,9,53.30087854855324,0.10364517951289684,-2.067054259403123,0.22607941777467513,1.0,0.2277660584557219,0,LOW
27.111529164906827,0.6613387853762861,4.850200625281007,0.3311915416317245,0.9371696717616328,2.2556349993694482,18.98555834305786,0.14885374084089248,0.6079689395963752,0.9893803709151477,13.491223571145824,10,27.928142674752902,0.49745253077630963,3.3044578833615703,0.42491488504569386,1.0,0.4115561760171473,0,MEDIUM
43.58670817746708,0.5723316895979857,5.613905660359702,0.584544048319307,0.76913937879669,4.492961639124647,45.97895110436341,0.06145959295015882,0.8575918902009765,1.2312013926854202,15.20245838782192,9,33.86507468652344,0.10705475157148996,0.808453213121269,0.6324567766039578,1.0,0.44950804708210285,0,MEDIUM
13.354060295726441,0.8278331897781821,7.593088673767111,0.14703825119684885,0.5343057317693644,6.437053614723214,14.082459435823239,0.3731558492350275,0.5202606994433874,1.0220414759462595,7.821746689867204,2,11.74477399250586,0.09040958728187856,7.431304942471224,1.0,0.45286986759468817,0.5022584282436798,0,MEDIUM
50.42141318638026,0.35329319497894673,1.4774646784306087,0.47058861764989185,0.6143118409714238,0.5899910083956992,46.2121919374336,0.13483116347351182,0.2588320672513115,1.0056795017258737,8.266899089392062,8,49.2499977599033,0.12532207566468326,-4.66810387375567,0.7551788360323377,0.8906759635756826,0.36770911943659745,0,MEDIUM
56.15708963640137,0.2599916621060296,3.4029710453793482,0.6503133681635458,0.9478839888850802,3.147083449540957,42.05893688216729,0.19705212658677207,0.30078300441931183,1.0846333973798017,9.578959120450621,7,46.47475721767138,0.3433895121657056,-1.5994316048513464,0.2081698477253945,0.8731583648180249,0.28364831212621766,0,LOW
29.358727568772814,0.7245474641918397,11.450637319240757,0.31501510819804057,0.8131393335995982,2.301612474128854,28.44045461941467,0.25514439145703527,0.3576958886016717,1.0962641137955038,17.07327587727503,7,20.541542657945822,0.26804594171823226,8.763950390607643,0.6425647316965225,1.0,0.5533821824442293,1,HIGH
91.94245200906867,0.05,4.896011039812581,1.1365123170328009,0.9517082677510864,3.2953126179947194,69.42926370701315,0.061835382542998966,0.33319255110559065,1.049781452436287,8.478693514408215,2,88.79026789108156,0.07530022012825202,-5.547689885886934,0.09743759837337038,0.47914774057632864,0.293208919994164,0,LOW
87.30364192966557,0.08271639535021366,2.164170514509279,1.2008759669948645,0.6325364493946316,1.1845453946952105,78.8368352592061,0.3580531003872031,0.6094167748536832,0.9915839337297577,4.682880815556764,1,63.03418551637514,0.17424919403689318,-7.2596115192515756,0.5925535235831595,0.2573152326222706,0.2535742210714316,0,LOW
71.382175013752,0.3418473569899828,4.279750191805388,0.8157584648406914,0.7487957503220817,2.480505004560926,52.640926928221916,0.30267230498338676,0.2276234783388158,0.8983635913469182,10.584002500278393,4,69.93305716352202,0.41910119428080167,-2.3323324592780685,0.547730053011869,0.7033601000111358,0.47418834211181,0,MEDIUM
55.33786344505582,0.5404967476800374,3.5913239138097843,0.6270306274843326,0.6313088449886083,3.7547030803604606,51.77555131190817,0.13174067238166096,0.5815983471491264,1.2009713448422055,11.935539615514234,7,56.72550883202614,0.2518092825416907,-1.9478477295563512,0.8232851063571063,0.9674215846205694,0.42781354426153506,0,MEDIUM
83.94737857005322,0.13872263659052306,4.702320191696469,1.0302797972698547,0.6414721907367084,2.1025204744182266,69.44359941791767,0.21991689041092385,1.9838522930599052,0.9146076675083019,7.735449648559557,6,70.99617481916974,0.15722744312348316,-3.048002884869168,0.607153032190199,0.7294179859423824,0.385380958133482,0,MEDIUM
21.105449224994345,0.7616976111972676,1.297296731107406,0.20087084955998766,0.35,4.848039906081586,21.789193301555475,0.18843147293783855,0.41665205384145215,1.3144657175723138,9.177522224178164,10,13.13147109051141,0.1281684325793055,0.42258230945531183,1.0,1.0,0.3807807186807449,0,MEDIUM
77.19333251336522,0.2680781175154585,4.783575088605715,0.7925849302997102,0.6366090947723044,5.015467380331609,78.7355356846295,0.07138024734343656,0.20148761346931995,1.0308717211971674,9.767033196123363,2,79.5112951617529,0.1684856567142999,-3.2830680349919916,0.6791254165992726,0.5306813278449345,0.3078010500489846,0,MEDIUM
20.609769187182106,0.6853474625522129,15.952027656203896,0.28018768161641644,0.8949777583735783,7.224412384307752,22.65816487621125,0.24304758758799022,0.3407659948454128,1.010538245017729,16.095659483939745,7,20.07589245619902,0.6658197971903397,9.778817062362151,0.500207093715739,1.0,0.7688050305225899,1,CRITICAL
77.50790631669946,0.24277318121282115,1.8470977307095786,0.9572004034211131,0.7758139740609257,4.535043004579283,62.238947198185066,0.04498990829294013,1.6757240306546954,1.1519956839679129,9.916864048223495,10,50.59806697914912,0.25366852299015163,-7.660138854883584,0.4576656295150221,1.0,0.45911680484045214,0,MEDIUM
33.44024330136534,0.7097484447321188,13.020091722858663,0.30321005022108655,0.8249003302861042,2.3207717250517494,24.234827742491508,0.25406189928421175,2.2736940539206096,0.8693627693165953,26.802133864701123,11,29.535239982676977,0.2542587104512857,7.381023630414372,0.6175237269369032,1.0,0.5880044400866962,1,HIGH
84.55269938654605,0.20889142280794984,3.633010748195443,0.847482474819478,0.689154386077352,1.6283888246643883,74.1697383327377,0.05991976732133152,1.7420803480803557,1.1147734481971665,13.665249103374634,9,62.740258214050414,0.43625489708640847,-7.037440859844397,0.5707141322879469,1.0,0.34067118542075336,0,MEDIUM
90.24357797515881,0.05,2.5108165823617417,1.1203005920825453,0.8255869982643562,7.294231836151544,66.18115072758877,0.3170562225324686,0.27100920872609024,1.023051651040162,3.9373854975787825,2,67.56071990466386,0.33277627228153667,-6.752826806308125,0.2866195026034657,0.2974954199031513,0.3529734286385883,0,MEDIUM
22.647657399434827,0.7126150044209365,4.603570414920058,0.29038817287510527,0.7960671574896242,2.3630157847301696,17.470400336686836,0.3365928018024347,0.3926164797462368,1.0821762684569152,14.983711022897188,10,19.50276723086451,0.2560793141516575,2.9700990205318902,0.662206765976032,1.0,0.49992451182471076,0,MEDIUM
49.32742643055845,0.4364646754685382,11.411251078454505,0.6510873942904213,0.8767391549351267,4.685269687878467,46.31451001338057,0.2184273623538158,2.9489887461190047,0.8632810992243831,24.689515021983773,11,45.3982997880351,0.3505370627315592,4.574641556237543,0.4031236053315791,1.0,0.7267738216050137,1,HIGH
93.38392714382823,0.07415168491445477,2.0555124302819734,0.9768784308951814,0.5666234861575432,3.172609319507491,87.48695071329935,0.18660768140323586,0.31307500116620957,0.8614059173944688,6.746497446509735,5,56.5024327951119,0.20876049154525472,-6.184133944035759,0.6871406132209126,0.6198598978603894,0.4411275752421056,0,MEDIUM
51.08963205771746,0.5275632458042641,13.216273589487013,0.6976362306146264,0.780004201977767,2.6270261421967365,36.64817639848175,0.37526013786542683,0.1186699797231235,0.633496482671367,28.512356025663795,11,34.16377757413881,0.11600840231899874,9.304222413020659,0.5937753199354816,1.0,0.767279460008367,1,CRITICAL
83.40153941373633,0.28572143845831527,7.973304155857658,0.9811969654158252,0.696581651111581,2.3787184640989647,73.1566528223925,0.2230625065036817,0.26513353785419397,0.9085493116128466,8.813534010998652,2,83.92368888463928,0.14087734076551323,2.5798911458436193,0.5979882425617862,0.49254136043994606,0.3216931768289673,0,MEDIUM
60.042179381162185,0.3599809677589323,2.8300642890832712,0.7494882190714257,0.7857587658940292,2.4412090631072094,54.76371991416564,0.06246081758804385,2.6588897935847564,0.8980587231633532,3.648237319106756,1,49.399487035763975,0.2542699159960462,-1.782417406642704,0.5013523350384224,0.21592949276427026,0.3057456020163023,0,MEDIUM
41.903042173166156,0.5411637784036013,4.39194131060923,0.5021532482256639,0.8897779439735201,7.520468267186729,33.82454189753695,0.2340899510803579,0.430112839338762,0.86652593307884,14.38899438537567,11,34.41683770409451,0.43381942869773127,1.7488196582150974,0.43591497324152056,1.0,0.5860356123777348,1,HIGH
34.291602219698966,0.7490577393133102,0.8021286594635875,0.3296691856339216,0.7880331242018803,3.0323204178832213,35.965624718299296,0.21101839893444707,2.1730506767951847,0.9769076571372843,6.5038204121398815,7,33.54204567885498,0.318101814071183,-2.3641994184551107,0.6924791833538346,0.7501528164855953,0.21814957799882895,0,LOW
27.27396274231742,0.7509865276592502,5.589697315669689,0.3768054313640715,0.8334998232025719,7.299265121526599,20.849293325120684,0.08709525266261026,0.08792530191617762,1.012853074322743,9.796680169536476,2,17.952233014744845,0.7056329321174588,1.4530018164846266,0.6252435290257673,0.531867206781459,0.4667444691221506,0,MEDIUM
74.75284626710426,0.35388365822399537,3.6381890607551646,0.7187021130729827,0.9425467853187701,3.678605109077022,59.91894542560091,0.319139042878169,1.162137343937778,1.0999482538461314,10.478317054880792,6,68.85850507276245,0.05,-4.2582011788958205,0.2631216511338425,0.8391326821952317,0.32820800404360767,0,MEDIUM
42.85594307995737,0.5945388094412132,10.836339870216133,0.44031952079994563,0.7540801764214345,5.025933198144854,32.69041764177611,0.22444744776321834,0.07839320669140386,1.1131578572483771,18.96783889790995,7,35.476215418183955,0.06018343295268322,8.126006324878283,0.6661491400884547,1.0,0.6897233963607441,1,HIGH
53.458414287063846,0.37284652763229986,12.341444516327128,0.6986020100659027,0.9249185992287217,4.646372169674074,39.91304929583071,0.18243917032524704,0.17601447720871424,1.1300957020755047,14.039255148692277,1,49.91492309627292,0.21735395476000488,6.721564241115854,0.29904536497306744,0.6315702059476911,0.6022441186666757,1,HIGH
51.847665800100465,0.37487307361677086,7.694945023362442,0.6269930348252377,0.8830359896381228,5.992160028604236,54.52257365112892,0.08644200013389827,0.7659032122792587,1.1384599090796081,21.836892655775266,11,46.95689081102964,0.07624266935672276,2.800243470981881,0.36288255235120126,1.0,0.5632349204101964,1,HIGH
59.068717484816155,0.2851918452271241,8.600684194711748,0.7791604386620978,0.35,2.0605621964855474,47.91321604820557,0.31566839851180334,0.4560050934725002,1.055062599151704,20.099467686562047,9,53.15700128020968,0.4260686636994771,3.992904953477684,1.0,1.0,0.5964454242917372,1,HIGH
83.57405737808693,0.21722357299980855,2.597744136973214,0.9676773453984236,0.8944529008115477,4.058255088142724,82.65554570868191,0.3553017367081641,0.8789080379668706,1.011045376622758,8.45734148699451,6,82.33858580827788,0.12954992823125755,-5.576517702990362,0.2669324352825827,0.7582936594797804,0.4422241102922566,0,MEDIUM
93.3628442045915,0.16145930380104567,0.8500982313676688,1.0162514013399238,0.638385224612706,5.207677700314335,81.33705109255082,0.2472923768127575,2.901664507426475,1.18582072179039,2.1685110099590568,2,79.15777853715672,0.22864126265948914,-8.846750011225273,0.6231518149814639,0.22674044039836228,0.331918544262572,0,MEDIUM
44.64465772877444,0.701502394023166,6.063690599302033,0.6075793035895796,0.7626734541871568,6.908780006203413,42.60660197261017,0.2277294706831419,0.0433231492571226,1.138657169961348,8.279034696846443,1,34.980533109777845,0.1691645097003459,0.6365625544586294,0.7067410157308478,0.40116138787385774,0.5790337455404501,1,HIGH
